claim_id,customer_name,claim_type,claimed_amount,document_count,has_description,days_since_policy_start,prior_claims_count,claim_class,is_fraud
SYNTH-000000,Robert Brown,business,293108.57,4,0,7,3,high_value,0
SYNTH-000001,Mary Smith,business,688819.82,2,1,24,1,high_value,0
SYNTH-000002,Michael Silva,health,60002.68,2,1,41,1,simple,1
SYNTH-000003,Elena Garcia,life,635783.25,3,1,112,0,high_value,0
SYNTH-000004,Elena Sharma,business,133376.34,4,1,138,1,complex,0
SYNTH-000005,Wei Rodriguez,health,65159.35,1,0,288,0,simple,0
SYNTH-000006,Richard Williams,health,80632.36,3,1,419,5,simple,0
SYNTH-000007,Barbara Miller,home,54197.44,1,1,47,1,simple,0
SYNTH-000008,John Davis,business,534755.53,3,0,194,0,high_value,0
SYNTH-000009,Jennifer Khan,health,136326.29,2,1,202,3,simple,0
SYNTH-000010,Sofia Williams,motor,36075.36,3,1,7,1,simple,0
SYNTH-000011,Joseph Nakamura,home,116679.17,3,1,149,3,simple,0
SYNTH-000012,Liam Sharma,motor,44863.51,1,1,13,0,simple,0
SYNTH-000013,John Miller,health,77998.74,3,1,63,1,complex,0
SYNTH-000014,Richard Kim,home,35833.45,1,1,318,4,simple,0
SYNTH-000015,William Silva,life,742425.12,4,1,31,2,high_value,0
SYNTH-000016,Priya Novak,home,14266.0,2,1,15,2,simple,0
SYNTH-000017,Jennifer Silva,health,67167.38,5,1,42,0,complex,0
SYNTH-000018,Priya Rodriguez,home,26343.71,2,0,39,1,simple,0
SYNTH-000019,Arjun Rodriguez,home,47301.91,5,1,156,1,high_value,0
SYNTH-000020,James Rodriguez,business,411997.43,1,1,216,1,high_value,0
SYNTH-000021,Sofia Martinez,home,27440.43,2,1,86,0,simple,0
SYNTH-000022,Jennifer Costa,business,418210.77,2,1,331,0,high_value,0
SYNTH-000023,Barbara Martinez,health,53070.67,3,1,129,2,simple,0
SYNTH-000024,John Novak,life,312541.24,3,0,49,1,high_value,0
SYNTH-000025,Liam Novak,health,111698.09,3,1,21,2,simple,0
SYNTH-000026,Michael Miller,home,40400.19,1,1,21,2,simple,0
SYNTH-000027,Joseph Costa,business,230512.74,3,1,125,3,high_value,0
SYNTH-000028,Fatima Davis,travel,18024.95,3,0,267,2,simple,0
SYNTH-000029,Linda Williams,home,95774.32,3,1,2,1,simple,0
SYNTH-000030,Liam Novak,health,120863.06,3,1,316,4,simple,0
SYNTH-000031,Fatima Novak,life,383800.23,2,1,97,3,high_value,0
SYNTH-000032,Patricia Silva,life,512421.25,4,1,143,1,high_value,0
SYNTH-000033,Liam Brown,motor,32871.78,8,1,190,1,complex,0
SYNTH-000034,Linda Miller,health,55643.51,2,1,75,1,simple,0
SYNTH-000035,Joseph Davis,life,497346.58,1,1,4,1,high_value,0
SYNTH-000036,Mary Smith,health,34321.94,4,1,6,1,complex,0
SYNTH-000037,Jessica Novak,health,78099.75,5,1,69,0,complex,0
SYNTH-000038,James Nakamura,life,134999.78,4,1,20,0,complex,0
SYNTH-000039,Amara Novak,motor,46415.71,6,1,65,0,complex,0
SYNTH-000040,Kenji Johnson,life,369375.81,1,1,14,0,high_value,0
SYNTH-000041,Priya Garcia,business,109710.71,3,1,81,1,simple,0
SYNTH-000042,Wei Williams,health,60153.84,3,1,56,2,simple,0
SYNTH-000043,Fatima Davis,business,425555.54,1,1,123,0,high_value,0
SYNTH-000044,Fatima Costa,home,96872.84,5,1,340,3,complex,0
SYNTH-000045,Linda Rodriguez,motor,17519.37,1,1,11,1,simple,0
SYNTH-000046,Elena Williams,travel,16813.82,1,0,202,0,simple,0
SYNTH-000047,John Miller,health,33276.88,6,1,166,3,complex,0
SYNTH-000048,Linda Khan,home,124233.27,6,1,279,2,complex,0
SYNTH-000049,Wei Costa,motor,74203.06,1,1,282,0,simple,0
SYNTH-000050,Patricia Jones,health,51483.21,5,1,47,4,complex,0
SYNTH-000051,William Martinez,motor,43251.66,1,0,69,2,simple,0
SYNTH-000052,William Costa,home,47023.18,2,1,10,1,simple,0
SYNTH-000053,Sofia Silva,travel,33027.9,2,1,517,1,simple,0
SYNTH-000054,William Garcia,motor,65468.79,4,0,180,1,complex,0
SYNTH-000055,Patricia Williams,business,603863.27,2,1,75,0,high_value,0
SYNTH-000056,Fatima Jones,business,173226.7,3,1,392,1,simple,0
SYNTH-000057,Omar Johnson,travel,35423.47,2,0,420,0,simple,0
SYNTH-000058,Elena Silva,motor,73667.85,2,1,96,3,simple,0
SYNTH-000059,Jennifer Garcia,home,81658.72,3,1,39,3,simple,0
SYNTH-000060,Susan Davis,travel,15746.76,2,0,105,0,simple,0
SYNTH-000061,Mary Novak,motor,87229.07,6,1,290,4,complex,0
SYNTH-000062,Omar Davis,life,796185.96,1,1,3,3,high_value,0
SYNTH-000063,John Rodriguez,life,499376.11,6,0,6,5,high_value,0
SYNTH-000064,Arjun Sharma,motor,81243.03,3,1,369,1,simple,0
SYNTH-000065,William Johnson,health,81582.16,2,0,133,2,simple,0
SYNTH-000066,Susan Costa,health,104090.9,4,1,3,3,complex,0
SYNTH-000067,Amara Silva,health,35377.3,1,1,51,1,simple,0
SYNTH-000068,Kenji Miller,health,60441.81,5,1,237,1,complex,0
SYNTH-000069,Wei Sharma,motor,78375.65,4,1,47,1,complex,0
SYNTH-000070,Elizabeth Silva,business,142436.08,1,1,19,0,simple,0
SYNTH-000071,Susan Nakamura,motor,52172.1,3,1,132,0,simple,0
SYNTH-000072,Richard Smith,business,214926.42,1,1,22,0,high_value,0
SYNTH-000073,Sofia Sharma,motor,26194.69,1,1,74,0,simple,0
SYNTH-000074,Omar Garcia,travel,17937.94,2,1,192,1,simple,0
SYNTH-000075,David Williams,business,572109.89,2,0,196,1,high_value,0
SYNTH-000076,James Johnson,life,294263.29,3,1,74,1,high_value,0
SYNTH-000077,Joseph Silva,life,318224.77,4,1,71,1,high_value,0
SYNTH-000078,Richard Davis,business,250656.59,1,1,46,0,high_value,0
SYNTH-000079,Linda Garcia,life,355585.24,3,1,186,1,simple,0
SYNTH-000080,Patricia Kim,business,363930.47,3,1,40,1,high_value,0
SYNTH-000081,Wei Sharma,life,485175.37,4,1,19,0,high_value,0
SYNTH-000082,Arjun Kim,travel,12223.82,2,1,272,0,simple,0
SYNTH-000083,Linda Rodriguez,life,458138.19,2,1,60,3,high_value,0
SYNTH-000084,Amara Martinez,home,50939.76,5,1,24,1,complex,0
SYNTH-000085,Robert Jones,life,448592.17,1,1,113,0,high_value,0
SYNTH-000086,Susan Silva,life,491487.07,2,1,6,1,high_value,0
SYNTH-000087,Susan Nakamura,motor,16878.68,4,1,171,1,complex,0
SYNTH-000088,James Khan,home,77113.94,4,1,157,1,high_value,0
SYNTH-000089,Susan Davis,motor,17216.34,4,1,27,0,complex,0
SYNTH-000090,David Nakamura,travel,12348.32,5,1,203,1,complex,1
SYNTH-000091,Wei Smith,business,330179.67,3,1,275,1,high_value,0
SYNTH-000092,Susan Jones,travel,37702.25,3,1,48,0,simple,0
SYNTH-000093,Joseph Sharma,travel,31750.03,4,1,44,0,complex,0
SYNTH-000094,Susan Rodriguez,motor,59614.65,1,1,101,2,simple,0
SYNTH-000095,Barbara Davis,health,99516.61,2,1,60,1,simple,0
SYNTH-000096,James Davis,business,232838.14,5,0,50,0,high_value,0
SYNTH-000097,Jessica Brown,life,762235.88,4,1,105,2,high_value,0
SYNTH-000098,Barbara Garcia,home,142700.62,5,1,103,1,complex,0
SYNTH-000099,Jennifer Martinez,home,117739.47,3,1,502,1,simple,0
SYNTH-000100,Richard Nakamura,health,116404.42,4,1,48,1,complex,0
SYNTH-000101,Linda Brown,business,276742.38,4,1,160,1,high_value,0
SYNTH-000102,Patricia Johnson,business,325723.87,1,1,82,2,high_value,0
SYNTH-000103,Sofia Sharma,motor,48313.32,1,1,130,0,simple,0
SYNTH-000104,Barbara Kim,health,126440.03,2,1,692,1,simple,0
SYNTH-000105,Sofia Rodriguez,business,135127.37,3,1,25,0,simple,0
SYNTH-000106,Susan Rodriguez,home,83575.43,1,1,179,1,simple,0
SYNTH-000107,Joseph Davis,motor,40316.21,2,1,24,3,simple,0
SYNTH-000108,Jessica Sharma,travel,26007.24,1,1,20,2,simple,0
SYNTH-000109,William Rodriguez,life,301519.51,2,1,13,1,high_value,0
SYNTH-000110,Kenji Silva,home,105576.78,1,0,33,3,simple,0
SYNTH-000111,Amara Novak,travel,26833.08,3,1,10,0,simple,0
SYNTH-000112,Amara Davis,travel,5560.84,2,1,267,1,simple,0
SYNTH-000113,Barbara Silva,motor,31079.78,3,1,63,1,simple,0
SYNTH-000114,Elizabeth Rodriguez,business,261218.64,4,1,269,2,high_value,0
SYNTH-000115,Arjun Garcia,life,326718.35,3,0,216,2,high_value,0
SYNTH-000116,Elena Costa,life,328581.38,1,1,294,0,high_value,0
SYNTH-000117,Linda Khan,home,95726.61,4,1,1,0,complex,0
SYNTH-000118,Mary Johnson,life,751527.69,4,1,294,1,high_value,0
SYNTH-000119,Elena Novak,home,88861.4,1,1,21,1,simple,0
SYNTH-000120,Joseph Sharma,health,74777.73,2,1,52,1,simple,0
SYNTH-000121,Patricia Williams,life,482559.05,4,1,3,0,high_value,0
SYNTH-000122,Robert Jones,travel,24411.74,1,1,109,1,simple,0
SYNTH-000123,Arjun Silva,home,41283.45,2,1,139,1,simple,0
SYNTH-000124,Richard Kim,home,131849.08,4,1,11,1,complex,0
SYNTH-000125,Fatima Johnson,travel,41029.7,2,1,247,3,simple,0
SYNTH-000126,Sofia Miller,home,137775.39,2,1,527,1,simple,0
SYNTH-000127,John Garcia,motor,56694.25,4,1,143,0,complex,0
SYNTH-000128,Mary Davis,health,117167.33,7,1,108,0,complex,0
SYNTH-000129,Liam Davis,motor,22142.7,2,1,154,0,simple,0
SYNTH-000130,Michael Silva,motor,33955.98,5,1,31,0,complex,0
SYNTH-000131,Robert Williams,health,106963.11,1,1,249,4,simple,0
SYNTH-000132,Fatima Martinez,health,92384.84,6,1,65,1,complex,0
SYNTH-000133,William Costa,travel,10306.54,2,0,31,0,simple,0
SYNTH-000134,Susan Sharma,home,19857.43,4,1,359,1,complex,1
SYNTH-000135,Fatima Smith,home,77715.03,4,1,567,0,complex,0
SYNTH-000136,Jennifer Novak,business,646618.82,3,1,23,0,high_value,0
SYNTH-000137,Fatima Silva,home,52984.5,2,1,417,3,simple,0
SYNTH-000138,Susan Sharma,business,301980.14,4,1,30,2,high_value,0
SYNTH-000139,Amara Novak,motor,19675.1,2,1,263,4,simple,0
SYNTH-000140,Mary Kim,motor,19259.82,2,1,154,1,simple,0
SYNTH-000141,Richard Costa,health,43599.3,2,1,82,1,simple,0
SYNTH-000142,Michael Costa,health,100002.43,3,1,253,4,simple,0
SYNTH-000143,Mary Miller,motor,67779.34,4,1,255,1,complex,0
SYNTH-000144,Amara Novak,motor,66691.0,1,1,163,0,simple,0
SYNTH-000145,Amara Garcia,health,99054.08,2,0,40,3,simple,0
SYNTH-000146,Patricia Kim,motor,51716.86,2,1,171,2,simple,0
SYNTH-000147,Elizabeth Costa,health,77624.59,4,1,42,1,complex,0
SYNTH-000148,Linda Kim,business,385700.14,2,1,246,3,high_value,0
SYNTH-000149,Kenji Jones,home,121218.07,1,0,2,1,simple,0
SYNTH-000150,Omar Costa,health,92784.55,4,1,72,0,complex,0
SYNTH-000151,Fatima Novak,motor,63847.62,2,1,136,1,simple,0
SYNTH-000152,Elena Nakamura,life,825811.16,3,1,122,1,high_value,0
SYNTH-000153,Linda Nakamura,travel,44910.0,3,1,3,1,simple,0
SYNTH-000154,Jessica Nakamura,life,710588.91,5,1,223,2,high_value,0
SYNTH-000155,Robert Novak,travel,6049.8,4,1,16,1,complex,0
SYNTH-000156,Patricia Kim,health,41835.91,1,0,104,0,simple,0
SYNTH-000157,Susan Jones,health,96274.12,2,1,9,1,simple,0
SYNTH-000158,Amara Nakamura,health,74481.52,4,1,78,0,complex,0
SYNTH-000159,Arjun Nakamura,business,238696.35,3,0,145,1,high_value,0
SYNTH-000160,Arjun Johnson,motor,34500.25,1,1,51,0,simple,0
SYNTH-000161,Linda Williams,home,36151.96,2,0,140,1,simple,0
SYNTH-000162,Patricia Kim,travel,12458.9,2,1,3,1,simple,0
SYNTH-000163,Omar Johnson,life,467788.09,6,1,270,2,high_value,0
SYNTH-000164,Susan Garcia,motor,52352.43,2,1,7,0,simple,0
SYNTH-000165,Liam Davis,life,263237.51,4,1,187,2,high_value,0
SYNTH-000166,William Kim,travel,28691.53,4,1,136,0,complex,0
SYNTH-000167,Elizabeth Garcia,motor,12652.11,5,1,50,2,complex,0
SYNTH-000168,Sofia Silva,health,106457.96,6,1,38,2,complex,0
SYNTH-000169,Richard Novak,business,406445.27,3,1,287,0,high_value,0
SYNTH-000170,Amara Martinez,health,45092.1,4,1,245,1,complex,0
SYNTH-000171,Fatima Johnson,health,54416.19,2,1,418,0,simple,0
SYNTH-000172,Elena Davis,home,106120.9,2,1,420,1,simple,0
SYNTH-000173,William Jones,home,35127.81,2,1,211,1,simple,0
SYNTH-000174,Omar Kim,business,403418.56,2,0,4,2,high_value,1
SYNTH-000175,Elizabeth Sharma,health,102863.29,4,1,37,0,complex,0
SYNTH-000176,Barbara Costa,business,361142.9,1,1,15,2,high_value,0
SYNTH-000177,Jessica Martinez,home,87520.02,1,1,19,2,simple,0
SYNTH-000178,John Jones,business,659302.74,5,1,18,0,high_value,0
SYNTH-000179,Omar Khan,life,346243.2,4,1,133,2,high_value,0
SYNTH-000180,Barbara Rodriguez,health,83798.48,7,1,320,2,high_value,0
SYNTH-000181,Liam Davis,home,106415.2,2,1,128,1,simple,0
SYNTH-000182,Wei Davis,travel,43924.69,6,0,47,4,complex,0
SYNTH-000183,Elizabeth Silva,business,526442.5,2,0,47,1,high_value,0
SYNTH-000184,Jessica Brown,health,84105.16,2,0,56,0,simple,0
SYNTH-000185,Barbara Silva,health,27255.17,4,1,238,1,complex,0
SYNTH-000186,Patricia Novak,home,22795.49,3,1,91,3,simple,0
SYNTH-000187,Barbara Miller,home,166207.56,1,1,26,0,simple,1
SYNTH-000188,Liam Khan,travel,26124.63,3,1,326,1,simple,0
SYNTH-000189,William Miller,home,85107.69,2,1,194,1,simple,0
SYNTH-000190,Michael Smith,health,75461.48,3,1,23,1,simple,0
SYNTH-000191,Fatima Miller,health,67717.69,2,1,35,3,simple,0
SYNTH-000192,Linda Sharma,health,22139.37,6,1,113,3,complex,0
SYNTH-000193,Robert Jones,life,309823.23,5,1,117,1,high_value,0
SYNTH-000194,James Jones,home,50551.9,3,1,2,2,simple,0
SYNTH-000195,James Garcia,health,44617.03,4,1,142,1,complex,0
SYNTH-000196,Kenji Williams,motor,57587.64,3,0,154,1,simple,0
SYNTH-000197,Joseph Costa,travel,8890.8,2,1,46,0,simple,0
SYNTH-000198,Joseph Smith,life,368897.96,1,1,8,1,high_value,0
SYNTH-000199,Patricia Novak,health,69014.42,4,1,132,3,complex,0
SYNTH-000200,Wei Jones,business,331285.23,1,1,379,0,high_value,0
SYNTH-000201,Amara Sharma,health,83516.82,2,0,71,1,simple,0
SYNTH-000202,Wei Silva,travel,26722.59,4,1,586,3,complex,0
SYNTH-000203,Elena Miller,health,76739.91,2,1,209,2,simple,0
SYNTH-000204,Joseph Nakamura,travel,16415.99,2,1,331,1,simple,0
SYNTH-000205,William Khan,travel,18773.71,7,1,320,0,complex,0
SYNTH-000206,John Williams,life,664254.85,6,1,61,0,high_value,0
SYNTH-000207,Arjun Johnson,travel,27790.45,4,0,237,2,complex,0
SYNTH-000208,Susan Khan,home,122292.16,2,1,18,1,simple,0
SYNTH-000209,Mary Martinez,business,91417.31,4,1,44,1,complex,0
SYNTH-000210,Robert Novak,home,41124.21,4,1,7,2,complex,0
SYNTH-000211,Patricia Rodriguez,life,943696.81,1,1,493,0,high_value,1
SYNTH-000212,Elena Smith,home,46913.96,1,1,12,1,simple,0
SYNTH-000213,Jennifer Rodriguez,home,87769.94,6,1,16,2,complex,0
SYNTH-000214,Jennifer Jones,business,290368.31,4,1,64,1,high_value,0
SYNTH-000215,James Williams,home,61645.33,3,1,1,0,simple,0
SYNTH-000216,Jennifer Khan,business,700445.69,3,1,95,2,high_value,0
SYNTH-000217,John Johnson,motor,42905.93,1,1,160,1,simple,0
SYNTH-000218,William Kim,life,388517.46,7,1,35,1,high_value,0
SYNTH-000219,Michael Costa,business,599111.54,6,1,87,0,high_value,0
SYNTH-000220,Fatima Novak,health,88813.75,2,1,10,1,simple,0
SYNTH-000221,Mary Smith,home,34665.14,1,1,376,1,complex,0
SYNTH-000222,William Martinez,life,340710.58,3,1,22,0,high_value,0
SYNTH-000223,Robert Nakamura,motor,53483.78,2,0,10,1,simple,0
SYNTH-000224,Omar Khan,home,123024.71,2,1,15,3,simple,0
SYNTH-000225,Joseph Williams,health,21848.44,7,1,128,0,complex,0
SYNTH-000226,Susan Martinez,motor,35076.85,3,1,69,2,simple,0
SYNTH-000227,Wei Kim,health,33673.32,3,1,203,3,simple,0
SYNTH-000228,Linda Silva,business,482779.61,5,1,94,2,high_value,0
SYNTH-000229,Kenji Sharma,home,50116.11,3,1,84,3,simple,0
SYNTH-000230,Patricia Costa,life,449012.38,5,1,20,1,high_value,0
SYNTH-000231,Sofia Jones,home,60194.96,3,1,193,0,simple,0
SYNTH-000232,Robert Williams,life,475848.26,3,0,183,1,high_value,0
SYNTH-000233,Fatima Kim,life,615827.9,1,1,164,0,high_value,0
SYNTH-000234,Wei Sharma,business,668761.99,2,1,43,3,high_value,0
SYNTH-000235,Sofia Martinez,business,462104.66,5,1,115,1,high_value,0
SYNTH-000236,Joseph Kim,motor,19811.59,3,1,104,2,simple,0
SYNTH-000237,John Costa,health,82080.72,4,0,7,1,complex,0
SYNTH-000238,Mary Kim,travel,28258.8,3,1,47,1,simple,0
SYNTH-000239,Robert Johnson,home,57197.3,8,1,63,2,complex,0
SYNTH-000240,Amara Williams,travel,24181.85,2,0,3,0,simple,0
SYNTH-000241,Joseph Costa,home,134264.33,2,1,338,0,high_value,0
SYNTH-000242,Richard Silva,home,78989.42,5,1,17,0,complex,0
SYNTH-000243,David Williams,motor,58371.45,4,1,113,0,complex,0
SYNTH-000244,Kenji Jones,motor,60204.8,2,0,7,0,simple,0
SYNTH-000245,Elizabeth Nakamura,motor,31203.03,3,0,170,2,simple,0
SYNTH-000246,Richard Sharma,life,437483.52,1,1,7,1,high_value,0
SYNTH-000247,Liam Costa,life,462663.77,3,1,130,3,high_value,0
SYNTH-000248,Barbara Martinez,health,58966.83,3,1,127,0,simple,0
SYNTH-000249,Michael Davis,life,481918.38,4,1,19,0,high_value,0
SYNTH-000250,Priya Costa,life,317442.51,3,1,236,1,high_value,0
SYNTH-000251,Wei Nakamura,health,85457.11,1,1,73,1,simple,0
SYNTH-000252,Omar Garcia,life,816884.21,5,1,7,2,high_value,0
SYNTH-000253,Linda Kim,business,121324.33,2,1,21,1,simple,0
SYNTH-000254,Arjun Davis,home,88915.49,4,1,72,2,complex,0
SYNTH-000255,Michael Khan,motor,17077.59,4,1,128,2,complex,0
SYNTH-000256,Elizabeth Nakamura,business,679198.55,2,1,188,2,high_value,0
SYNTH-000257,Omar Jones,home,75467.04,4,1,45,2,complex,0
SYNTH-000258,Patricia Costa,motor,89754.87,1,0,24,2,simple,0
SYNTH-000259,Priya Jones,health,60668.84,2,1,195,2,simple,0
SYNTH-000260,Barbara Smith,travel,44931.11,4,0,21,0,complex,0
SYNTH-000261,John Khan,travel,23319.01,3,0,157,0,simple,0
SYNTH-000262,Sofia Sharma,life,704068.13,4,0,206,1,high_value,0
SYNTH-000263,Amara Jones,life,441140.61,2,0,149,1,high_value,0
SYNTH-000264,James Rodriguez,business,237713.4,1,1,71,3,high_value,0
SYNTH-000265,Priya Silva,life,687100.44,3,1,135,1,high_value,0
SYNTH-000266,Linda Silva,health,26708.03,2,1,217,0,simple,0
SYNTH-000267,Jessica Smith,business,416980.27,3,1,4,1,high_value,0
SYNTH-000268,Susan Smith,business,640800.81,7,1,14,1,high_value,0
SYNTH-000269,Liam Williams,home,141031.12,3,1,65,0,simple,0
SYNTH-000270,Priya Costa,home,118281.2,5,1,196,0,complex,0
SYNTH-000271,Richard Khan,home,169099.45,4,0,14,2,complex,0
SYNTH-000272,Linda Brown,motor,30114.5,1,1,75,1,simple,0
SYNTH-000273,Arjun Sharma,home,65587.84,2,1,279,4,simple,0
SYNTH-000274,Amara Novak,business,144917.2,2,1,104,3,simple,0
SYNTH-000275,Joseph Johnson,business,536804.71,2,1,288,3,high_value,0
SYNTH-000276,David Martinez,motor,44558.99,3,1,110,2,simple,0
SYNTH-000277,Mary Miller,home,102705.71,4,1,58,3,complex,0
SYNTH-000278,David Rodriguez,motor,59586.87,2,1,35,1,simple,0
SYNTH-000279,Joseph Nakamura,health,22575.26,1,1,427,1,simple,0
SYNTH-000280,Omar Costa,motor,27413.24,2,1,87,0,simple,0
SYNTH-000281,Wei Garcia,motor,7826.34,1,1,13,1,simple,0
SYNTH-000282,Elizabeth Martinez,home,95178.0,4,1,115,0,complex,0
SYNTH-000283,Barbara Kim,travel,17461.19,5,1,38,1,complex,0
SYNTH-000284,Susan Rodriguez,health,58360.17,7,1,121,0,complex,0
SYNTH-000285,Sofia Nakamura,business,245617.35,1,1,139,0,high_value,0
SYNTH-000286,James Jones,motor,37352.25,2,1,65,1,simple,0
SYNTH-000287,Linda Khan,home,36467.81,5,1,1,4,complex,0
SYNTH-000288,Liam Kim,motor,22142.03,2,1,18,0,simple,0
SYNTH-000289,Priya Khan,motor,39325.05,3,1,15,1,simple,0
SYNTH-000290,James Garcia,travel,29073.31,5,1,43,2,complex,0
SYNTH-000291,Elena Rodriguez,travel,33054.71,5,1,110,2,complex,0
SYNTH-000292,Jessica Miller,business,201580.77,3,1,20,0,high_value,0
SYNTH-000293,Amara Kim,health,78936.77,2,0,63,1,simple,0
SYNTH-000294,Liam Khan,health,75027.13,3,1,139,0,simple,0
SYNTH-000295,Jennifer Garcia,business,340304.72,1,0,84,2,high_value,0
SYNTH-000296,Robert Davis,motor,12699.74,2,1,169,1,simple,0
SYNTH-000297,Omar Jones,travel,37289.16,2,0,263,3,simple,0
SYNTH-000298,Amara Novak,home,168411.29,3,1,20,1,simple,0
SYNTH-000299,Robert Sharma,home,121813.23,3,1,25,0,simple,0
SYNTH-000300,Robert Garcia,business,280267.02,4,0,17,1,high_value,0
SYNTH-000301,Patricia Costa,life,438212.15,6,1,60,0,high_value,0
SYNTH-000302,Linda Khan,life,430921.52,5,1,244,0,high_value,0
SYNTH-000303,Sofia Rodriguez,home,126660.64,2,1,251,1,simple,0
SYNTH-000304,Sofia Garcia,life,423981.06,5,1,27,1,high_value,0
SYNTH-000305,Kenji Sharma,home,87982.13,7,1,374,0,complex,0
SYNTH-000306,Sofia Rodriguez,home,41734.36,4,0,257,1,complex,0
SYNTH-000307,James Novak,business,408342.25,1,1,77,3,high_value,0
SYNTH-000308,Linda Nakamura,business,263229.46,3,1,378,0,high_value,0
SYNTH-000309,Susan Novak,motor,96274.36,3,1,160,2,simple,0
SYNTH-000310,Amara Sharma,travel,30032.35,5,1,80,0,complex,0
SYNTH-000311,Elena Khan,business,306663.07,1,1,51,0,high_value,0
SYNTH-000312,William Kim,home,129831.91,3,1,42,0,simple,0
SYNTH-000313,Wei Silva,life,444694.22,2,0,9,1,high_value,0
SYNTH-000314,Fatima Sharma,life,307350.99,5,1,77,0,high_value,0
SYNTH-000315,Jessica Martinez,life,528824.83,4,1,263,1,high_value,0
SYNTH-000316,Linda Miller,travel,24122.28,1,0,137,0,simple,0
SYNTH-000317,Sofia Novak,home,114301.31,4,1,179,0,complex,0
SYNTH-000318,William Khan,motor,43379.49,1,1,119,0,simple,0
SYNTH-000319,Michael Khan,travel,29839.63,1,1,85,0,simple,0
SYNTH-000320,Arjun Rodriguez,home,63401.15,1,1,219,0,simple,0
SYNTH-000321,Richard Khan,home,60211.18,2,1,53,0,simple,0
SYNTH-000322,Wei Costa,motor,68347.63,5,1,399,0,complex,0
SYNTH-000323,Omar Novak,travel,27503.56,4,1,21,5,simple,0
SYNTH-000324,David Sharma,home,65670.79,3,1,53,2,simple,0
SYNTH-000325,Fatima Sharma,life,421320.04,2,1,6,2,high_value,0
SYNTH-000326,Elizabeth Novak,home,138013.59,4,1,135,1,complex,0
SYNTH-000327,Fatima Martinez,health,35402.84,4,1,149,0,complex,0
SYNTH-000328,William Davis,business,587633.15,2,1,14,1,high_value,0
SYNTH-000329,Kenji Nakamura,business,540029.38,1,0,57,1,high_value,0
SYNTH-000330,Amara Brown,life,238268.41,3,1,108,0,high_value,0
SYNTH-000331,Amara Miller,life,424742.46,6,0,447,0,high_value,0
SYNTH-000332,Kenji Johnson,travel,4645.13,3,1,2,0,simple,0
SYNTH-000333,Liam Novak,business,494724.19,3,0,42,3,high_value,0
SYNTH-000334,Arjun Sharma,home,148966.12,4,1,8,0,complex,0
SYNTH-000335,Sofia Rodriguez,home,60186.55,3,1,379,5,simple,0
SYNTH-000336,Elizabeth Davis,home,72382.81,1,1,18,2,simple,0
SYNTH-000337,Jessica Sharma,motor,24134.54,4,1,50,1,complex,0
SYNTH-000338,William Martinez,travel,20724.94,2,1,19,0,simple,0
SYNTH-000339,Richard Khan,health,77457.32,3,1,33,2,simple,0
SYNTH-000340,Barbara Kim,life,329804.55,4,1,21,1,high_value,0
SYNTH-000341,Arjun Rodriguez,business,119377.34,6,1,362,4,complex,0
SYNTH-000342,Fatima Davis,home,79770.51,1,1,116,1,simple,0
SYNTH-000343,Linda Johnson,life,642127.79,7,0,152,0,high_value,0
SYNTH-000344,Elena Jones,health,78416.28,3,1,82,0,simple,0
SYNTH-000345,Sofia Novak,health,12820.51,3,1,30,1,simple,0
SYNTH-000346,Elizabeth Johnson,travel,29061.25,1,1,3,2,simple,0
SYNTH-000347,Mary Garcia,health,49212.99,3,1,171,1,simple,0
SYNTH-000348,Richard Novak,travel,30066.27,5,1,99,1,complex,0
SYNTH-000349,Mary Smith,life,311751.2,2,1,84,0,high_value,0
SYNTH-000350,Elizabeth Kim,motor,13877.55,1,1,23,1,simple,0
SYNTH-000351,Priya Kim,business,657341.76,5,1,52,4,high_value,0
SYNTH-000352,Joseph Rodriguez,motor,42245.63,3,1,48,1,simple,0
SYNTH-000353,Fatima Miller,business,138578.57,2,1,63,2,simple,0
SYNTH-000354,Susan Costa,life,565039.26,4,1,39,1,high_value,0
SYNTH-000355,Robert Novak,motor,22713.7,1,0,64,1,simple,0
SYNTH-000356,Elena Rodriguez,motor,86904.84,2,1,31,0,complex,0
SYNTH-000357,Sofia Khan,motor,58479.12,5,1,43,1,complex,1
SYNTH-000358,Jennifer Nakamura,business,525651.69,3,1,502,1,high_value,0
SYNTH-000359,Elizabeth Brown,business,389919.55,2,1,148,0,high_value,0
SYNTH-000360,Linda Jones,business,499805.91,2,1,36,1,high_value,0
SYNTH-000361,Susan Novak,travel,28511.02,2,1,85,2,simple,0
SYNTH-000362,Liam Williams,home,111828.86,6,1,197,0,complex,0
SYNTH-000363,Fatima Brown,home,70353.0,7,1,57,0,complex,0
SYNTH-000364,Arjun Jones,health,94788.13,2,1,219,0,simple,0
SYNTH-000365,Michael Novak,life,572255.47,5,1,409,0,high_value,0
SYNTH-000366,Robert Costa,health,65971.5,4,1,60,0,complex,0
SYNTH-000367,Omar Martinez,travel,35241.38,1,1,41,3,simple,0
SYNTH-000368,Michael Williams,business,407442.08,3,0,134,0,high_value,1
SYNTH-000369,Mary Williams,health,69796.99,2,1,116,1,simple,0
SYNTH-000370,Elena Silva,travel,18969.7,2,0,68,1,simple,0
SYNTH-000371,Richard Nakamura,motor,16114.22,5,1,65,1,complex,0
SYNTH-000372,Sofia Khan,health,48360.55,3,1,87,0,simple,0
SYNTH-000373,Kenji Davis,health,129552.42,1,1,160,1,simple,0
SYNTH-000374,Kenji Silva,health,53472.92,2,1,79,0,simple,0
SYNTH-000375,Robert Rodriguez,home,64583.15,3,1,9,1,simple,0
SYNTH-000376,Omar Silva,life,211984.85,4,1,402,0,high_value,0
SYNTH-000377,Michael Williams,home,108796.79,3,1,109,2,simple,1
SYNTH-000378,Mary Davis,health,37367.79,6,1,62,0,complex,0
SYNTH-000379,Elena Johnson,business,386074.92,3,0,219,0,high_value,0
SYNTH-000380,Kenji Sharma,life,550271.59,2,1,68,0,high_value,0
SYNTH-000381,Elizabeth Jones,home,119624.43,3,1,154,0,simple,0
SYNTH-000382,Arjun Garcia,business,389327.01,4,1,26,2,high_value,0
SYNTH-000383,Barbara Nakamura,business,241538.14,2,1,7,2,high_value,0
SYNTH-000384,Richard Garcia,home,108353.83,4,1,323,1,complex,0
SYNTH-000385,Amara Jones,home,100807.86,3,1,55,2,simple,0
SYNTH-000386,Arjun Costa,travel,15518.3,5,1,34,2,complex,0
SYNTH-000387,John Kim,life,534657.69,2,1,41,1,high_value,0
SYNTH-000388,William Nakamura,motor,33248.63,1,0,81,1,simple,0
SYNTH-000389,Elena Miller,business,488924.85,3,1,20,0,simple,0
SYNTH-000390,James Miller,travel,13064.29,4,1,40,1,complex,0
SYNTH-000391,Jessica Davis,life,452748.68,4,1,44,2,high_value,0
SYNTH-000392,Arjun Sharma,business,285022.11,3,1,59,1,high_value,0
SYNTH-000393,William Khan,motor,27273.74,7,1,134,0,complex,0
SYNTH-000394,Kenji Novak,home,111355.52,1,1,21,0,simple,0
SYNTH-000395,Fatima Davis,motor,57673.47,3,1,2,0,simple,0
SYNTH-000396,Fatima Silva,business,588253.58,2,0,30,2,high_value,0
SYNTH-000397,Linda Novak,motor,16246.41,2,1,385,2,simple,0
SYNTH-000398,Jessica Novak,home,78913.86,3,1,83,2,simple,0
SYNTH-000399,Kenji Novak,travel,22505.62,2,1,49,0,simple,0
SYNTH-000400,Mary Costa,life,563944.36,3,1,85,1,high_value,0
SYNTH-000401,Mary Smith,health,95640.79,1,1,98,2,simple,0
SYNTH-000402,Robert Smith,travel,3797.03,6,0,188,1,complex,0
SYNTH-000403,Liam Novak,life,700745.02,2,1,58,2,high_value,0
SYNTH-000404,James Costa,business,135039.06,4,1,125,0,high_value,0
SYNTH-000405,Amara Silva,business,293485.08,5,1,51,1,high_value,1
SYNTH-000406,Michael Costa,life,376070.57,4,0,29,2,high_value,0
SYNTH-000407,Barbara Nakamura,motor,64711.14,2,1,174,3,simple,0
SYNTH-000408,Liam Williams,travel,22082.6,3,1,22,0,simple,0
SYNTH-000409,Richard Nakamura,business,587821.37,8,1,77,1,high_value,1
SYNTH-000410,Jennifer Williams,travel,13592.35,2,1,66,2,simple,1
SYNTH-000411,Patricia Costa,travel,8768.26,5,1,141,0,complex,0
SYNTH-000412,Fatima Novak,health,120524.89,3,1,142,0,simple,0
SYNTH-000413,Arjun Johnson,motor,49228.12,5,0,11,1,complex,0
SYNTH-000414,Fatima Jones,life,407947.46,1,1,36,0,high_value,0
SYNTH-000415,Fatima Davis,business,577221.0,2,1,131,1,high_value,0
SYNTH-000416,David Nakamura,home,146403.68,6,1,8,0,complex,0
SYNTH-000417,Priya Khan,business,778671.26,5,0,4,1,high_value,0
SYNTH-000418,Wei Nakamura,health,17318.62,4,0,31,0,complex,0
SYNTH-000419,Jessica Davis,motor,61257.38,2,0,217,2,simple,0
SYNTH-000420,Fatima Nakamura,motor,70614.37,6,1,31,3,complex,0
SYNTH-000421,John Williams,health,67935.8,6,1,6,2,complex,0
SYNTH-000422,Kenji Nakamura,motor,36809.81,4,1,125,0,complex,0
SYNTH-000423,Joseph Khan,motor,24789.08,3,1,72,2,simple,0
SYNTH-000424,Arjun Costa,motor,10628.08,8,0,20,1,complex,0
SYNTH-000425,Wei Sharma,travel,38719.67,3,0,3,1,simple,0
SYNTH-000426,Kenji Davis,travel,24786.34,6,0,160,0,complex,0
SYNTH-000427,William Martinez,home,128815.66,1,1,273,2,simple,0
SYNTH-000428,Susan Martinez,motor,68821.67,1,1,8,4,simple,0
SYNTH-000429,Kenji Novak,travel,18480.34,1,1,31,1,simple,0
SYNTH-000430,James Nakamura,home,40314.01,1,1,433,3,simple,0
SYNTH-000431,Joseph Sharma,motor,64155.82,2,1,16,0,simple,0
SYNTH-000432,Robert Martinez,travel,17713.04,1,1,28,1,simple,0
SYNTH-000433,Jennifer Nakamura,motor,35291.95,2,1,79,1,simple,0
SYNTH-000434,Fatima Davis,motor,64648.94,2,1,18,1,simple,0
SYNTH-000435,Patricia Miller,motor,42883.24,1,1,43,1,simple,0
SYNTH-000436,James Kim,home,77822.84,6,1,92,3,complex,0
SYNTH-000437,John Silva,business,216379.49,5,1,235,1,high_value,0
SYNTH-000438,Liam Jones,business,326395.79,2,1,363,0,high_value,0
SYNTH-000439,Wei Novak,business,378600.41,3,1,96,1,high_value,0
SYNTH-000440,Amara Silva,home,46762.55,2,1,29,0,simple,0
SYNTH-000441,Omar Williams,home,133105.52,4,0,56,1,complex,0
SYNTH-000442,Sofia Johnson,health,29265.54,4,1,29,0,complex,0
SYNTH-000443,Elena Sharma,home,143138.7,2,1,245,3,simple,0
SYNTH-000444,Kenji Costa,travel,20404.55,1,0,79,1,simple,0
SYNTH-000445,Richard Kim,home,64996.19,1,1,286,1,simple,0
SYNTH-000446,James Novak,business,486383.15,2,1,109,3,high_value,0
SYNTH-000447,Kenji Jones,health,38987.15,1,1,27,1,simple,0
SYNTH-000448,Jessica Khan,motor,50487.38,3,1,4,1,simple,0
SYNTH-000449,John Martinez,travel,33874.08,1,0,71,0,simple,0
SYNTH-000450,Sofia Brown,health,23322.77,2,1,39,0,simple,0
SYNTH-000451,Priya Garcia,business,295224.73,3,1,177,0,high_value,0
SYNTH-000452,Linda Nakamura,home,108989.39,3,1,2,3,simple,0
SYNTH-000453,James Miller,business,281309.73,1,1,390,2,high_value,0
SYNTH-000454,Michael Rodriguez,travel,24934.82,6,1,39,1,complex,0
SYNTH-000455,Arjun Garcia,business,458464.25,4,1,9,1,high_value,0
SYNTH-000456,Jessica Costa,motor,35328.46,5,1,11,0,complex,0
SYNTH-000457,Patricia Khan,business,392217.5,3,1,33,2,high_value,0
SYNTH-000458,Amara Martinez,motor,60404.82,4,1,0,0,complex,0
SYNTH-000459,Linda Martinez,home,107053.61,5,1,140,0,complex,0
SYNTH-000460,Susan Jones,health,40913.69,2,1,213,0,simple,0
SYNTH-000461,Amara Garcia,home,117502.86,3,1,108,1,simple,0
SYNTH-000462,Joseph Johnson,home,42944.71,7,1,128,2,complex,0
SYNTH-000463,Richard Costa,motor,8732.23,3,1,74,0,simple,0
SYNTH-000464,Joseph Novak,business,710654.76,1,1,108,1,high_value,0
SYNTH-000465,William Davis,life,540933.71,2,0,100,0,simple,0
SYNTH-000466,Elena Novak,home,160203.72,5,1,6,0,complex,0
SYNTH-000467,Arjun Khan,home,111075.25,3,1,103,1,simple,0
SYNTH-000468,Michael Silva,home,132149.97,3,1,47,0,high_value,0
SYNTH-000469,Mary Kim,health,28938.63,3,1,57,2,simple,0
SYNTH-000470,Patricia Davis,motor,41304.18,2,1,325,2,simple,0
SYNTH-000471,Amara Silva,life,430948.73,2,1,425,2,high_value,0
SYNTH-000472,Omar Johnson,life,400341.24,3,1,9,1,high_value,0
SYNTH-000473,David Martinez,home,76215.34,4,1,13,1,complex,0
SYNTH-000474,Liam Brown,motor,54558.83,1,1,60,0,simple,0
SYNTH-000475,William Jones,life,261403.93,1,1,65,0,high_value,0
SYNTH-000476,Linda Nakamura,business,577354.21,3,1,380,0,high_value,0
SYNTH-000477,Richard Kim,travel,36433.72,7,0,67,2,complex,0
SYNTH-000478,Priya Rodriguez,health,101192.79,5,1,223,1,complex,0
SYNTH-000479,David Smith,business,266887.29,2,1,38,0,high_value,0
SYNTH-000480,Amara Khan,business,705703.38,6,0,61,1,high_value,0
SYNTH-000481,Michael Novak,health,138259.25,1,1,111,2,simple,1
SYNTH-000482,Robert Novak,motor,80212.51,2,1,44,1,simple,0
SYNTH-000483,Sofia Kim,motor,25067.6,3,1,10,1,simple,0
SYNTH-000484,James Silva,health,15596.03,3,0,2,2,simple,0
SYNTH-000485,Elizabeth Garcia,life,306847.11,3,1,4,1,high_value,0
SYNTH-000486,Liam Garcia,motor,12331.9,1,0,185,1,simple,0
SYNTH-000487,Linda Silva,health,73387.92,4,1,38,2,complex,0
SYNTH-000488,John Jones,business,119966.22,4,0,203,1,complex,0
SYNTH-000489,Amara Sharma,home,81173.47,2,1,28,1,simple,1
SYNTH-000490,John Davis,health,64937.67,3,1,21,3,simple,0
SYNTH-000491,Barbara Martinez,travel,11817.19,2,0,136,0,simple,0
SYNTH-000492,Sofia Jones,life,149406.84,3,1,36,2,simple,0
SYNTH-000493,Barbara Miller,health,44449.86,4,1,208,1,high_value,0
SYNTH-000494,Joseph Miller,business,471899.79,3,1,588,0,high_value,0
SYNTH-000495,Kenji Nakamura,health,137150.98,6,1,115,1,complex,0
SYNTH-000496,William Williams,motor,34686.42,6,1,181,0,complex,0
SYNTH-000497,Elena Smith,life,665111.83,1,1,264,1,high_value,0
SYNTH-000498,Michael Nakamura,business,223860.12,3,1,16,3,high_value,0
SYNTH-000499,Linda Novak,motor,54605.17,5,1,175,0,complex,0
SYNTH-000500,Priya Smith,travel,27696.12,3,0,7,0,simple,0
SYNTH-000501,Fatima Silva,motor,49903.41,1,1,158,1,simple,0
SYNTH-000502,Elena Williams,motor,78712.89,2,1,10,0,simple,0
SYNTH-000503,Mary Nakamura,health,18728.32,3,1,42,2,simple,1
SYNTH-000504,Susan Nakamura,home,146949.25,3,1,11,1,simple,0
SYNTH-000505,John Martinez,health,115654.41,2,1,41,3,simple,0
SYNTH-000506,Arjun Sharma,health,82069.51,3,1,38,0,simple,0
SYNTH-000507,Sofia Williams,travel,26615.96,2,1,156,1,simple,0
SYNTH-000508,Mary Davis,motor,46854.47,1,1,11,3,simple,0
SYNTH-000509,Mary Martinez,health,57663.14,3,1,149,1,simple,0
SYNTH-000510,Amara Jones,business,70483.07,5,1,95,1,complex,0
SYNTH-000511,Priya Rodriguez,business,298890.02,1,0,45,0,high_value,0
SYNTH-000512,Kenji Brown,life,274534.25,7,1,43,1,high_value,0
SYNTH-000513,William Williams,health,82684.2,1,1,120,0,simple,0
SYNTH-000514,Fatima Garcia,travel,23892.96,7,1,3,0,complex,0
SYNTH-000515,Liam Brown,motor,40437.51,3,1,397,0,simple,0
SYNTH-000516,Jessica Khan,life,432521.57,2,1,7,0,simple,0
SYNTH-000517,Mary Silva,travel,24113.62,4,1,82,1,complex,0
SYNTH-000518,William Williams,life,346166.69,6,1,75,0,high_value,0
SYNTH-000519,Jennifer Davis,home,112490.74,3,1,45,0,simple,0
SYNTH-000520,Joseph Martinez,home,122576.42,4,1,72,2,complex,0
SYNTH-000521,Michael Martinez,motor,22133.21,3,1,49,1,simple,1
SYNTH-000522,Barbara Novak,home,106307.81,4,1,257,1,complex,0
SYNTH-000523,Robert Smith,life,541588.33,2,1,201,3,high_value,0
SYNTH-000524,Amara Smith,travel,20930.81,3,0,16,1,simple,0
SYNTH-000525,Kenji Martinez,motor,58866.05,1,0,96,2,simple,0
SYNTH-000526,Mary Jones,health,53395.9,2,1,100,2,simple,0
SYNTH-000527,Priya Silva,business,188373.29,2,1,10,4,simple,0
SYNTH-000528,Fatima Brown,business,336411.19,5,1,249,1,high_value,0
SYNTH-000529,Fatima Johnson,home,115525.43,1,0,62,1,simple,0
SYNTH-000530,David Nakamura,travel,39822.11,4,1,485,0,complex,0
SYNTH-000531,Linda Williams,business,523866.14,1,1,69,1,high_value,0
SYNTH-000532,Patricia Garcia,life,174704.22,3,0,70,0,simple,0
SYNTH-000533,Elena Miller,travel,32962.64,6,1,184,1,complex,0
SYNTH-000534,Jennifer Martinez,travel,41753.7,3,1,101,0,simple,0
SYNTH-000535,Amara Davis,business,128509.96,4,1,10,1,complex,0
SYNTH-000536,Jennifer Smith,motor,26677.68,2,1,60,1,complex,0
SYNTH-000537,Patricia Kim,travel,18408.26,3,1,8,2,simple,0
SYNTH-000538,Elena Davis,health,70602.36,1,1,12,0,simple,1
SYNTH-000539,Sofia Williams,life,279791.0,2,1,350,1,high_value,0
SYNTH-000540,John Miller,home,35875.01,1,1,15,1,simple,0
SYNTH-000541,Omar Sharma,business,286505.89,4,1,97,0,high_value,0
SYNTH-000542,Fatima Silva,health,10323.07,4,0,2,1,complex,0
SYNTH-000543,Barbara Miller,business,159458.31,5,1,12,0,high_value,0
SYNTH-000544,Wei Davis,life,646397.01,4,1,39,1,high_value,0
SYNTH-000545,Mary Williams,business,744547.37,3,1,61,2,high_value,0
SYNTH-000546,Omar Costa,motor,64232.74,4,1,195,1,complex,0
SYNTH-000547,Richard Khan,life,563928.01,2,1,61,2,high_value,0
SYNTH-000548,Priya Sharma,travel,27091.76,2,1,357,3,simple,0
SYNTH-000549,Omar Rodriguez,travel,17716.03,3,1,108,1,high_value,0
SYNTH-000550,Fatima Davis,health,63212.27,3,1,3,1,simple,0
SYNTH-000551,Omar Johnson,life,481062.51,5,0,80,0,high_value,0
SYNTH-000552,Jennifer Garcia,life,322910.08,3,1,0,1,high_value,0
SYNTH-000553,Fatima Smith,life,595179.82,1,1,105,1,high_value,0
SYNTH-000554,Fatima Miller,business,334117.62,2,1,62,2,high_value,0
SYNTH-000555,Mary Davis,travel,5206.02,8,1,23,0,complex,1
SYNTH-000556,Wei Miller,home,54530.4,2,1,106,1,simple,1
SYNTH-000557,David Johnson,life,202475.75,1,1,87,0,high_value,0
SYNTH-000558,Patricia Costa,health,48782.32,2,0,125,3,simple,0
SYNTH-000559,Richard Brown,motor,24619.43,8,1,254,0,complex,0
SYNTH-000560,Susan Novak,motor,29501.54,3,1,235,2,simple,0
SYNTH-000561,Wei Khan,business,484727.11,3,1,450,2,high_value,0
SYNTH-000562,Kenji Martinez,life,633009.04,4,1,133,2,high_value,0
SYNTH-000563,Richard Johnson,life,446828.73,4,1,62,0,high_value,0
SYNTH-000564,Linda Brown,life,287928.58,6,1,375,1,high_value,0
SYNTH-000565,David Garcia,travel,7996.15,2,0,45,2,simple,0
SYNTH-000566,Sofia Sharma,business,559070.94,5,1,48,2,high_value,0
SYNTH-000567,Barbara Rodriguez,travel,10697.58,3,0,365,1,simple,0
SYNTH-000568,Jennifer Silva,health,90514.21,4,1,146,2,complex,0
SYNTH-000569,Jessica Davis,travel,35672.08,1,1,151,2,simple,0
SYNTH-000570,James Sharma,life,268996.34,4,1,111,3,high_value,1
SYNTH-000571,Richard Garcia,motor,20898.32,6,1,62,1,complex,0
SYNTH-000572,David Novak,business,674103.01,3,0,341,0,high_value,0
SYNTH-000573,Susan Garcia,business,496318.55,2,0,94,2,high_value,0
SYNTH-000574,Amara Rodriguez,health,53293.43,5,0,487,0,complex,0
SYNTH-000575,Fatima Novak,business,140402.41,5,1,205,1,complex,0
SYNTH-000576,Liam Novak,life,421495.61,3,0,108,3,simple,0
SYNTH-000577,John Novak,life,174895.24,2,0,0,3,simple,0
SYNTH-000578,Liam Rodriguez,health,33538.75,1,1,317,1,simple,0
SYNTH-000579,Richard Khan,health,66618.55,4,1,4,1,complex,0
SYNTH-000580,Linda Rodriguez,life,173861.61,1,1,59,1,simple,0
SYNTH-000581,John Khan,home,80540.42,4,0,180,2,complex,0
SYNTH-000582,Mary Nakamura,home,181657.52,5,1,147,1,complex,0
SYNTH-000583,Jessica Davis,home,76243.68,4,1,44,0,complex,0
SYNTH-000584,Mary Costa,travel,14532.07,1,1,97,0,simple,0
SYNTH-000585,Wei Jones,home,77695.51,4,1,13,1,complex,0
SYNTH-000586,Jennifer Miller,health,49878.73,2,1,183,0,simple,0
SYNTH-000587,Susan Miller,life,525189.37,1,0,288,0,high_value,0
SYNTH-000588,Kenji Williams,business,529019.49,1,0,373,0,high_value,0
SYNTH-000589,William Costa,health,105264.96,2,1,86,5,simple,0
SYNTH-000590,Priya Silva,travel,15926.5,2,1,94,0,high_value,0
SYNTH-000591,Elena Brown,health,83650.11,2,1,191,2,simple,0
SYNTH-000592,Arjun Khan,health,69635.96,1,1,64,0,simple,0
SYNTH-000593,Jessica Johnson,travel,15656.28,3,1,23,2,simple,0
SYNTH-000594,Amara Nakamura,life,617862.63,2,1,179,1,high_value,0
SYNTH-000595,Mary Novak,health,41045.93,6,1,48,1,complex,0
SYNTH-000596,Jessica Brown,motor,35950.53,3,1,17,0,complex,0
SYNTH-000597,David Rodriguez,life,310159.07,4,0,208,0,high_value,0
SYNTH-000598,Michael Silva,business,332968.89,2,1,258,1,high_value,0
SYNTH-000599,Mary Costa,business,90773.47,2,1,112,0,simple,0
SYNTH-000600,Elena Costa,life,384657.39,1,0,42,0,high_value,0
SYNTH-000601,Mary Davis,home,152150.91,1,0,79,0,simple,0
SYNTH-000602,William Khan,health,50628.52,3,1,162,2,simple,0
SYNTH-000603,James Davis,travel,22566.12,1,1,297,1,simple,0
SYNTH-000604,Jessica Khan,motor,60886.79,5,1,35,1,complex,0
SYNTH-000605,Amara Williams,motor,59611.41,5,1,51,4,complex,0
SYNTH-000606,Michael Davis,motor,39940.21,8,0,6,1,high_value,0
SYNTH-000607,Priya Smith,business,324819.97,3,1,166,1,high_value,0
SYNTH-000608,Wei Smith,business,260170.04,6,0,77,3,high_value,0
SYNTH-000609,Amara Rodriguez,life,415494.73,1,1,0,0,high_value,0
SYNTH-000610,Michael Kim,travel,43939.3,4,1,156,4,complex,0
SYNTH-000611,Patricia Smith,motor,35242.56,1,1,273,0,simple,0
SYNTH-000612,Arjun Martinez,home,68631.68,5,1,244,0,complex,0
SYNTH-000613,William Sharma,motor,62294.3,3,1,147,2,simple,0
SYNTH-000614,Elizabeth Miller,motor,28368.61,1,1,46,3,simple,0
SYNTH-000615,Omar Nakamura,life,829857.91,4,1,155,0,high_value,0
SYNTH-000616,Jessica Martinez,business,264598.38,3,1,57,5,high_value,1
SYNTH-000617,Fatima Miller,motor,27158.29,5,1,87,0,complex,0
SYNTH-000618,Omar Novak,motor,64772.54,1,1,68,1,simple,0
SYNTH-000619,Liam Garcia,business,253851.7,5,1,160,0,high_value,0
SYNTH-000620,Omar Garcia,motor,42159.3,2,0,96,2,simple,0
SYNTH-000621,Linda Martinez,business,693638.07,3,1,67,0,high_value,0
SYNTH-000622,Elizabeth Kim,travel,10123.03,2,1,84,1,simple,0
SYNTH-000623,Wei Williams,health,72321.09,1,1,6,1,simple,0
SYNTH-000624,Richard Costa,travel,6949.68,3,1,4,1,simple,0
SYNTH-000625,Michael Sharma,motor,47720.19,2,1,54,0,simple,0
SYNTH-000626,Robert Sharma,travel,30572.84,7,1,78,1,complex,0
SYNTH-000627,Jennifer Sharma,business,270688.31,2,1,292,2,high_value,0
SYNTH-000628,Elena Garcia,business,280594.16,3,0,1,2,high_value,0
SYNTH-000629,John Jones,home,36376.44,3,1,104,2,simple,0
SYNTH-000630,Jessica Nakamura,home,105025.98,3,1,27,3,simple,0
SYNTH-000631,James Sharma,health,40289.79,4,0,47,1,complex,0
SYNTH-000632,Linda Davis,home,180150.66,1,1,27,2,simple,1
SYNTH-000633,Priya Martinez,business,84431.43,1,1,70,2,simple,0
SYNTH-000634,Priya Costa,life,466089.16,3,0,328,3,complex,0
SYNTH-000635,Jessica Khan,motor,80156.48,3,1,318,0,simple,0
SYNTH-000636,James Davis,life,646819.86,1,1,58,0,high_value,0
SYNTH-000637,Fatima Costa,life,344584.06,8,1,354,0,high_value,0
SYNTH-000638,Richard Rodriguez,life,354973.77,5,0,7,0,high_value,0
SYNTH-000639,Patricia Smith,home,83822.87,2,1,7,2,simple,0
SYNTH-000640,Arjun Rodriguez,health,74272.94,4,1,0,2,complex,0
SYNTH-000641,James Martinez,travel,18038.47,8,1,77,2,complex,0
SYNTH-000642,Wei Jones,travel,9077.55,2,1,95,2,simple,0
SYNTH-000643,Patricia Martinez,travel,33248.68,1,1,428,1,simple,0
SYNTH-000644,Elena Rodriguez,health,63020.84,3,1,42,2,simple,0
SYNTH-000645,Jennifer Johnson,home,50303.25,5,1,266,3,complex,0
SYNTH-000646,David Davis,home,39556.88,2,1,4,0,simple,0
SYNTH-000647,Fatima Novak,health,93294.98,2,0,67,0,simple,0
SYNTH-000648,Kenji Brown,life,634366.55,1,1,172,2,high_value,0
SYNTH-000649,William Kim,motor,42281.36,7,1,72,0,complex,0
SYNTH-000650,Elizabeth Khan,health,125783.92,2,0,39,2,simple,1
SYNTH-000651,Elena Johnson,business,383905.03,1,1,69,1,high_value,0
SYNTH-000652,Barbara Kim,health,51274.83,1,1,407,2,simple,0
SYNTH-000653,David Garcia,home,151821.81,1,1,199,1,simple,0
SYNTH-000654,Richard Novak,health,38052.42,2,1,35,2,simple,0
SYNTH-000655,Amara Johnson,travel,47279.08,3,1,22,3,simple,0
SYNTH-000656,Fatima Kim,life,304498.33,5,0,177,0,high_value,0
SYNTH-000657,Liam Jones,life,383508.73,4,1,103,1,high_value,0
SYNTH-000658,Mary Williams,travel,14668.18,2,1,1,2,simple,0
SYNTH-000659,Kenji Davis,motor,85494.84,3,1,242,2,high_value,0
SYNTH-000660,Wei Brown,business,155159.26,3,1,408,1,simple,0
SYNTH-000661,Liam Nakamura,travel,17531.55,5,1,38,1,complex,0
SYNTH-000662,Mary Smith,life,168528.18,2,1,81,1,simple,0
SYNTH-000663,Jessica Garcia,business,267287.65,5,1,137,2,high_value,0
SYNTH-000664,William Johnson,health,82123.18,1,1,161,0,simple,0
SYNTH-000665,Linda Williams,home,136232.02,1,1,222,1,simple,0
SYNTH-000666,Jessica Kim,travel,11241.19,2,1,51,2,simple,0
SYNTH-000667,Patricia Nakamura,motor,32674.57,2,0,146,0,simple,0
SYNTH-000668,Omar Martinez,travel,17998.75,5,0,45,0,complex,0
SYNTH-000669,David Khan,home,87370.72,5,1,7,1,complex,0
SYNTH-000670,Elena Novak,health,58217.26,4,1,41,2,complex,0
SYNTH-000671,Elena Davis,business,727965.07,4,1,167,1,high_value,0
SYNTH-000672,Elizabeth Costa,health,63433.94,5,1,6,0,complex,0
SYNTH-000673,Amara Silva,motor,43116.09,2,1,46,0,simple,0
SYNTH-000674,Richard Miller,health,62577.61,4,1,179,2,complex,0
SYNTH-000675,Elena Silva,travel,26004.15,5,1,122,0,complex,0
SYNTH-000676,Elena Kim,health,60246.17,2,1,141,1,simple,0
SYNTH-000677,Jessica Smith,travel,10043.31,3,1,13,3,simple,0
SYNTH-000678,Fatima Novak,home,35490.85,1,1,35,0,simple,0
SYNTH-000679,Jennifer Jones,home,61670.92,5,1,159,0,complex,0
SYNTH-000680,Priya Nakamura,health,78266.32,3,1,320,0,simple,0
SYNTH-000681,William Nakamura,travel,27853.81,4,1,207,2,complex,0
SYNTH-000682,Susan Costa,motor,52796.28,3,1,53,2,simple,0
SYNTH-000683,Kenji Miller,motor,15941.09,4,1,89,0,complex,0
SYNTH-000684,Liam Jones,life,869849.65,3,1,130,1,high_value,0
SYNTH-000685,Amara Sharma,business,269752.06,2,1,109,3,high_value,0
SYNTH-000686,Fatima Silva,business,143325.22,4,0,251,0,complex,0
SYNTH-000687,Susan Smith,business,370319.21,1,1,290,2,high_value,0
SYNTH-000688,Mary Miller,home,136657.57,3,0,169,1,simple,0
SYNTH-000689,William Jones,motor,26918.62,1,1,106,1,simple,0
SYNTH-000690,Mary Khan,health,23209.84,4,1,38,0,complex,0
SYNTH-000691,Linda Nakamura,travel,29308.56,4,0,52,0,complex,0
SYNTH-000692,Amara Johnson,life,242377.88,5,1,201,2,high_value,0
SYNTH-000693,David Johnson,travel,28095.65,1,1,165,1,simple,0
SYNTH-000694,Joseph Davis,health,78399.56,2,1,104,0,simple,0
SYNTH-000695,Arjun Miller,business,456168.73,1,1,81,1,high_value,0
SYNTH-000696,Liam Williams,business,188824.84,4,1,31,0,complex,0
SYNTH-000697,Mary Silva,life,557866.16,4,1,496,0,high_value,0
SYNTH-000698,William Smith,motor,32934.06,3,1,37,1,simple,0
SYNTH-000699,David Johnson,motor,53228.42,5,1,43,0,complex,1
SYNTH-000700,Fatima Khan,business,264985.81,1,1,13,2,high_value,0
SYNTH-000701,Jennifer Costa,health,34695.71,2,1,21,2,simple,0
SYNTH-000702,Richard Williams,health,79947.0,4,1,4,2,complex,0
SYNTH-000703,Barbara Martinez,motor,67325.65,7,1,192,0,complex,0
SYNTH-000704,Arjun Smith,life,632007.91,4,1,44,3,high_value,0
SYNTH-000705,Wei Davis,health,107739.54,2,1,37,3,simple,0
SYNTH-000706,Patricia Nakamura,health,86746.09,1,1,56,1,simple,0
SYNTH-000707,Elena Khan,motor,66423.1,3,1,13,0,simple,0
SYNTH-000708,Sofia Miller,home,151813.56,3,1,36,3,simple,0
SYNTH-000709,Elena Smith,motor,63874.12,3,1,42,0,simple,0
SYNTH-000710,Liam Silva,business,251714.04,2,0,50,2,high_value,0
SYNTH-000711,Kenji Silva,health,38569.49,3,1,6,0,simple,0
SYNTH-000712,James Kim,business,385005.7,6,1,53,1,high_value,0
SYNTH-000713,Omar Rodriguez,business,287867.9,6,1,261,1,high_value,0
SYNTH-000714,Susan Nakamura,home,102535.8,2,0,2,1,simple,0
SYNTH-000715,Liam Brown,travel,13877.16,3,1,385,2,simple,1
SYNTH-000716,Kenji Johnson,home,121888.7,1,0,2,1,simple,0
SYNTH-000717,Elizabeth Martinez,business,355028.88,1,1,65,2,high_value,0
SYNTH-000718,Richard Smith,home,58644.98,3,0,118,2,simple,0
SYNTH-000719,Omar Martinez,travel,35335.68,3,1,118,2,simple,0
SYNTH-000720,Omar Khan,business,340436.95,6,0,25,1,high_value,0
SYNTH-000721,James Nakamura,health,115154.5,5,1,56,0,complex,0
SYNTH-000722,Kenji Khan,home,101609.68,3,1,62,2,simple,0
SYNTH-000723,Jennifer Garcia,life,454028.91,3,1,105,0,high_value,0
SYNTH-000724,Liam Johnson,life,854755.87,2,1,151,3,high_value,0
SYNTH-000725,John Rodriguez,home,36161.51,3,1,158,1,simple,0
SYNTH-000726,Barbara Jones,health,45214.64,2,1,2,2,simple,0
SYNTH-000727,Michael Sharma,business,278711.81,1,1,136,1,high_value,0
SYNTH-000728,Fatima Jones,travel,12188.32,2,1,116,1,simple,0
SYNTH-000729,Jennifer Smith,home,123109.52,5,1,273,1,complex,0
SYNTH-000730,Susan Rodriguez,motor,79887.41,5,1,365,0,complex,0
SYNTH-000731,Joseph Kim,motor,24345.36,3,0,387,0,simple,0
SYNTH-000732,Sofia Williams,motor,23852.17,1,1,100,3,simple,0
SYNTH-000733,William Williams,motor,45988.8,2,1,138,2,simple,0
SYNTH-000734,Fatima Nakamura,business,191807.48,4,0,393,1,high_value,0
SYNTH-000735,Arjun Novak,home,102117.08,5,1,168,0,complex,0
SYNTH-000736,Elena Martinez,business,368575.49,1,1,64,2,high_value,0
SYNTH-000737,Priya Smith,life,210796.3,2,1,152,0,high_value,0
SYNTH-000738,Liam Garcia,business,406534.67,3,1,32,2,high_value,0
SYNTH-000739,Fatima Jones,home,141475.17,2,0,21,2,simple,0
SYNTH-000740,Elena Novak,business,349580.47,7,1,76,3,high_value,0
SYNTH-000741,Michael Costa,life,358371.34,4,0,48,0,high_value,0
SYNTH-000742,Mary Sharma,motor,29943.09,2,1,74,1,simple,0
SYNTH-000743,Kenji Rodriguez,health,51761.41,3,1,404,1,simple,0
SYNTH-000744,Barbara Williams,home,59834.46,4,1,65,1,complex,0
SYNTH-000745,Richard Khan,home,94164.99,2,1,229,0,simple,0
SYNTH-000746,Priya Jones,motor,71714.97,4,1,23,1,complex,0
SYNTH-000747,Michael Jones,travel,13395.5,5,1,145,2,complex,0
SYNTH-000748,Liam Davis,life,549996.38,1,1,0,4,high_value,0
SYNTH-000749,Jessica Novak,travel,11889.96,3,1,9,0,simple,0
SYNTH-000750,Linda Johnson,life,220776.67,5,1,13,2,high_value,0
SYNTH-000751,Mary Jones,life,451202.13,5,1,7,0,high_value,0
SYNTH-000752,Richard Smith,health,19822.92,4,1,43,0,complex,0
SYNTH-000753,Michael Kim,business,292204.53,4,1,18,0,high_value,0
SYNTH-000754,Susan Jones,home,101987.11,1,1,86,1,simple,0
SYNTH-000755,William Garcia,home,50929.83,2,1,28,0,simple,0
SYNTH-000756,John Davis,business,689202.96,1,1,194,1,high_value,0
SYNTH-000757,Priya Silva,travel,11311.71,4,1,141,0,complex,0
SYNTH-000758,Wei Johnson,life,313403.01,2,1,145,2,high_value,0
SYNTH-000759,Robert Smith,home,38416.68,3,1,6,1,simple,0
SYNTH-000760,Mary Costa,business,303934.09,3,1,54,1,high_value,0
SYNTH-000761,Richard Khan,travel,31947.28,2,1,13,1,simple,0
SYNTH-000762,Fatima Brown,home,180996.31,5,1,57,4,complex,0
SYNTH-000763,John Martinez,travel,38611.61,2,0,169,1,simple,0
SYNTH-000764,Amara Smith,home,127880.47,2,1,22,1,simple,0
SYNTH-000765,Michael Sharma,home,75917.24,4,1,15,1,complex,0
SYNTH-000766,William Rodriguez,travel,43611.5,3,1,43,1,simple,0
SYNTH-000767,Liam Nakamura,home,157116.03,1,1,107,1,simple,0
SYNTH-000768,Barbara Novak,life,373597.39,5,1,27,2,high_value,0
SYNTH-000769,Richard Jones,motor,85412.14,2,1,363,1,simple,0
SYNTH-000770,Jennifer Brown,business,579133.03,1,0,154,1,high_value,0
SYNTH-000771,Wei Johnson,life,413347.95,4,1,54,2,high_value,0
SYNTH-000772,Robert Novak,life,457991.96,3,1,154,2,high_value,0
SYNTH-000773,John Johnson,home,100978.76,3,1,25,2,simple,0
SYNTH-000774,Priya Martinez,business,122056.13,1,1,151,1,simple,0
SYNTH-000775,Jennifer Novak,business,239183.5,2,1,74,0,high_value,0
SYNTH-000776,Priya Martinez,travel,14928.78,4,0,38,3,complex,0
SYNTH-000777,Linda Garcia,life,454557.1,1,0,101,3,high_value,0
SYNTH-000778,Jennifer Williams,business,649710.35,1,0,75,0,high_value,1
SYNTH-000779,Fatima Miller,motor,41886.58,3,1,84,2,simple,0
SYNTH-000780,Arjun Martinez,home,159312.82,2,0,162,4,simple,0
SYNTH-000781,William Davis,business,94171.37,3,1,162,0,simple,0
SYNTH-000782,James Rodriguez,home,94312.53,1,1,166,2,simple,0
SYNTH-000783,Elizabeth Sharma,life,443342.02,5,1,247,0,high_value,0
SYNTH-000784,Omar Rodriguez,health,110145.41,4,1,52,2,complex,0
SYNTH-000785,Linda Sharma,business,313898.62,6,1,36,1,high_value,0
SYNTH-000786,Jessica Brown,travel,40792.0,6,1,178,2,complex,0
SYNTH-000787,Liam Davis,motor,22579.95,2,0,153,0,simple,0
SYNTH-000788,Amara Rodriguez,motor,49226.47,3,1,96,3,simple,0
SYNTH-000789,David Williams,life,759913.37,2,1,5,1,high_value,0
SYNTH-000790,Fatima Rodriguez,home,110224.67,3,1,92,0,simple,0
SYNTH-000791,Jessica Miller,life,798171.79,8,1,90,0,high_value,0
SYNTH-000792,Michael Davis,life,498367.39,2,1,26,2,high_value,0
SYNTH-000793,John Novak,home,78430.07,4,1,405,0,complex,0
SYNTH-000794,Jessica Khan,home,73003.58,1,0,30,1,simple,0
SYNTH-000795,Fatima Rodriguez,home,36444.92,1,1,10,5,simple,0
SYNTH-000796,Richard Davis,travel,31261.44,5,1,474,0,complex,0
SYNTH-000797,Arjun Johnson,home,57791.64,2,0,8,1,simple,0
SYNTH-000798,Joseph Brown,home,134960.71,5,1,9,0,complex,0
SYNTH-000799,Liam Miller,business,431428.13,3,1,196,1,high_value,1
SYNTH-000800,William Garcia,travel,21419.12,1,1,83,0,simple,0
SYNTH-000801,David Khan,home,80313.12,3,1,171,1,simple,0
SYNTH-000802,Barbara Khan,life,172828.1,4,1,103,0,complex,0
SYNTH-000803,Fatima Davis,travel,17734.94,4,1,0,0,complex,0
SYNTH-000804,Richard Miller,health,108853.16,3,1,55,4,simple,0
SYNTH-000805,James Garcia,life,548007.4,2,1,25,2,high_value,0
SYNTH-000806,Priya Sharma,travel,18439.88,3,1,34,2,simple,0
SYNTH-000807,Richard Brown,travel,24453.35,3,1,16,2,simple,0
SYNTH-000808,Sofia Brown,business,568499.49,2,1,12,1,high_value,0
SYNTH-000809,Arjun Rodriguez,travel,18114.97,2,1,62,1,simple,0
SYNTH-000810,Wei Miller,motor,65985.56,4,0,63,0,complex,0
SYNTH-000811,Elena Martinez,home,107363.74,5,1,71,2,complex,0
SYNTH-000812,Joseph Williams,motor,74107.47,6,1,240,1,complex,0
SYNTH-000813,Jennifer Sharma,travel,14699.12,2,1,17,0,simple,0
SYNTH-000814,John Williams,travel,23701.39,5,1,163,0,complex,0
SYNTH-000815,Amara Rodriguez,life,242719.04,3,1,16,2,high_value,0
SYNTH-000816,Barbara Costa,home,93145.99,4,1,142,0,complex,0
SYNTH-000817,Kenji Davis,travel,18150.14,2,1,187,0,simple,1
SYNTH-000818,Michael Garcia,business,435757.13,6,1,101,1,high_value,0
SYNTH-000819,Arjun Johnson,travel,16406.81,6,0,31,3,complex,0
SYNTH-000820,Patricia Rodriguez,health,29587.26,2,1,177,0,simple,0
SYNTH-000821,Elizabeth Davis,home,133465.41,2,1,49,0,simple,0
SYNTH-000822,Priya Garcia,life,845900.19,4,1,21,2,high_value,0
SYNTH-000823,Jessica Kim,health,45141.14,2,0,101,3,simple,0
SYNTH-000824,Amara Garcia,home,35246.08,4,1,10,0,complex,0
SYNTH-000825,Fatima Silva,home,81122.13,4,1,20,0,complex,0
SYNTH-000826,Jessica Davis,home,64346.9,5,1,14,2,complex,0
SYNTH-000827,Elizabeth Smith,health,59835.4,4,1,52,1,complex,0
SYNTH-000828,Elizabeth Novak,health,51236.7,8,1,45,1,complex,0
SYNTH-000829,Jessica Martinez,home,168605.32,1,0,89,0,simple,0
SYNTH-000830,Omar Smith,health,32349.75,2,1,192,2,simple,0
SYNTH-000831,Richard Davis,home,67517.11,1,1,1,2,simple,0
SYNTH-000832,Linda Rodriguez,life,309106.72,7,1,199,0,high_value,0
SYNTH-000833,Wei Rodriguez,health,43012.33,3,1,85,2,simple,0
SYNTH-000834,Michael Williams,motor,36483.81,4,1,15,0,complex,0
SYNTH-000835,Joseph Rodriguez,life,763528.99,2,0,109,0,high_value,0
SYNTH-000836,Mary Smith,business,231677.83,3,1,47,1,high_value,1
SYNTH-000837,Joseph Smith,life,763715.82,1,1,287,1,high_value,0
SYNTH-000838,Elizabeth Novak,life,462629.03,2,0,103,2,simple,0
SYNTH-000839,Elena Jones,motor,50801.78,3,1,25,1,simple,0
SYNTH-000840,Jennifer Miller,health,92390.42,2,1,344,1,simple,0
SYNTH-000841,Elena Davis,motor,36063.07,2,1,277,2,simple,0
SYNTH-000842,Mary Miller,travel,37046.78,1,1,46,1,simple,0
SYNTH-000843,Michael Novak,travel,13508.56,1,1,123,0,simple,0
SYNTH-000844,Sofia Johnson,travel,7406.26,4,1,457,0,complex,0
SYNTH-000845,Sofia Martinez,business,226288.62,2,1,290,1,high_value,0
SYNTH-000846,Patricia Davis,life,798750.57,1,1,28,2,high_value,0
SYNTH-000847,Richard Davis,business,304791.28,4,1,66,0,complex,0
SYNTH-000848,Amara Jones,health,122672.37,4,1,200,2,complex,0
SYNTH-000849,Liam Sharma,motor,47441.66,2,1,256,0,simple,0
SYNTH-000850,Arjun Brown,business,481284.31,2,0,205,1,high_value,0
SYNTH-000851,Sofia Khan,life,553606.87,6,1,16,2,high_value,0
SYNTH-000852,Robert Rodriguez,travel,20747.82,2,1,63,1,complex,0
SYNTH-000853,Amara Novak,health,90137.53,2,1,25,4,simple,0
SYNTH-000854,Joseph Rodriguez,life,406437.94,2,1,352,0,high_value,0
SYNTH-000855,Robert Kim,home,59436.83,2,1,131,2,simple,0
SYNTH-000856,Elena Costa,motor,13859.3,3,1,56,1,simple,0
SYNTH-000857,Barbara Davis,travel,14752.66,2,1,39,0,simple,0
SYNTH-000858,Richard Miller,motor,43806.79,2,1,52,4,simple,0
SYNTH-000859,Elizabeth Sharma,home,99141.9,1,1,498,1,simple,0
SYNTH-000860,John Johnson,travel,26785.1,3,1,217,0,simple,0
SYNTH-000861,Patricia Johnson,life,416502.46,5,1,323,1,simple,0
SYNTH-000862,Wei Rodriguez,home,20849.68,3,1,318,1,simple,0
SYNTH-000863,Michael Novak,health,33465.53,7,1,16,1,complex,0
SYNTH-000864,Kenji Silva,health,65360.35,1,1,54,1,simple,0
SYNTH-000865,Priya Johnson,motor,18040.37,3,1,97,1,simple,0
SYNTH-000866,Priya Brown,business,489364.82,3,0,127,1,high_value,0
SYNTH-000867,Priya Davis,health,29094.43,3,1,52,2,simple,0
SYNTH-000868,Susan Brown,home,59059.4,1,1,26,2,simple,0
SYNTH-000869,Susan Brown,business,135054.08,1,1,33,2,simple,0
SYNTH-000870,Liam Garcia,life,775369.21,2,1,286,1,high_value,0
SYNTH-000871,David Sharma,home,111156.35,3,1,253,1,simple,0
SYNTH-000872,David Davis,motor,17633.98,3,1,74,1,simple,0
SYNTH-000873,Kenji Rodriguez,home,85171.47,4,1,349,0,complex,0
SYNTH-000874,Kenji Johnson,motor,62115.2,4,1,70,2,complex,0
SYNTH-000875,Elizabeth Smith,motor,84517.09,4,1,45,2,complex,0
SYNTH-000876,Elena Rodriguez,motor,51402.16,2,1,235,1,simple,0
SYNTH-000877,Patricia Johnson,home,59642.4,4,1,77,2,complex,0
SYNTH-000878,Fatima Davis,travel,21606.88,4,1,306,1,complex,0
SYNTH-000879,Fatima Miller,life,445423.78,4,1,201,1,high_value,0
SYNTH-000880,Jessica Brown,business,490060.23,3,0,87,0,high_value,0
SYNTH-000881,Elena Johnson,home,158831.16,1,1,62,2,high_value,0
SYNTH-000882,Patricia Davis,motor,25782.05,2,1,113,5,simple,0
SYNTH-000883,Elena Nakamura,business,181236.8,4,1,353,1,complex,1
SYNTH-000884,David Costa,health,60834.22,1,1,94,1,high_value,0
SYNTH-000885,Richard Kim,business,401365.31,5,1,91,0,high_value,0
SYNTH-000886,Omar Nakamura,home,29108.21,6,1,281,1,complex,0
SYNTH-000887,Mary Nakamura,life,169977.62,1,0,152,1,simple,0
SYNTH-000888,Robert Jones,motor,27056.81,1,0,196,0,simple,0
SYNTH-000889,Michael Costa,travel,13252.67,3,1,398,1,simple,0
SYNTH-000890,Liam Williams,life,406816.74,2,1,170,2,high_value,0
SYNTH-000891,David Khan,health,35833.59,3,1,40,3,simple,0
SYNTH-000892,Barbara Kim,home,41203.67,3,1,80,1,simple,0
SYNTH-000893,Barbara Jones,home,44919.92,3,0,294,1,simple,0
SYNTH-000894,Wei Jones,business,505790.21,1,1,408,1,high_value,0
SYNTH-000895,Joseph Novak,motor,36280.83,2,0,127,2,simple,0
SYNTH-000896,Arjun Costa,health,68319.76,2,1,25,0,simple,0
SYNTH-000897,Amara Smith,motor,59160.16,2,1,237,2,simple,0
SYNTH-000898,Jennifer Johnson,travel,14546.27,1,1,37,3,simple,0
SYNTH-000899,Joseph Smith,motor,55841.33,3,1,76,2,simple,0
SYNTH-000900,Liam Khan,health,21898.42,2,1,171,2,simple,0
SYNTH-000901,Linda Nakamura,health,107844.19,5,0,81,1,complex,0
SYNTH-000902,Wei Williams,home,149560.0,2,1,111,0,simple,0
SYNTH-000903,Amara Smith,life,199762.6,3,1,67,0,simple,0
SYNTH-000904,Richard Garcia,health,136437.87,3,1,446,0,simple,0
SYNTH-000905,Linda Costa,health,59360.41,1,1,199,1,simple,0
SYNTH-000906,James Rodriguez,motor,16683.83,3,1,8,2,simple,0
SYNTH-000907,John Nakamura,life,373126.86,3,1,109,1,high_value,0
SYNTH-000908,Linda Silva,home,61024.27,4,1,10,1,complex,0
SYNTH-000909,Wei Sharma,life,562531.75,3,1,12,1,high_value,0
SYNTH-000910,Arjun Miller,travel,26752.92,2,1,28,0,simple,0
SYNTH-000911,Robert Silva,life,747494.54,1,1,39,0,high_value,0
SYNTH-000912,John Brown,life,528030.54,1,1,124,1,high_value,0
SYNTH-000913,Elena Sharma,life,477228.33,2,1,92,1,high_value,0
SYNTH-000914,Sofia Rodriguez,travel,24695.38,4,1,35,1,complex,0
SYNTH-000915,Elena Rodriguez,life,769306.41,3,1,126,1,high_value,0
SYNTH-000916,Liam Smith,home,131623.76,1,1,245,1,simple,0
SYNTH-000917,Wei Novak,motor,43406.04,1,0,246,1,simple,0
SYNTH-000918,Jessica Jones,business,185279.53,4,1,390,2,complex,0
SYNTH-000919,Susan Davis,life,389940.47,3,1,9,1,simple,0
SYNTH-000920,Jennifer Kim,business,431114.97,3,1,97,2,high_value,0
SYNTH-000921,Linda Silva,home,99509.94,3,1,14,2,simple,0
SYNTH-000922,Kenji Sharma,travel,14694.58,1,1,55,1,simple,0
SYNTH-000923,Priya Johnson,travel,29051.75,4,1,36,0,complex,0
SYNTH-000924,Linda Costa,home,43379.75,5,0,62,1,complex,0
SYNTH-000925,Priya Johnson,home,32495.92,3,1,181,0,simple,0
SYNTH-000926,Elizabeth Kim,life,675662.29,6,1,25,1,high_value,0
SYNTH-000927,Priya Jones,life,658017.36,3,1,83,2,high_value,0
SYNTH-000928,Patricia Garcia,travel,32969.95,1,1,54,1,simple,0
SYNTH-000929,Susan Sharma,home,119294.41,1,1,22,3,simple,0
SYNTH-000930,Michael Kim,travel,26962.36,1,0,15,2,simple,0
SYNTH-000931,Omar Garcia,health,88031.71,1,1,25,3,simple,0
SYNTH-000932,Sofia Khan,business,736623.48,1,1,715,0,high_value,1
SYNTH-000933,Priya Garcia,health,81199.64,3,1,133,0,simple,0
SYNTH-000934,Fatima Jones,travel,25368.6,2,1,23,2,simple,0
SYNTH-000935,Susan Martinez,life,416383.55,5,1,20,2,high_value,0
SYNTH-000936,Jennifer Brown,motor,73492.37,5,1,493,1,complex,0
SYNTH-000937,Jessica Novak,life,355165.93,1,1,2,1,complex,1
SYNTH-000938,Michael Novak,home,79909.69,1,1,140,1,simple,0
SYNTH-000939,Linda Rodriguez,travel,16829.03,1,1,19,0,simple,0
SYNTH-000940,Jennifer Jones,home,130582.77,6,1,116,2,complex,0
SYNTH-000941,Wei Martinez,health,48327.29,7,1,87,3,simple,0
SYNTH-000942,Jennifer Martinez,motor,15743.84,4,1,175,1,complex,0
SYNTH-000943,Arjun Garcia,home,66498.41,3,1,107,2,simple,0
SYNTH-000944,Elena Martinez,travel,27594.13,4,1,52,0,complex,1
SYNTH-000945,Susan Williams,motor,12715.56,4,1,54,0,complex,0
SYNTH-000946,David Costa,motor,40664.62,2,1,306,2,simple,0
SYNTH-000947,Patricia Costa,travel,39424.4,1,1,165,1,simple,0
SYNTH-000948,Amara Martinez,health,30503.95,4,1,0,1,complex,0
SYNTH-000949,Wei Khan,travel,25667.62,3,1,111,0,simple,0
SYNTH-000950,Jessica Novak,life,596207.14,3,1,162,1,high_value,0
SYNTH-000951,Michael Smith,life,262392.72,2,1,34,1,high_value,0
SYNTH-000952,Michael Silva,health,108932.81,3,0,59,2,simple,0
SYNTH-000953,Michael Smith,travel,15883.28,1,0,152,2,simple,0
SYNTH-000954,Elizabeth Martinez,business,273197.54,1,1,50,3,high_value,0
SYNTH-000955,David Sharma,home,24511.13,1,1,347,1,simple,0
SYNTH-000956,Jennifer Miller,travel,38930.28,1,1,104,1,simple,1
SYNTH-000957,Jessica Johnson,motor,39685.85,2,1,331,0,simple,0
SYNTH-000958,Arjun Sharma,business,234838.3,1,0,15,2,high_value,0
SYNTH-000959,Priya Martinez,travel,10158.67,3,1,30,0,simple,0
SYNTH-000960,Michael Sharma,home,40734.12,3,1,338,2,simple,0
SYNTH-000961,David Nakamura,motor,37215.54,5,0,98,0,complex,0
SYNTH-000962,Jennifer Brown,business,219029.35,3,1,72,2,high_value,0
SYNTH-000963,Susan Williams,motor,71124.49,2,1,74,3,simple,1
SYNTH-000964,Elizabeth Miller,travel,10637.11,1,1,43,2,simple,0
SYNTH-000965,Elena Miller,home,86205.95,2,1,17,0,simple,0
SYNTH-000966,Robert Miller,health,24349.83,1,1,118,2,complex,0
SYNTH-000967,Elena Sharma,motor,35448.83,1,1,219,0,simple,0
SYNTH-000968,Priya Jones,life,807804.91,5,1,5,0,high_value,0
SYNTH-000969,Priya Brown,life,421069.77,3,1,28,1,high_value,0
SYNTH-000970,David Kim,health,57518.73,3,1,80,2,high_value,0
SYNTH-000971,James Martinez,health,46758.12,3,0,195,0,simple,0
SYNTH-000972,William Sharma,business,743004.13,2,1,81,2,high_value,0
SYNTH-000973,Patricia Smith,travel,7216.99,1,1,33,1,simple,0
SYNTH-000974,Arjun Sharma,home,42482.8,3,1,9,1,simple,0
SYNTH-000975,Linda Garcia,motor,69436.4,5,0,49,0,complex,0
SYNTH-000976,Mary Jones,health,33719.05,4,1,122,1,complex,0
SYNTH-000977,Mary Williams,health,56084.72,4,1,359,0,complex,0
SYNTH-000978,Sofia Kim,travel,24663.73,2,1,132,1,simple,0
SYNTH-000979,Elena Williams,home,26831.3,2,1,75,1,simple,0
SYNTH-000980,Amara Kim,travel,15680.54,1,1,65,3,simple,0
SYNTH-000981,Joseph Novak,health,113360.8,4,1,148,0,complex,0
SYNTH-000982,William Khan,life,295228.28,4,1,72,3,high_value,0
SYNTH-000983,David Kim,travel,15656.92,1,1,38,0,simple,0
SYNTH-000984,Joseph Garcia,travel,20322.85,3,0,12,2,simple,0
SYNTH-000985,Patricia Nakamura,motor,60620.21,2,1,219,1,simple,0
SYNTH-000986,Omar Martinez,business,229085.13,6,1,221,2,high_value,0
SYNTH-000987,Linda Garcia,home,76513.8,4,1,123,0,complex,0
SYNTH-000988,Fatima Silva,travel,10256.08,2,1,231,3,simple,0
SYNTH-000989,Jennifer Williams,travel,6668.06,2,1,147,0,simple,0
SYNTH-000990,Fatima Kim,business,569081.83,1,1,23,3,high_value,0
SYNTH-000991,Richard Williams,motor,34981.03,3,1,35,1,simple,0
SYNTH-000992,Richard Sharma,home,170303.96,1,0,78,1,simple,0
SYNTH-000993,Robert Smith,travel,23651.65,5,1,112,1,complex,0
SYNTH-000994,Wei Kim,life,436653.33,1,1,28,0,high_value,0
SYNTH-000995,Omar Martinez,life,557614.94,3,1,258,2,high_value,0
SYNTH-000996,Fatima Smith,travel,43780.57,2,1,25,1,simple,0
SYNTH-000997,Elizabeth Johnson,home,131309.75,2,1,193,1,simple,0
SYNTH-000998,Arjun Khan,motor,43274.57,6,1,39,1,complex,1
SYNTH-000999,Amara Nakamura,health,39086.72,3,1,127,0,simple,0
SYNTH-001000,Arjun Miller,business,26928.48,3,1,180,2,simple,0
SYNTH-001001,Barbara Silva,business,438259.79,1,1,398,1,high_value,0
SYNTH-001002,James Williams,life,235141.09,4,1,43,1,high_value,0
SYNTH-001003,Susan Jones,business,243260.3,2,0,343,1,high_value,0
SYNTH-001004,Omar Silva,health,85919.69,4,0,65,1,complex,0
SYNTH-001005,Joseph Nakamura,home,72132.42,1,1,68,0,simple,0
SYNTH-001006,Jessica Davis,motor,65768.36,4,1,32,1,complex,1
SYNTH-001007,Barbara Johnson,business,156843.89,1,1,19,0,simple,0
SYNTH-001008,Jessica Williams,health,142263.64,1,1,33,2,simple,1
SYNTH-001009,Elena Rodriguez,life,720391.75,2,1,56,1,high_value,0
SYNTH-001010,Linda Novak,travel,16067.61,1,1,25,2,simple,0
SYNTH-001011,Sofia Martinez,business,428518.71,1,1,7,1,high_value,0
SYNTH-001012,Jessica Kim,home,51357.62,1,0,97,1,simple,0
SYNTH-001013,Barbara Martinez,home,94055.04,4,1,12,2,complex,0
SYNTH-001014,Elizabeth Rodriguez,motor,36129.06,2,1,27,2,simple,0
SYNTH-001015,Liam Martinez,health,30608.73,4,1,148,1,complex,0
SYNTH-001016,Priya Williams,business,308416.78,2,1,107,4,high_value,0
SYNTH-001017,William Smith,motor,50979.47,5,1,10,0,complex,0
SYNTH-001018,Robert Kim,business,484963.86,1,0,203,0,high_value,0
SYNTH-001019,Jessica Garcia,motor,53266.3,4,1,8,2,complex,0
SYNTH-001020,Robert Jones,home,87805.79,2,1,49,2,simple,0
SYNTH-001021,Liam Kim,travel,24182.66,2,1,9,3,simple,0
SYNTH-001022,Barbara Johnson,business,213436.58,4,1,211,1,high_value,0
SYNTH-001023,Joseph Nakamura,business,454058.38,1,1,26,0,high_value,0
SYNTH-001024,Arjun Davis,travel,17275.98,3,1,3,1,simple,0
SYNTH-001025,Priya Silva,travel,16302.25,4,1,142,0,complex,0
SYNTH-001026,David Costa,health,60741.2,2,1,280,2,simple,0
SYNTH-001027,Barbara Silva,business,404611.63,6,1,184,2,high_value,0
SYNTH-001028,William Brown,home,83101.29,3,1,75,2,simple,0
SYNTH-001029,Kenji Davis,motor,69341.96,2,1,39,1,simple,0
SYNTH-001030,Liam Garcia,business,196993.63,2,1,72,2,simple,0
SYNTH-001031,James Silva,motor,63414.59,2,1,68,1,simple,0
SYNTH-001032,Kenji Martinez,health,72682.54,2,1,102,1,simple,0
SYNTH-001033,Wei Miller,motor,25775.99,5,1,108,0,simple,0
SYNTH-001034,Wei Jones,home,99423.84,3,1,146,1,simple,0
SYNTH-001035,Jennifer Brown,travel,34866.92,6,1,0,0,complex,0
SYNTH-001036,John Kim,business,351217.51,4,1,17,0,high_value,0
SYNTH-001037,Elena Sharma,motor,62177.17,3,1,35,0,simple,0
SYNTH-001038,Richard Nakamura,motor,8918.73,1,1,14,2,simple,0
SYNTH-001039,Jennifer Kim,motor,27598.32,1,1,238,1,simple,0
SYNTH-001040,Jennifer Novak,health,61452.13,1,1,122,1,simple,0
SYNTH-001041,Sofia Brown,health,42411.2,2,0,140,2,simple,0
SYNTH-001042,Fatima Rodriguez,travel,31383.42,3,1,348,0,simple,0
SYNTH-001043,James Johnson,travel,25967.97,5,0,195,1,complex,0
SYNTH-001044,Richard Smith,business,318988.63,2,1,29,0,high_value,0
SYNTH-001045,Richard Williams,home,80477.71,3,1,126,2,simple,0
SYNTH-001046,Elena Novak,home,60335.03,4,1,86,0,complex,0
SYNTH-001047,Liam Martinez,health,40017.74,3,1,24,3,simple,0
SYNTH-001048,Barbara Sharma,travel,16742.5,2,0,430,0,simple,0
SYNTH-001049,Michael Garcia,health,88337.21,1,1,108,1,simple,0
SYNTH-001050,Amara Nakamura,home,52866.96,4,0,374,3,complex,0
SYNTH-001051,Sofia Kim,health,59406.11,2,1,2,2,simple,0
SYNTH-001052,Fatima Davis,business,412859.83,1,1,97,2,simple,0
SYNTH-001053,Jessica Kim,travel,11335.4,7,1,86,1,complex,0
SYNTH-001054,Mary Nakamura,health,56595.67,2,0,125,1,simple,0
SYNTH-001055,Liam Jones,health,82405.2,1,1,177,1,simple,0
SYNTH-001056,Robert Novak,business,594719.08,7,1,59,1,high_value,1
SYNTH-001057,Linda Jones,business,250372.16,2,0,22,1,high_value,0
SYNTH-001058,Patricia Kim,health,47741.33,4,1,248,2,complex,0
SYNTH-001059,Patricia Brown,home,137396.81,1,1,61,3,simple,0
SYNTH-001060,Michael Silva,travel,17524.54,5,1,72,1,complex,0
SYNTH-001061,David Brown,motor,30557.77,5,1,31,2,complex,0
SYNTH-001062,Omar Miller,business,74439.91,2,1,83,1,simple,0
SYNTH-001063,Robert Silva,health,74904.54,3,1,134,0,simple,0
SYNTH-001064,Fatima Johnson,life,149588.01,4,1,111,2,complex,0
SYNTH-001065,Elena Garcia,life,330182.63,3,0,11,1,high_value,0
SYNTH-001066,John Martinez,health,41506.43,3,1,71,1,simple,1
SYNTH-001067,Robert Miller,travel,12050.31,3,1,82,2,simple,0
SYNTH-001068,Jennifer Johnson,life,274905.14,3,1,82,0,high_value,0
SYNTH-001069,Sofia Martinez,home,32237.91,1,1,148,1,simple,0
SYNTH-001070,Priya Brown,motor,8299.84,3,1,105,1,simple,0
SYNTH-001071,Linda Kim,home,57473.16,3,1,1,3,simple,0
SYNTH-001072,Omar Jones,business,333907.4,4,1,36,2,high_value,0
SYNTH-001073,Jennifer Johnson,business,135743.54,4,1,263,3,complex,0
SYNTH-001074,David Kim,health,65204.75,3,1,240,1,simple,0
SYNTH-001075,Jennifer Smith,health,43119.61,2,0,163,0,simple,0
SYNTH-001076,Joseph Sharma,travel,20291.23,3,1,11,2,simple,0
SYNTH-001077,Elena Brown,travel,19689.79,1,1,84,0,simple,0
SYNTH-001078,Michael Nakamura,motor,20765.2,1,1,112,0,simple,0
SYNTH-001079,Susan Jones,life,317689.36,3,0,47,0,high_value,0
SYNTH-001080,Robert Kim,life,439851.27,1,1,133,2,high_value,0
SYNTH-001081,David Jones,business,516324.27,2,1,22,0,high_value,0
SYNTH-001082,Joseph Kim,health,47205.44,3,1,436,0,simple,0
SYNTH-001083,Wei Garcia,travel,30835.9,1,1,234,1,simple,0
SYNTH-001084,Arjun Davis,business,377975.2,3,1,132,1,high_value,0
SYNTH-001085,Michael Novak,health,35850.51,3,1,84,0,simple,0
SYNTH-001086,Linda Davis,travel,20908.68,6,1,175,0,complex,0
SYNTH-001087,Robert Smith,motor,22327.91,3,1,127,2,simple,0
SYNTH-001088,Priya Johnson,travel,23848.43,1,1,592,0,complex,0
SYNTH-001089,Patricia Kim,travel,8531.34,4,1,36,1,complex,0
SYNTH-001090,Kenji Silva,travel,28737.66,2,1,83,2,simple,1
SYNTH-001091,John Smith,life,486809.97,3,0,158,2,high_value,0
SYNTH-001092,Fatima Smith,travel,6931.84,2,1,140,1,simple,0
SYNTH-001093,Jennifer Khan,travel,13961.06,1,1,116,3,simple,0
SYNTH-001094,John Nakamura,business,70206.38,4,1,298,0,complex,0
SYNTH-001095,Amara Miller,business,432654.18,1,1,310,0,complex,0
SYNTH-001096,Mary Costa,business,156927.44,2,0,105,1,simple,0
SYNTH-001097,Joseph Johnson,business,271322.99,5,1,38,3,high_value,0
SYNTH-001098,Arjun Miller,motor,23631.11,2,1,344,2,simple,0
SYNTH-001099,Jessica Miller,life,611390.32,7,1,247,0,high_value,0
SYNTH-001100,Priya Silva,business,148684.51,5,1,4,2,complex,0
SYNTH-001101,Priya Costa,motor,49167.22,2,0,469,1,simple,0
SYNTH-001102,Elizabeth Kim,health,39048.44,3,1,268,1,simple,0
SYNTH-001103,John Miller,home,82510.13,7,1,103,0,complex,0
SYNTH-001104,John Brown,travel,33134.67,1,0,99,1,simple,0
SYNTH-001105,Michael Costa,life,531736.88,5,1,1,2,high_value,0
SYNTH-001106,Robert Novak,business,470855.32,1,0,14,1,high_value,0
SYNTH-001107,Michael Williams,motor,18558.54,4,1,48,3,complex,1
SYNTH-001108,Sofia Sharma,health,13778.96,5,1,27,1,complex,0
SYNTH-001109,Jessica Costa,travel,16235.33,3,1,322,3,simple,0
SYNTH-001110,Omar Martinez,home,102537.89,3,1,103,0,simple,0
SYNTH-001111,Elizabeth Johnson,life,374777.21,1,1,35,0,high_value,0
SYNTH-001112,Jennifer Martinez,life,221976.14,1,1,129,0,high_value,0
SYNTH-001113,Liam Jones,life,718360.97,3,1,99,0,high_value,0
SYNTH-001114,Joseph Rodriguez,life,956891.25,3,1,214,2,complex,0
SYNTH-001115,David Khan,motor,68692.34,2,1,45,1,simple,1
SYNTH-001116,Elizabeth Brown,life,420481.71,1,1,60,2,high_value,0
SYNTH-001117,Joseph Sharma,health,99213.9,1,1,45,3,simple,0
SYNTH-001118,David Martinez,life,300462.18,4,0,84,1,high_value,0
SYNTH-001119,Fatima Jones,travel,21709.19,1,1,16,2,simple,0
SYNTH-001120,Patricia Novak,home,88657.45,5,1,49,1,complex,0
SYNTH-001121,Richard Davis,health,90888.71,1,0,61,1,simple,0
SYNTH-001122,Michael Costa,travel,24957.25,1,1,80,3,simple,0
SYNTH-001123,John Kim,life,206783.33,5,1,17,0,high_value,0
SYNTH-001124,Michael Novak,business,189100.03,5,1,74,1,complex,0
SYNTH-001125,Liam Khan,motor,49701.06,9,1,110,2,complex,0
SYNTH-001126,Barbara Smith,travel,29739.05,4,0,46,1,complex,0
SYNTH-001127,Arjun Williams,motor,38432.8,4,1,52,1,complex,0
SYNTH-001128,Omar Kim,life,469463.69,2,1,82,0,high_value,0
SYNTH-001129,Kenji Silva,motor,22579.8,7,1,386,2,complex,0
SYNTH-001130,Elizabeth Novak,life,327892.99,3,1,9,0,high_value,0
SYNTH-001131,Elena Nakamura,home,54683.31,3,1,67,1,simple,0
SYNTH-001132,Jennifer Kim,health,82046.5,3,0,369,2,simple,0
SYNTH-001133,Richard Martinez,business,635164.3,3,1,386,3,high_value,0
SYNTH-001134,Fatima Martinez,home,98569.54,2,1,83,3,simple,0
SYNTH-001135,James Jones,travel,40314.97,1,1,2,1,simple,1
SYNTH-001136,Patricia Martinez,motor,76162.92,2,1,106,1,simple,0
SYNTH-001137,James Brown,travel,37249.14,5,1,15,3,complex,0
SYNTH-001138,Barbara Novak,motor,10575.31,2,1,48,3,simple,0
SYNTH-001139,Amara Brown,home,153252.83,2,1,44,0,simple,0
SYNTH-001140,Jennifer Johnson,motor,51685.84,3,1,33,0,simple,0
SYNTH-001141,Jennifer Johnson,life,627139.52,2,1,139,2,high_value,0
SYNTH-001142,Mary Martinez,motor,33016.37,1,1,40,1,simple,0
SYNTH-001143,Elena Garcia,motor,53717.28,3,1,93,0,simple,0
SYNTH-001144,David Martinez,health,28235.89,3,1,224,3,simple,0
SYNTH-001145,Fatima Khan,motor,28946.4,8,1,12,0,complex,0
SYNTH-001146,Jessica Silva,life,441606.81,3,0,34,1,high_value,0
SYNTH-001147,Priya Davis,motor,35722.12,3,1,97,0,simple,0
SYNTH-001148,Priya Brown,life,653010.7,3,1,259,1,high_value,0
SYNTH-001149,James Novak,travel,12956.2,4,1,142,2,complex,0
SYNTH-001150,Wei Costa,motor,37487.36,3,1,74,3,simple,0
SYNTH-001151,Patricia Davis,motor,16311.07,5,1,51,1,complex,0
SYNTH-001152,Robert Miller,life,199328.49,5,1,212,1,complex,0
SYNTH-001153,Patricia Williams,life,334926.33,6,1,6,1,high_value,0
SYNTH-001154,Patricia Johnson,health,45856.56,4,1,42,1,complex,0
SYNTH-001155,William Johnson,business,362879.57,7,1,155,1,high_value,0
SYNTH-001156,Wei Miller,health,12912.57,2,1,139,0,simple,0
SYNTH-001157,John Jones,home,93699.74,2,1,31,1,simple,0
SYNTH-001158,Jennifer Costa,business,350615.06,3,1,75,0,high_value,0
SYNTH-001159,Fatima Smith,business,393716.05,4,1,104,2,high_value,0
SYNTH-001160,Elena Smith,home,64369.65,4,1,144,0,complex,0
SYNTH-001161,Amara Novak,business,262455.26,2,0,0,1,high_value,0
SYNTH-001162,Patricia Garcia,motor,20820.12,2,1,5,2,simple,0
SYNTH-001163,Susan Brown,motor,34122.78,2,1,25,1,simple,0
SYNTH-001164,Elena Khan,motor,37167.28,4,0,159,5,complex,0
SYNTH-001165,Jessica Brown,business,287307.48,5,1,462,1,high_value,0
SYNTH-001166,Joseph Davis,travel,10114.24,1,1,114,3,simple,0
SYNTH-001167,John Novak,home,52968.87,1,1,83,0,simple,0
SYNTH-001168,Patricia Nakamura,business,282655.58,3,1,66,1,high_value,0
SYNTH-001169,Richard Nakamura,travel,22043.71,5,1,112,0,complex,0
SYNTH-001170,Jennifer Williams,business,197980.52,2,1,143,1,simple,0
SYNTH-001171,Richard Brown,motor,41866.33,3,1,113,2,simple,0
SYNTH-001172,Amara Rodriguez,life,422915.06,4,1,325,2,high_value,0
SYNTH-001173,Richard Novak,business,320733.14,2,1,107,0,high_value,0
SYNTH-001174,William Novak,home,70413.17,3,1,18,0,simple,0
SYNTH-001175,Kenji Johnson,travel,20732.15,4,1,124,1,complex,1
SYNTH-001176,Liam Sharma,health,65967.99,3,1,140,1,simple,0
SYNTH-001177,Liam Costa,life,361736.58,5,1,7,0,high_value,0
SYNTH-001178,Jessica Costa,travel,18340.92,3,1,29,0,simple,0
SYNTH-001179,James Johnson,motor,46319.83,1,1,345,1,simple,0
SYNTH-001180,Richard Kim,travel,19022.91,3,1,161,1,simple,0
SYNTH-001181,Elena Martinez,travel,18222.35,2,0,60,0,simple,0
SYNTH-001182,Richard Novak,business,494291.18,1,1,127,3,high_value,0
SYNTH-001183,Arjun Novak,health,88789.74,3,1,486,4,simple,0
SYNTH-001184,William Novak,travel,19966.13,1,1,162,1,simple,0
SYNTH-001185,Elizabeth Sharma,home,98072.37,1,1,58,0,simple,0
SYNTH-001186,Kenji Smith,health,84092.94,2,0,26,1,complex,0
SYNTH-001187,Barbara Silva,business,319415.88,1,1,79,1,high_value,0
SYNTH-001188,Elizabeth Williams,motor,23042.05,5,0,40,0,complex,0
SYNTH-001189,James Sharma,business,241947.65,4,0,123,2,high_value,0
SYNTH-001190,Susan Rodriguez,health,47149.61,1,1,43,1,simple,0
SYNTH-001191,Richard Nakamura,health,43521.4,5,1,60,2,complex,0
SYNTH-001192,Liam Miller,motor,43984.51,2,1,45,2,simple,0
SYNTH-001193,Jennifer Martinez,motor,32458.54,4,1,59,2,complex,0
SYNTH-001194,Omar Williams,motor,29493.56,5,1,193,1,complex,0
SYNTH-001195,Fatima Nakamura,home,10701.5,3,1,235,0,simple,0
SYNTH-001196,Fatima Brown,life,304032.36,3,1,22,2,high_value,0
SYNTH-001197,Jessica Silva,home,114321.44,4,1,24,0,complex,0
SYNTH-001198,Priya Martinez,life,248589.75,6,1,44,1,high_value,0
SYNTH-001199,William Costa,travel,6084.68,5,1,4,2,complex,0
SYNTH-001200,Sofia Costa,travel,21335.26,2,1,33,1,simple,0
SYNTH-001201,Kenji Kim,life,488027.08,5,1,120,2,high_value,0
SYNTH-001202,Elena Silva,motor,61395.12,2,1,189,1,simple,0
SYNTH-001203,Joseph Jones,home,188851.81,3,1,142,3,simple,0
SYNTH-001204,Susan Silva,life,295316.21,1,1,34,1,high_value,0
SYNTH-001205,Susan Rodriguez,motor,31355.68,7,1,16,2,complex,0
SYNTH-001206,Richard Davis,motor,59211.22,3,1,211,0,simple,0
SYNTH-001207,Arjun Silva,health,93650.2,5,0,121,2,complex,0
SYNTH-001208,James Rodriguez,travel,21395.41,5,1,270,0,simple,0
SYNTH-001209,Kenji Novak,motor,94655.96,1,1,264,0,simple,1
SYNTH-001210,Elizabeth Williams,health,87919.14,5,0,62,2,complex,0
SYNTH-001211,Richard Jones,travel,21673.36,2,1,102,2,simple,0
SYNTH-001212,Priya Costa,life,479071.07,2,0,88,3,high_value,0
SYNTH-001213,Elena Sharma,motor,39629.69,2,1,40,1,simple,0
SYNTH-001214,Kenji Davis,motor,28255.67,2,1,55,2,simple,0
SYNTH-001215,William Kim,travel,23501.33,2,1,134,2,simple,0
SYNTH-001216,Barbara Brown,travel,16231.75,2,1,152,1,simple,0
SYNTH-001217,William Jones,motor,57599.87,2,1,2,1,simple,0
SYNTH-001218,Sofia Johnson,motor,46962.81,3,1,22,0,simple,0
SYNTH-001219,Omar Davis,business,274645.7,3,1,334,0,high_value,0
SYNTH-001220,Barbara Brown,motor,28385.49,1,1,68,0,simple,0
SYNTH-001221,Richard Rodriguez,home,142205.84,3,1,70,4,simple,0
SYNTH-001222,Michael Garcia,motor,29292.41,1,0,43,0,simple,0
SYNTH-001223,Susan Johnson,travel,20802.51,4,1,1,1,complex,0
SYNTH-001224,Jessica Silva,motor,30757.42,2,1,69,2,simple,0
SYNTH-001225,Jennifer Rodriguez,motor,30637.07,2,1,169,1,simple,0
SYNTH-001226,Arjun Sharma,home,97160.87,4,0,150,0,complex,0
SYNTH-001227,Jennifer Kim,travel,29878.99,1,1,447,1,simple,0
SYNTH-001228,David Williams,business,321762.1,4,0,52,1,high_value,0
SYNTH-001229,Sofia Jones,health,114142.44,3,1,4,2,simple,0
SYNTH-001230,Jessica Jones,home,83470.0,5,1,29,1,complex,0
SYNTH-001231,Elizabeth Miller,motor,26138.51,3,1,123,5,simple,0
SYNTH-001232,Fatima Davis,health,65837.03,1,1,0,0,simple,0
SYNTH-001233,Sofia Davis,health,31117.59,1,1,3,1,simple,0
SYNTH-001234,Jennifer Johnson,health,88656.47,5,1,502,3,complex,0
SYNTH-001235,Barbara Garcia,travel,36886.26,2,1,306,0,simple,0
SYNTH-001236,Joseph Novak,home,57701.76,4,0,169,4,complex,0
SYNTH-001237,Omar Rodriguez,health,67697.82,4,1,35,0,complex,0
SYNTH-001238,Michael Miller,motor,48474.2,1,1,127,2,simple,0
SYNTH-001239,Omar Jones,motor,74022.38,5,1,27,1,complex,0
SYNTH-001240,Linda Khan,health,132489.06,4,1,113,1,complex,0
SYNTH-001241,Robert Sharma,home,121060.55,2,1,55,2,simple,1
SYNTH-001242,Susan Rodriguez,business,389159.37,2,1,429,2,high_value,0
SYNTH-001243,Linda Novak,health,84928.71,2,0,46,0,simple,0
SYNTH-001244,Wei Johnson,motor,31266.27,1,1,146,1,simple,0
SYNTH-001245,Richard Khan,health,39085.13,2,1,168,0,simple,0
SYNTH-001246,William Garcia,life,316593.51,2,1,206,2,high_value,0
SYNTH-001247,John Sharma,home,109617.83,4,1,1,0,complex,0
SYNTH-001248,Mary Jones,business,420324.99,2,1,76,2,high_value,0
SYNTH-001249,Susan Martinez,travel,31131.16,5,1,39,0,complex,0
SYNTH-001250,David Silva,motor,63915.72,2,1,278,2,simple,0
SYNTH-001251,Robert Kim,life,430259.74,2,1,65,1,high_value,0
SYNTH-001252,Jessica Rodriguez,health,62061.01,2,1,33,0,simple,0
SYNTH-001253,Jessica Johnson,life,185932.9,5,1,58,1,complex,0
SYNTH-001254,Jessica Brown,travel,21418.23,3,1,119,1,simple,0
SYNTH-001255,Elizabeth Garcia,business,586117.81,4,1,32,1,high_value,0
SYNTH-001256,Liam Miller,life,345039.04,2,1,186,0,high_value,0
SYNTH-001257,John Davis,home,23746.97,3,1,101,3,high_value,0
SYNTH-001258,Liam Brown,travel,22782.73,2,1,402,0,simple,1
SYNTH-001259,David Jones,travel,4803.92,4,1,86,1,complex,0
SYNTH-001260,Joseph Rodriguez,health,63378.39,5,0,94,0,complex,0
SYNTH-001261,Wei Kim,home,83957.52,3,1,185,1,simple,0
SYNTH-001262,Omar Jones,motor,56215.36,1,1,61,1,simple,0
SYNTH-001263,Omar Johnson,life,495539.31,2,1,137,4,high_value,0
SYNTH-001264,Richard Rodriguez,business,333867.87,3,0,67,1,high_value,0
SYNTH-001265,James Miller,life,780859.78,4,1,63,2,high_value,0
SYNTH-001266,Sofia Jones,life,226252.65,1,1,12,1,high_value,0
SYNTH-001267,Elizabeth Jones,health,67476.3,1,1,45,3,simple,0
SYNTH-001268,Jessica Kim,motor,36105.51,1,1,224,2,simple,0
SYNTH-001269,Elena Silva,travel,48163.91,3,1,286,2,simple,0
SYNTH-001270,Mary Costa,motor,82777.97,1,1,91,1,simple,0
SYNTH-001271,Amara Jones,motor,56695.77,2,1,373,0,simple,0
SYNTH-001272,Joseph Silva,travel,13513.47,2,1,81,3,simple,0
SYNTH-001273,Robert Martinez,health,83945.76,2,1,64,1,simple,0
SYNTH-001274,John Johnson,life,239908.32,4,1,80,2,high_value,0
SYNTH-001275,Liam Rodriguez,home,95950.01,3,0,9,1,simple,0
SYNTH-001276,Patricia Kim,motor,20465.69,5,1,57,1,complex,0
SYNTH-001277,Susan Martinez,life,503971.98,4,1,719,1,high_value,0
SYNTH-001278,Wei Rodriguez,motor,44308.12,7,1,16,5,complex,0
SYNTH-001279,Jennifer Williams,motor,46186.55,1,1,84,2,simple,0
SYNTH-001280,Susan Smith,business,204243.12,1,1,26,1,high_value,0
SYNTH-001281,Amara Nakamura,health,47685.63,3,1,184,0,high_value,0
SYNTH-001282,Wei Khan,business,258831.45,3,1,65,1,high_value,0
SYNTH-001283,Elizabeth Williams,business,323902.82,4,1,218,0,high_value,0
SYNTH-001284,Amara Miller,life,683452.56,1,0,123,2,high_value,0
SYNTH-001285,Susan Miller,health,49080.2,4,1,230,1,complex,0
SYNTH-001286,James Brown,health,86375.84,9,1,34,1,complex,0
SYNTH-001287,Jessica Novak,life,457842.99,4,1,55,1,high_value,0
SYNTH-001288,Fatima Nakamura,health,96398.58,4,1,150,1,complex,0
SYNTH-001289,Susan Silva,health,23397.3,2,1,142,1,simple,0
SYNTH-001290,Elizabeth Johnson,travel,7226.3,1,1,331,1,simple,0
SYNTH-001291,Liam Novak,travel,14901.03,1,1,32,0,simple,0
SYNTH-001292,David Williams,life,510625.54,3,1,4,0,high_value,0
SYNTH-001293,Jessica Khan,motor,11948.65,4,1,86,1,complex,0
SYNTH-001294,Jessica Khan,travel,10763.43,4,1,116,2,complex,0
SYNTH-001295,David Kim,travel,22555.24,5,1,8,1,complex,0
SYNTH-001296,Susan Khan,life,605836.01,2,1,109,1,high_value,0
SYNTH-001297,Elizabeth Williams,travel,9414.85,2,1,113,3,simple,0
SYNTH-001298,Jessica Brown,business,661155.82,2,1,68,1,high_value,0
SYNTH-001299,Arjun Johnson,travel,24044.95,2,1,234,1,simple,0
SYNTH-001300,Jennifer Costa,health,33240.4,2,1,5,2,simple,0
SYNTH-001301,Linda Brown,health,118075.78,4,1,283,3,complex,0
SYNTH-001302,Barbara Johnson,home,132725.35,5,1,9,2,complex,0
SYNTH-001303,Priya Brown,home,124293.5,4,1,95,1,complex,0
SYNTH-001304,Elena Brown,business,335119.63,1,0,129,2,high_value,0
SYNTH-001305,Patricia Johnson,health,79230.77,5,1,51,1,complex,0
SYNTH-001306,Barbara Garcia,home,157327.24,2,0,53,0,simple,0
SYNTH-001307,Kenji Brown,business,402190.88,6,1,97,1,high_value,0
SYNTH-001308,Michael Kim,life,375445.49,5,1,101,3,high_value,0
SYNTH-001309,Priya Garcia,travel,8625.01,10,1,92,1,complex,0
SYNTH-001310,Sofia Davis,health,63110.9,1,1,256,1,simple,0
SYNTH-001311,Robert Silva,life,249169.59,1,1,33,1,high_value,0
SYNTH-001312,Priya Khan,travel,37862.08,1,1,24,0,simple,0
SYNTH-001313,Priya Williams,health,92959.02,3,1,77,1,simple,0
SYNTH-001314,Susan Johnson,health,88143.05,3,1,192,0,simple,0
SYNTH-001315,Fatima Johnson,travel,28928.49,2,1,257,3,simple,0
SYNTH-001316,Elizabeth Silva,business,291559.19,2,1,482,0,high_value,0
SYNTH-001317,Kenji Sharma,travel,24227.06,3,1,97,0,simple,0
SYNTH-001318,Robert Nakamura,motor,80479.28,2,0,40,0,simple,0
SYNTH-001319,Wei Kim,travel,3957.23,2,1,85,2,simple,0
SYNTH-001320,Elena Miller,business,292269.99,3,1,229,2,high_value,0
SYNTH-001321,Kenji Jones,motor,28259.71,3,0,21,1,simple,0
SYNTH-001322,Arjun Martinez,home,89757.27,5,1,66,2,complex,0
SYNTH-001323,Omar Rodriguez,home,48621.5,3,1,148,0,simple,1
SYNTH-001324,Priya Brown,life,395312.95,4,1,52,1,high_value,0
SYNTH-001325,Barbara Brown,business,334476.03,3,0,0,0,high_value,0
SYNTH-001326,Fatima Smith,health,90166.77,6,1,10,0,complex,0
SYNTH-001327,Fatima Davis,travel,3628.85,5,1,22,1,complex,0
SYNTH-001328,Fatima Jones,motor,35590.79,2,1,217,0,simple,0
SYNTH-001329,Priya Miller,business,646099.75,2,1,55,2,high_value,0
SYNTH-001330,Susan Williams,motor,60698.83,3,1,264,1,simple,0
SYNTH-001331,Joseph Williams,health,59828.61,1,0,371,0,simple,0
SYNTH-001332,Elena Nakamura,motor,56101.58,1,1,310,2,simple,0
SYNTH-001333,Amara Novak,motor,22226.35,2,1,407,3,simple,0
SYNTH-001334,Robert Novak,business,555608.48,3,1,231,3,high_value,0
SYNTH-001335,Priya Brown,business,347228.74,4,1,148,0,high_value,0
SYNTH-001336,Arjun Khan,business,523628.3,3,1,84,0,high_value,0
SYNTH-001337,Fatima Martinez,health,129155.31,1,1,168,1,simple,0
SYNTH-001338,Barbara Martinez,health,26107.63,4,1,71,1,complex,0
SYNTH-001339,Fatima Silva,motor,79212.81,1,1,58,2,simple,0
SYNTH-001340,Jennifer Novak,health,24376.31,2,1,232,0,simple,0
SYNTH-001341,Susan Novak,health,101415.98,2,0,8,0,simple,0
SYNTH-001342,Richard Novak,home,44736.57,4,1,112,1,complex,0
SYNTH-001343,Sofia Kim,business,309576.87,2,1,126,0,high_value,0
SYNTH-001344,John Silva,travel,36670.19,2,1,82,1,simple,0
SYNTH-001345,Liam Kim,travel,28600.51,2,1,166,0,simple,0
SYNTH-001346,James Martinez,business,539235.38,5,1,179,1,high_value,0
SYNTH-001347,Wei Johnson,home,150463.35,1,1,2,2,simple,0
SYNTH-001348,James Brown,home,67866.01,2,1,317,0,simple,0
SYNTH-001349,Omar Miller,business,788413.49,2,1,10,3,high_value,1
SYNTH-001350,John Sharma,life,477016.46,4,1,266,0,high_value,0
SYNTH-001351,David Silva,travel,11826.58,3,1,351,0,simple,0
SYNTH-001352,William Williams,life,547465.73,6,1,107,2,high_value,0
SYNTH-001353,Jennifer Rodriguez,health,43039.14,1,1,5,3,simple,0
SYNTH-001354,Mary Sharma,health,103633.16,5,1,99,1,complex,0
SYNTH-001355,David Jones,life,497598.26,1,0,356,3,high_value,0
SYNTH-001356,Patricia Johnson,travel,21928.96,7,1,366,1,complex,0
SYNTH-001357,Priya Costa,life,760195.86,3,1,75,1,high_value,0
SYNTH-001358,Arjun Silva,travel,15627.61,1,1,64,4,simple,0
SYNTH-001359,James Rodriguez,health,117113.47,7,1,58,1,complex,0
SYNTH-001360,Arjun Jones,home,21885.07,4,1,109,1,complex,0
SYNTH-001361,Priya Miller,motor,57591.23,3,1,4,0,simple,0
SYNTH-001362,Arjun Silva,life,168326.52,3,1,291,1,simple,0
SYNTH-001363,Wei Martinez,home,65891.75,3,1,205,2,complex,0
SYNTH-001364,William Nakamura,business,403881.1,5,1,366,1,complex,0
SYNTH-001365,Elizabeth Johnson,motor,34785.25,6,1,249,1,complex,0
SYNTH-001366,Richard Brown,life,594811.04,2,1,41,2,high_value,0
SYNTH-001367,Michael Costa,life,143076.65,6,1,164,0,complex,0
SYNTH-001368,Elena Kim,motor,36706.18,1,1,153,2,simple,0
SYNTH-001369,Joseph Sharma,motor,69222.04,3,1,99,0,simple,0
SYNTH-001370,Wei Novak,health,50795.11,7,1,133,1,complex,0
SYNTH-001371,Amara Novak,health,105706.83,1,1,112,1,simple,0
SYNTH-001372,John Smith,travel,33520.01,3,1,133,0,simple,0
SYNTH-001373,Richard Khan,business,273319.4,4,1,28,1,high_value,0
SYNTH-001374,James Brown,travel,34083.61,8,1,154,3,complex,0
SYNTH-001375,Kenji Smith,travel,46017.55,2,1,122,1,simple,1
SYNTH-001376,Wei Martinez,motor,28067.35,2,1,216,1,simple,0
SYNTH-001377,Mary Rodriguez,business,644502.25,3,1,278,2,high_value,0
SYNTH-001378,Michael Nakamura,travel,5410.27,2,1,129,0,simple,0
SYNTH-001379,Arjun Miller,health,101730.96,3,1,69,0,simple,0
SYNTH-001380,Jennifer Williams,business,304130.07,6,1,69,2,high_value,0
SYNTH-001381,Fatima Davis,home,102235.17,3,0,74,0,simple,0
SYNTH-001382,James Rodriguez,home,58408.19,3,1,178,1,simple,0
SYNTH-001383,Sofia Johnson,business,287691.24,7,1,56,1,high_value,0
SYNTH-001384,Liam Costa,motor,31809.47,5,1,27,1,complex,0
SYNTH-001385,Kenji Davis,travel,11840.53,2,1,17,0,simple,0
SYNTH-001386,James Nakamura,health,48656.07,4,1,405,0,complex,0
SYNTH-001387,Kenji Davis,life,727470.06,3,1,147,1,high_value,0
SYNTH-001388,Jennifer Sharma,business,371880.55,1,1,1,1,high_value,0
SYNTH-001389,Susan Smith,motor,53761.33,2,0,95,0,simple,1
SYNTH-001390,Linda Brown,home,21892.89,1,1,18,1,simple,0
SYNTH-001391,David Costa,travel,10208.57,6,1,52,3,complex,0
SYNTH-001392,Elena Brown,life,165364.11,3,1,217,0,simple,0
SYNTH-001393,Mary Nakamura,business,538855.22,3,1,100,1,high_value,0
SYNTH-001394,Mary Kim,motor,70050.67,2,1,57,2,simple,0
SYNTH-001395,Liam Johnson,health,122331.51,1,1,238,1,simple,0
SYNTH-001396,Wei Silva,home,63157.69,3,0,306,3,simple,0
SYNTH-001397,Joseph Nakamura,life,613795.94,3,1,478,2,high_value,0
SYNTH-001398,David Smith,travel,14769.99,5,1,31,0,complex,0
SYNTH-001399,James Williams,travel,19519.22,4,1,5,3,complex,0
SYNTH-001400,Sofia Costa,home,50792.35,5,1,46,1,complex,0
SYNTH-001401,Jennifer Davis,motor,40949.33,4,1,104,1,complex,0
SYNTH-001402,Susan Costa,life,234647.44,1,1,12,1,high_value,0
SYNTH-001403,Elena Jones,business,625110.35,4,1,341,2,high_value,0
SYNTH-001404,James Costa,life,218997.74,1,1,77,0,high_value,0
SYNTH-001405,Arjun Johnson,home,102188.27,8,1,94,0,complex,0
SYNTH-001406,Michael Williams,travel,20013.56,4,1,237,0,complex,0
SYNTH-001407,Joseph Sharma,motor,50923.67,1,1,61,1,simple,0
SYNTH-001408,David Garcia,home,78358.4,4,1,118,1,complex,0
SYNTH-001409,Linda Smith,health,19742.58,2,1,233,0,simple,0
SYNTH-001410,Linda Novak,business,226347.38,4,1,155,1,high_value,0
SYNTH-001411,Richard Miller,business,396371.39,3,1,61,1,high_value,0
SYNTH-001412,John Khan,travel,30345.89,4,1,94,1,complex,0
SYNTH-001413,Sofia Khan,health,57398.89,5,1,94,2,complex,0
SYNTH-001414,Linda Rodriguez,health,52960.9,1,1,109,2,simple,0
SYNTH-001415,Michael Smith,business,408923.7,2,1,231,1,high_value,0
SYNTH-001416,Liam Jones,life,298246.6,1,1,169,0,high_value,1
SYNTH-001417,Michael Martinez,travel,33831.89,3,1,277,0,simple,0
SYNTH-001418,Priya Silva,travel,18669.73,6,1,199,1,complex,0
SYNTH-001419,Omar Miller,business,313520.83,4,0,154,3,high_value,0
SYNTH-001420,Susan Davis,life,706954.91,3,1,35,3,high_value,0
SYNTH-001421,Elizabeth Jones,health,10156.39,1,1,168,0,simple,0
SYNTH-001422,Robert Costa,motor,40470.24,1,1,182,0,simple,0
SYNTH-001423,Jessica Williams,home,104820.28,4,1,269,3,complex,0
SYNTH-001424,Priya Khan,life,162688.24,5,1,247,2,complex,0
SYNTH-001425,Priya Novak,travel,13985.22,6,1,51,0,complex,0
SYNTH-001426,Sofia Johnson,business,101231.13,3,1,420,0,simple,0
SYNTH-001427,Richard Miller,life,636297.48,1,1,299,0,high_value,0
SYNTH-001428,Barbara Rodriguez,motor,46567.65,1,1,6,0,simple,0
SYNTH-001429,Priya Khan,home,34688.09,4,0,289,2,complex,0
SYNTH-001430,Susan Kim,life,381805.05,6,1,155,0,high_value,0
SYNTH-001431,William Nakamura,travel,9861.87,2,1,202,1,simple,0
SYNTH-001432,Barbara Williams,health,27371.5,5,1,42,5,complex,0
SYNTH-001433,Omar Rodriguez,motor,47925.48,2,1,49,0,simple,0
SYNTH-001434,Michael Sharma,life,307676.31,1,0,29,1,high_value,1
SYNTH-001435,Elena Rodriguez,life,463630.53,1,1,32,1,high_value,0
SYNTH-001436,Elena Rodriguez,life,820123.78,1,1,156,1,high_value,0
SYNTH-001437,Richard Nakamura,health,48496.23,4,1,74,2,complex,0
SYNTH-001438,Elena Jones,home,45365.0,2,1,19,3,high_value,0
SYNTH-001439,Linda Costa,travel,24536.37,3,1,27,1,simple,0
SYNTH-001440,Joseph Sharma,home,111566.85,2,1,239,1,simple,0
SYNTH-001441,Amara Silva,health,71647.13,3,1,13,1,simple,0
SYNTH-001442,Robert Jones,life,345686.04,5,1,41,1,high_value,1
SYNTH-001443,David Davis,motor,33569.27,3,1,5,0,high_value,0
SYNTH-001444,Amara Martinez,travel,10465.96,4,1,85,4,complex,0
SYNTH-001445,Robert Jones,motor,21433.63,3,1,35,0,simple,1
SYNTH-001446,Fatima Nakamura,motor,8577.11,1,1,1,0,simple,0
SYNTH-001447,Michael Novak,travel,14702.52,3,1,94,2,simple,0
SYNTH-001448,Elizabeth Williams,health,70939.12,7,1,204,0,complex,0
SYNTH-001449,Amara Novak,life,929701.73,3,0,77,0,high_value,1
SYNTH-001450,Elizabeth Miller,health,57128.03,2,1,598,1,simple,0
SYNTH-001451,Barbara Costa,life,588643.37,1,1,13,2,high_value,0
SYNTH-001452,Jennifer Brown,health,38075.41,3,1,169,1,simple,0
SYNTH-001453,Michael Jones,life,539593.95,4,1,329,0,high_value,0
SYNTH-001454,Jennifer Martinez,life,159603.23,5,1,106,1,complex,0
SYNTH-001455,Michael Smith,home,51177.04,1,1,108,3,simple,0
SYNTH-001456,Linda Costa,life,755261.71,6,1,99,0,high_value,0
SYNTH-001457,Fatima Johnson,motor,45399.78,4,1,198,2,complex,0
SYNTH-001458,Barbara Martinez,business,146731.02,1,0,118,2,simple,0
SYNTH-001459,Linda Garcia,travel,17131.97,7,1,29,0,complex,0
SYNTH-001460,Jennifer Brown,home,6395.76,2,1,42,1,simple,0
SYNTH-001461,Sofia Martinez,travel,27064.17,1,1,82,1,simple,0
SYNTH-001462,Michael Novak,business,135085.83,3,1,442,1,simple,0
SYNTH-001463,John Brown,travel,28038.65,4,1,313,1,complex,0
SYNTH-001464,William Miller,home,154566.73,7,1,12,1,complex,0
SYNTH-001465,Kenji Kim,home,142425.24,1,0,2,1,high_value,0
SYNTH-001466,Mary Smith,travel,27605.21,1,1,21,1,simple,0
SYNTH-001467,Kenji Kim,motor,63620.41,1,0,79,0,simple,0
SYNTH-001468,Amara Kim,travel,11054.2,5,1,95,2,complex,0
SYNTH-001469,James Brown,life,168525.19,9,1,26,1,complex,0
SYNTH-001470,John Smith,life,725256.08,1,1,167,0,high_value,0
SYNTH-001471,Amara Johnson,business,271759.9,2,1,236,2,high_value,0
SYNTH-001472,Sofia Costa,business,253126.48,1,1,91,0,high_value,0
SYNTH-001473,Amara Martinez,business,300121.78,2,1,178,1,high_value,0
SYNTH-001474,Linda Khan,travel,12044.58,1,0,456,0,complex,0
SYNTH-001475,David Miller,life,720698.0,4,1,33,3,simple,0
SYNTH-001476,Omar Garcia,business,568740.23,6,1,117,0,high_value,0
SYNTH-001477,David Sharma,business,541003.41,1,1,61,3,high_value,0
SYNTH-001478,Richard Silva,home,32322.51,4,1,49,3,complex,0
SYNTH-001479,James Nakamura,health,45152.74,4,1,223,2,complex,0
SYNTH-001480,John Rodriguez,business,301890.37,3,1,48,3,high_value,0
SYNTH-001481,Elena Novak,business,521226.04,2,1,365,2,simple,0
SYNTH-001482,Fatima Garcia,health,118534.63,4,1,74,1,complex,0
SYNTH-001483,Amara Nakamura,motor,83608.63,3,1,2,2,simple,0
SYNTH-001484,Jennifer Sharma,business,121094.25,1,1,40,2,simple,0
SYNTH-001485,Fatima Kim,business,369688.98,2,1,226,1,high_value,0
SYNTH-001486,Amara Smith,travel,12786.95,4,1,466,1,complex,0
SYNTH-001487,Linda Silva,life,693195.93,3,0,14,1,high_value,0
SYNTH-001488,Elizabeth Miller,life,666663.32,2,1,194,2,high_value,0
SYNTH-001489,Kenji Kim,life,419271.48,4,1,541,2,high_value,0
SYNTH-001490,Omar Johnson,business,252060.68,1,1,14,1,high_value,0
SYNTH-001491,Elena Smith,home,99673.83,4,1,23,2,complex,0
SYNTH-001492,Arjun Johnson,life,115187.62,1,1,67,1,simple,0
SYNTH-001493,Linda Nakamura,business,433706.76,2,1,9,1,high_value,0
SYNTH-001494,Jessica Williams,home,73508.27,3,1,114,3,simple,1
SYNTH-001495,Robert Williams,life,373836.41,1,0,530,2,high_value,0
SYNTH-001496,Linda Costa,life,506456.01,2,1,265,1,high_value,0
SYNTH-001497,Michael Davis,health,27176.92,5,1,31,2,complex,0
SYNTH-001498,Joseph Miller,travel,20169.35,2,1,136,1,simple,0
SYNTH-001499,Barbara Nakamura,motor,22912.1,2,1,274,1,simple,0
SYNTH-001500,Kenji Silva,travel,14503.86,6,1,137,0,complex,0
SYNTH-001501,Richard Silva,life,355994.88,1,1,26,2,high_value,1
SYNTH-001502,Robert Garcia,health,52660.41,1,1,37,2,simple,0
SYNTH-001503,Arjun Novak,motor,28391.33,6,1,6,2,complex,0
SYNTH-001504,Michael Smith,health,32704.25,1,1,13,0,simple,0
SYNTH-001505,Richard Silva,health,129344.31,6,1,98,3,complex,0
SYNTH-001506,Sofia Williams,travel,30439.91,2,1,4,1,simple,0
SYNTH-001507,Fatima Garcia,travel,10669.13,3,1,48,1,simple,0
SYNTH-001508,Elena Khan,life,503923.8,4,1,64,0,high_value,0
SYNTH-001509,Mary Nakamura,home,122342.02,2,1,1,1,simple,0
SYNTH-001510,Barbara Smith,travel,45667.15,4,1,12,2,complex,1
SYNTH-001511,Liam Jones,business,281079.35,5,1,152,2,high_value,0
SYNTH-001512,Jennifer Smith,motor,33886.63,3,1,1,3,simple,0
SYNTH-001513,Richard Williams,health,73296.27,3,1,291,0,simple,0
SYNTH-001514,Susan Rodriguez,home,100316.47,4,1,25,2,complex,0
SYNTH-001515,Richard Martinez,business,426125.31,3,1,200,0,high_value,0
SYNTH-001516,John Brown,business,506249.68,1,1,128,1,high_value,0
SYNTH-001517,William Miller,business,274272.23,4,1,74,1,high_value,0
SYNTH-001518,Jessica Smith,business,411773.63,1,1,19,1,high_value,0
SYNTH-001519,Sofia Martinez,health,48648.38,1,0,60,1,simple,0
SYNTH-001520,Robert Miller,business,609602.2,1,1,150,2,high_value,0
SYNTH-001521,Michael Garcia,travel,23759.19,3,1,169,2,simple,0
SYNTH-001522,William Silva,life,557387.67,6,0,92,0,high_value,0
SYNTH-001523,Jennifer Williams,travel,29643.73,4,1,5,0,complex,0
SYNTH-001524,James Davis,motor,86425.8,5,0,12,0,complex,0
SYNTH-001525,William Smith,travel,23727.35,4,1,75,2,complex,1
SYNTH-001526,Priya Smith,business,391409.35,3,1,261,1,high_value,0
SYNTH-001527,Jessica Novak,travel,41459.31,2,1,33,3,simple,0
SYNTH-001528,David Sharma,motor,22188.03,1,1,85,2,simple,0
SYNTH-001529,Mary Khan,life,724246.8,1,1,203,0,high_value,0
SYNTH-001530,Robert Smith,motor,24328.56,2,1,40,0,high_value,0
SYNTH-001531,Elena Davis,home,121867.26,4,0,17,2,complex,0
SYNTH-001532,Priya Silva,motor,54867.59,3,1,28,1,simple,0
SYNTH-001533,David Smith,business,152100.7,3,1,161,0,simple,0
SYNTH-001534,Joseph Davis,business,300823.98,1,1,188,1,high_value,0
SYNTH-001535,Barbara Silva,home,69422.77,1,1,582,2,simple,0
SYNTH-001536,Kenji Nakamura,travel,33919.1,1,1,24,1,simple,0
SYNTH-001537,Fatima Costa,motor,89436.87,4,1,547,0,complex,0
SYNTH-001538,Liam Kim,health,66956.71,5,0,6,2,complex,0
SYNTH-001539,Arjun Davis,life,117884.6,1,1,0,1,simple,0
SYNTH-001540,John Brown,life,283854.55,1,1,45,0,high_value,0
SYNTH-001541,Elena Rodriguez,travel,23945.16,3,1,9,2,complex,0
SYNTH-001542,Liam Brown,life,320502.05,2,1,123,2,high_value,0
SYNTH-001543,John Sharma,business,259136.89,6,0,180,0,high_value,0
SYNTH-001544,Sofia Sharma,life,554217.26,4,1,104,0,high_value,0
SYNTH-001545,Sofia Silva,travel,42730.55,2,1,108,1,simple,0
SYNTH-001546,John Sharma,life,467988.38,1,1,194,3,high_value,0
SYNTH-001547,Fatima Khan,business,248214.84,6,1,66,0,high_value,0
SYNTH-001548,James Martinez,life,144685.27,4,1,77,1,complex,0
SYNTH-001549,Susan Sharma,health,99434.5,6,1,36,0,complex,0
SYNTH-001550,Liam Davis,motor,75972.01,2,1,20,4,simple,0
SYNTH-001551,Robert Martinez,health,50783.48,3,1,160,1,simple,0
SYNTH-001552,Robert Johnson,life,185261.65,4,1,63,2,complex,0
SYNTH-001553,William Novak,home,122158.01,3,1,27,2,simple,0
SYNTH-001554,Richard Johnson,business,208513.3,2,1,31,1,high_value,0
SYNTH-001555,Omar Davis,motor,45824.84,5,1,51,2,complex,0
SYNTH-001556,Jessica Nakamura,business,162676.53,1,1,104,0,simple,0
SYNTH-001557,James Nakamura,motor,35011.12,4,1,156,1,complex,0
SYNTH-001558,Richard Nakamura,motor,28289.09,4,1,66,2,complex,0
SYNTH-001559,Michael Nakamura,health,98499.72,5,1,80,0,complex,0
SYNTH-001560,Omar Johnson,health,90838.45,3,0,191,1,simple,0
SYNTH-001561,Joseph Novak,business,196827.82,3,1,14,0,simple,0
SYNTH-001562,Michael Smith,motor,59600.54,1,1,98,0,simple,0
SYNTH-001563,Robert Nakamura,motor,75239.0,7,1,47,1,complex,0
SYNTH-001564,Barbara Novak,travel,15239.87,4,1,131,1,complex,0
SYNTH-001565,David Silva,life,280587.73,2,1,166,0,high_value,0
SYNTH-001566,Linda Nakamura,life,377220.57,1,1,17,0,high_value,1
SYNTH-001567,Kenji Nakamura,travel,7531.27,4,1,47,0,complex,0
SYNTH-001568,Joseph Nakamura,business,405190.83,6,1,53,2,high_value,0
SYNTH-001569,Patricia Williams,motor,36962.44,2,1,309,2,simple,1
SYNTH-001570,James Novak,health,111730.2,1,1,93,1,simple,0
SYNTH-001571,Richard Novak,motor,89910.45,2,1,22,3,simple,0
SYNTH-001572,David Williams,business,530957.36,4,1,142,0,high_value,0
SYNTH-001573,Amara Smith,business,525880.49,3,1,108,0,high_value,0
SYNTH-001574,Jessica Williams,travel,24329.99,1,1,0,0,simple,0
SYNTH-001575,Sofia Brown,home,126966.01,3,1,96,0,simple,0
SYNTH-001576,Wei Garcia,life,510025.36,3,1,56,0,high_value,0
SYNTH-001577,Robert Miller,health,53913.47,2,1,42,2,simple,0
SYNTH-001578,Mary Williams,business,214953.86,4,1,71,0,high_value,0
SYNTH-001579,Susan Smith,health,121532.49,2,1,30,2,simple,0
SYNTH-001580,Omar Martinez,life,358812.0,3,1,29,2,high_value,0
SYNTH-001581,David Costa,business,303821.87,3,1,105,3,high_value,0
SYNTH-001582,Liam Johnson,motor,18133.69,5,1,168,2,complex,0
SYNTH-001583,Michael Jones,life,230200.95,1,0,44,3,high_value,0
SYNTH-001584,Kenji Silva,home,50464.15,2,1,81,2,simple,0
SYNTH-001585,Jennifer Nakamura,health,109735.46,1,1,225,2,simple,0
SYNTH-001586,Amara Jones,travel,32616.54,5,0,227,1,complex,0
SYNTH-001587,Sofia Miller,home,100328.7,1,1,245,0,simple,0
SYNTH-001588,Wei Garcia,business,314573.35,4,1,119,2,high_value,0
SYNTH-001589,Richard Smith,travel,22541.42,4,1,22,0,complex,0
SYNTH-001590,Liam Silva,home,64079.83,1,1,169,0,simple,0
SYNTH-001591,Elena Rodriguez,health,50801.9,3,1,70,2,simple,0
SYNTH-001592,Richard Davis,life,401935.98,5,1,3,1,high_value,1
SYNTH-001593,Priya Martinez,travel,7902.4,3,1,32,3,simple,0
SYNTH-001594,Amara Martinez,home,178660.9,1,1,4,0,simple,0
SYNTH-001595,David Nakamura,home,116409.93,2,1,304,2,simple,0
SYNTH-001596,Arjun Nakamura,life,91793.12,1,1,287,1,simple,0
SYNTH-001597,Amara Jones,travel,10298.22,5,1,439,0,complex,0
SYNTH-001598,Mary Khan,business,653355.19,1,0,140,2,high_value,0
SYNTH-001599,Joseph Garcia,business,209247.37,3,1,383,2,high_value,0
SYNTH-001600,William Silva,travel,19224.78,6,1,4,0,complex,0
SYNTH-001601,Elizabeth Williams,home,52929.16,2,1,65,0,simple,0
SYNTH-001602,John Williams,motor,14346.9,5,1,122,3,complex,0
SYNTH-001603,John Martinez,business,207054.04,7,1,106,0,high_value,0
SYNTH-001604,Susan Costa,home,25028.59,4,1,437,1,complex,1
SYNTH-001605,Liam Brown,business,399725.59,5,0,94,4,high_value,0
SYNTH-001606,James Silva,travel,40525.66,1,0,79,1,simple,0
SYNTH-001607,Liam Costa,business,48468.34,4,1,52,0,complex,0
SYNTH-001608,Liam Costa,business,164934.57,3,1,48,1,simple,0
SYNTH-001609,Barbara Johnson,life,343097.42,4,1,287,1,high_value,0
SYNTH-001610,David Davis,travel,14222.78,1,1,68,2,simple,0
SYNTH-001611,Jessica Martinez,home,91613.17,3,1,8,1,simple,0
SYNTH-001612,Michael Martinez,motor,11241.32,3,1,132,0,simple,0
SYNTH-001613,Wei Novak,business,401513.25,4,1,259,0,high_value,0
SYNTH-001614,Barbara Brown,health,124125.74,2,1,14,3,simple,0
SYNTH-001615,James Brown,health,91742.69,1,1,0,1,simple,0
SYNTH-001616,Robert Silva,travel,7989.79,1,1,295,0,simple,0
SYNTH-001617,Jessica Nakamura,health,68806.64,2,1,46,0,high_value,0
SYNTH-001618,Omar Rodriguez,motor,37956.62,3,1,68,2,simple,0
SYNTH-001619,Robert Khan,health,88440.24,3,1,11,0,simple,0
SYNTH-001620,Michael Brown,business,168501.83,3,1,328,3,simple,0
SYNTH-001621,David Johnson,life,193926.77,5,1,24,0,complex,0
SYNTH-001622,William Brown,life,449434.57,6,1,232,1,high_value,0
SYNTH-001623,Robert Sharma,travel,13197.32,1,1,74,1,simple,0
SYNTH-001624,Richard Jones,travel,33896.61,5,1,32,1,complex,0
SYNTH-001625,Barbara Costa,health,32211.75,1,1,67,1,simple,0
SYNTH-001626,David Silva,health,81960.71,5,1,12,0,complex,0
SYNTH-001627,Jessica Williams,home,112534.38,3,1,104,2,simple,0
SYNTH-001628,Linda Rodriguez,travel,17298.02,2,1,11,1,simple,0
SYNTH-001629,Susan Miller,health,40516.2,6,1,161,2,complex,0
SYNTH-001630,Priya Garcia,travel,17007.1,3,1,93,1,simple,0
SYNTH-001631,Linda Brown,life,699757.75,2,1,32,3,high_value,0
SYNTH-001632,Robert Silva,life,338238.53,2,1,95,0,high_value,0
SYNTH-001633,Susan Costa,health,51812.54,4,1,87,0,complex,0
SYNTH-001634,Susan Novak,motor,45660.43,7,1,73,0,complex,0
SYNTH-001635,William Khan,health,77992.2,2,1,78,3,simple,0
SYNTH-001636,Mary Garcia,motor,47750.92,2,1,81,0,simple,0
SYNTH-001637,Elizabeth Novak,health,51982.26,3,0,238,2,simple,0
SYNTH-001638,Jessica Khan,motor,33695.98,3,1,44,2,simple,0
SYNTH-001639,Arjun Jones,motor,45867.05,2,1,277,0,simple,1
SYNTH-001640,Fatima Costa,motor,70984.69,1,1,154,0,simple,0
SYNTH-001641,Richard Williams,home,191800.03,3,1,52,1,simple,0
SYNTH-001642,Fatima Miller,health,76501.66,4,0,34,0,complex,0
SYNTH-001643,Arjun Sharma,life,515088.56,6,1,21,2,high_value,0
SYNTH-001644,Kenji Jones,motor,33626.16,3,1,7,1,simple,0
SYNTH-001645,Elena Khan,health,110215.65,1,0,95,1,simple,0
SYNTH-001646,John Novak,motor,7694.95,4,1,50,2,complex,0
SYNTH-001647,Jennifer Rodriguez,travel,33933.41,1,1,4,0,simple,0
SYNTH-001648,Mary Miller,business,615685.41,1,1,385,3,high_value,0
SYNTH-001649,Priya Williams,business,540732.77,5,1,47,0,high_value,0
SYNTH-001650,Richard Nakamura,life,799774.65,4,1,180,2,high_value,0
SYNTH-001651,Michael Smith,home,119522.51,5,1,213,0,complex,0
SYNTH-001652,Elizabeth Davis,home,125617.86,3,1,214,0,simple,0
SYNTH-001653,Mary Davis,motor,21466.66,3,1,53,2,simple,0
SYNTH-001654,Robert Rodriguez,motor,45279.02,3,0,108,0,simple,0
SYNTH-001655,Arjun Brown,health,52540.77,1,1,11,1,simple,0
SYNTH-001656,David Williams,health,106092.53,1,1,115,0,simple,0
SYNTH-001657,Wei Martinez,business,500012.25,4,1,232,0,high_value,0
SYNTH-001658,Barbara Davis,motor,31408.65,4,1,55,1,complex,1
SYNTH-001659,Arjun Brown,business,424306.66,1,1,15,3,high_value,0
SYNTH-001660,Sofia Miller,business,390932.98,4,1,95,2,high_value,0
SYNTH-001661,Omar Nakamura,travel,15544.74,2,1,233,3,simple,0
SYNTH-001662,Robert Novak,life,471537.96,2,1,60,1,high_value,0
SYNTH-001663,Jennifer Miller,health,46274.35,4,1,248,0,complex,0
SYNTH-001664,James Martinez,home,146650.18,3,1,235,0,simple,0
SYNTH-001665,Michael Williams,life,365011.66,4,1,25,1,high_value,0
SYNTH-001666,Richard Brown,life,452614.26,1,0,110,1,high_value,0
SYNTH-001667,Wei Brown,business,315699.39,4,1,3,2,high_value,0
SYNTH-001668,Sofia Johnson,travel,31169.73,4,1,17,0,complex,1
SYNTH-001669,Sofia Smith,life,620453.51,1,1,346,0,high_value,0
SYNTH-001670,David Williams,health,13042.2,2,1,303,2,simple,0
SYNTH-001671,Jennifer Martinez,life,475803.58,1,0,336,0,high_value,0
SYNTH-001672,William Brown,motor,27556.18,2,1,19,1,simple,0
SYNTH-001673,Priya Silva,health,44314.52,4,1,80,1,complex,0
SYNTH-001674,Richard Jones,life,403964.81,1,0,4,1,high_value,0
SYNTH-001675,Richard Brown,motor,68589.57,4,1,267,1,complex,0
SYNTH-001676,Elizabeth Khan,travel,10714.95,4,1,71,2,complex,0
SYNTH-001677,John Johnson,health,63534.15,6,1,137,1,complex,0
SYNTH-001678,Jennifer Silva,home,9185.09,4,1,27,0,complex,0
SYNTH-001679,Elizabeth Khan,life,625442.63,3,1,250,1,high_value,0
SYNTH-001680,William Williams,health,111494.87,2,1,11,0,simple,0
SYNTH-001681,Robert Sharma,health,130112.09,4,1,340,3,complex,0
SYNTH-001682,Jessica Williams,life,276087.83,5,1,172,0,high_value,0
SYNTH-001683,John Sharma,health,77511.57,2,1,30,0,simple,0
SYNTH-001684,Susan Novak,life,817397.58,4,1,98,0,high_value,0
SYNTH-001685,Robert Davis,business,703104.71,3,1,15,0,high_value,0
SYNTH-001686,Arjun Davis,travel,13877.58,3,1,74,1,simple,0
SYNTH-001687,Elena Davis,travel,14130.91,5,0,49,2,complex,0
SYNTH-001688,James Khan,business,463284.71,3,0,245,0,high_value,0
SYNTH-001689,Barbara Khan,home,36602.87,2,1,46,3,simple,0
SYNTH-001690,Susan Davis,life,199842.89,2,1,25,1,simple,0
SYNTH-001691,Amara Jones,life,666928.01,2,1,78,0,high_value,0
SYNTH-001692,Mary Brown,travel,43998.24,2,1,107,1,simple,0
SYNTH-001693,Jennifer Smith,business,378834.93,10,1,52,0,high_value,0
SYNTH-001694,Fatima Silva,life,323422.78,2,1,162,1,high_value,0
SYNTH-001695,Priya Martinez,life,318435.52,9,1,405,2,high_value,0
SYNTH-001696,Amara Smith,travel,18746.79,2,1,196,0,simple,0
SYNTH-001697,Wei Garcia,motor,33818.96,2,0,35,2,simple,0
SYNTH-001698,Joseph Rodriguez,home,51557.13,4,1,80,0,complex,0
SYNTH-001699,Jennifer Rodriguez,home,25713.9,2,1,139,2,simple,0
SYNTH-001700,Michael Nakamura,health,127023.9,3,1,86,0,simple,0
SYNTH-001701,Arjun Williams,home,49613.58,2,0,73,1,simple,0
SYNTH-001702,Richard Garcia,business,186189.29,3,1,244,0,simple,0
SYNTH-001703,Patricia Brown,health,107932.64,3,1,43,4,simple,0
SYNTH-001704,Linda Martinez,health,76202.49,5,1,8,1,complex,0
SYNTH-001705,Elena Martinez,life,550110.21,4,1,35,2,high_value,0
SYNTH-001706,William Williams,life,291491.74,6,1,108,0,high_value,1
SYNTH-001707,Mary Johnson,home,169226.13,1,1,201,2,simple,0
SYNTH-001708,Elena Martinez,motor,37005.2,1,0,232,0,simple,0
SYNTH-001709,Barbara Jones,travel,34360.52,3,1,164,3,simple,0
SYNTH-001710,Priya Brown,business,204958.34,1,1,33,0,high_value,0
SYNTH-001711,Richard Novak,home,93465.19,1,1,4,2,simple,0
SYNTH-001712,Joseph Williams,home,147887.67,2,1,24,2,simple,0
SYNTH-001713,Omar Jones,business,561585.81,1,0,11,0,high_value,0
SYNTH-001714,Kenji Costa,business,237193.03,2,1,91,7,high_value,0
SYNTH-001715,Wei Silva,motor,38278.29,3,1,325,0,simple,0
SYNTH-001716,Michael Williams,health,92638.18,6,1,173,2,complex,0
SYNTH-001717,James Jones,life,502814.22,1,1,26,0,high_value,0
SYNTH-001718,John Novak,motor,68348.35,3,1,1,0,simple,0
SYNTH-001719,John Rodriguez,health,33412.33,1,1,107,0,simple,0
SYNTH-001720,Elena Kim,home,71937.16,6,1,11,2,complex,0
SYNTH-001721,Joseph Jones,motor,76906.13,6,1,177,0,complex,0
SYNTH-001722,Elizabeth Nakamura,health,42583.12,1,1,403,0,simple,0
SYNTH-001723,Barbara Costa,travel,32912.91,2,1,105,1,simple,0
SYNTH-001724,Priya Kim,home,18901.24,1,1,65,2,simple,0
SYNTH-001725,Sofia Johnson,motor,47931.55,3,1,17,0,simple,0
SYNTH-001726,Robert Brown,business,193765.44,1,1,25,1,simple,0
SYNTH-001727,Linda Nakamura,motor,27137.9,1,1,127,1,simple,0
SYNTH-001728,Arjun Kim,travel,24210.75,4,1,501,3,complex,0
SYNTH-001729,Richard Silva,health,90950.69,4,0,94,0,complex,0
SYNTH-001730,Wei Novak,life,365191.27,4,1,47,1,high_value,0
SYNTH-001731,Mary Jones,life,649122.68,2,1,72,1,high_value,0
SYNTH-001732,Wei Nakamura,travel,4947.89,6,0,99,5,complex,0
SYNTH-001733,Jessica Miller,health,50315.99,3,1,203,0,simple,0
SYNTH-001734,William Garcia,health,100686.65,3,1,46,1,high_value,0
SYNTH-001735,Amara Kim,health,135852.1,1,0,130,1,simple,1
SYNTH-001736,Mary Williams,travel,17736.3,3,1,128,0,simple,0
SYNTH-001737,Barbara Silva,travel,5751.87,4,1,45,0,complex,0
SYNTH-001738,Amara Silva,travel,27496.44,4,1,85,2,complex,0
SYNTH-001739,Arjun Miller,motor,23682.5,3,1,22,4,simple,0
SYNTH-001740,Liam Sharma,health,15213.12,1,1,149,0,simple,0
SYNTH-001741,David Brown,health,65259.19,3,1,52,1,simple,0
SYNTH-001742,Joseph Jones,business,433459.45,5,1,35,0,high_value,1
SYNTH-001743,Michael Miller,business,269561.63,4,1,419,0,high_value,0
SYNTH-001744,Michael Khan,travel,25451.75,1,1,80,1,simple,0
SYNTH-001745,James Khan,life,190832.09,3,1,75,4,simple,0
SYNTH-001746,Patricia Novak,motor,41244.01,2,0,6,1,simple,0
SYNTH-001747,Arjun Silva,business,571921.43,1,1,10,0,high_value,0
SYNTH-001748,Joseph Silva,home,60553.41,5,1,93,1,complex,0
SYNTH-001749,Richard Martinez,motor,5289.61,1,1,146,0,simple,0
SYNTH-001750,Wei Brown,business,592030.18,5,1,196,3,high_value,0
SYNTH-001751,Wei Silva,health,30696.03,1,1,167,2,simple,0
SYNTH-001752,Patricia Kim,health,104629.21,6,1,10,2,complex,0
SYNTH-001753,Michael Davis,home,133795.28,3,1,274,1,complex,0
SYNTH-001754,Patricia Khan,travel,19437.65,2,1,27,0,simple,0
SYNTH-001755,Kenji Nakamura,travel,21255.28,7,1,8,2,complex,0
SYNTH-001756,William Rodriguez,health,92489.39,1,1,29,0,simple,0
SYNTH-001757,Linda Smith,motor,62585.01,2,1,83,1,simple,0
SYNTH-001758,Priya Sharma,travel,26203.19,1,0,77,1,complex,0
SYNTH-001759,Arjun Nakamura,motor,26726.68,1,1,30,1,simple,0
SYNTH-001760,Fatima Silva,life,410919.89,3,1,252,0,high_value,0
SYNTH-001761,Richard Sharma,life,255612.9,1,1,118,3,high_value,0
SYNTH-001762,Robert Costa,home,72978.22,1,1,17,0,simple,0
SYNTH-001763,Sofia Rodriguez,health,32788.06,3,1,526,1,simple,0
SYNTH-001764,James Silva,home,68313.08,1,1,348,1,simple,0
SYNTH-001765,Amara Williams,health,36895.77,2,1,16,1,simple,1
SYNTH-001766,Joseph Khan,home,71004.51,1,1,490,1,simple,0
SYNTH-001767,Arjun Davis,life,688833.6,4,1,74,6,high_value,0
SYNTH-001768,Liam Johnson,business,357418.4,5,1,329,1,high_value,0
SYNTH-001769,Fatima Brown,motor,24290.17,5,0,1,1,complex,1
SYNTH-001770,Elizabeth Rodriguez,health,77440.93,3,1,178,0,simple,0
SYNTH-001771,Michael Nakamura,life,154277.41,1,0,186,1,simple,0
SYNTH-001772,Sofia Williams,health,21554.6,6,1,113,2,simple,0
SYNTH-001773,Joseph Garcia,life,862184.96,4,1,57,2,high_value,0
SYNTH-001774,Sofia Johnson,life,470870.49,3,1,234,2,high_value,0
SYNTH-001775,Wei Smith,health,60811.04,3,1,18,1,simple,0
SYNTH-001776,Wei Smith,life,391388.75,5,1,76,2,high_value,0
SYNTH-001777,Barbara Brown,home,54077.73,4,0,33,0,complex,0
SYNTH-001778,Amara Jones,life,905171.65,4,0,263,1,high_value,0
SYNTH-001779,Amara Martinez,motor,70378.87,4,1,28,0,complex,0
SYNTH-001780,Richard Miller,travel,23380.97,1,1,63,0,simple,0
SYNTH-001781,William Nakamura,motor,38449.1,1,1,216,0,simple,0
SYNTH-001782,Omar Miller,health,52136.84,3,1,150,1,simple,0
SYNTH-001783,Kenji Rodriguez,business,322639.65,4,1,89,0,high_value,0
SYNTH-001784,Fatima Khan,motor,41810.19,6,1,31,1,complex,0
SYNTH-001785,Mary Costa,motor,43279.24,6,1,82,1,complex,0
SYNTH-001786,Sofia Costa,motor,36192.11,4,1,80,1,complex,0
SYNTH-001787,Susan Garcia,motor,50256.52,3,1,109,0,simple,0
SYNTH-001788,Robert Sharma,motor,32425.7,3,1,100,1,simple,0
SYNTH-001789,Michael Kim,health,34248.66,4,0,91,1,complex,0
SYNTH-001790,Richard Martinez,home,115435.97,1,1,211,1,simple,0
SYNTH-001791,Amara Williams,home,180397.55,4,1,91,1,complex,0
SYNTH-001792,David Sharma,home,69361.29,3,1,78,0,simple,0
SYNTH-001793,William Silva,life,423905.16,4,1,107,0,high_value,0
SYNTH-001794,Richard Davis,health,88399.22,9,0,35,0,complex,0
SYNTH-001795,Joseph Martinez,home,62930.74,6,0,220,2,high_value,0
SYNTH-001796,Priya Johnson,life,733783.73,3,1,264,1,high_value,0
SYNTH-001797,Omar Silva,motor,73378.28,3,1,128,0,simple,0
SYNTH-001798,John Sharma,business,577301.1,4,1,38,1,high_value,0
SYNTH-001799,Joseph Novak,travel,25830.1,6,1,114,2,complex,0
SYNTH-001800,Wei Brown,business,366435.8,5,1,29,3,high_value,0
SYNTH-001801,David Silva,health,68629.74,2,1,96,1,simple,0
SYNTH-001802,Barbara Smith,life,443539.28,3,1,4,0,high_value,0
SYNTH-001803,Patricia Johnson,business,489322.9,3,1,151,0,high_value,0
SYNTH-001804,Omar Nakamura,motor,63372.39,2,0,370,2,simple,0
SYNTH-001805,Patricia Jones,motor,64954.31,2,1,16,1,simple,0
SYNTH-001806,Susan Kim,motor,52380.53,1,1,93,2,simple,0
SYNTH-001807,Liam Novak,business,367047.97,2,0,63,0,high_value,0
SYNTH-001808,William Martinez,motor,46491.0,2,1,323,1,simple,0
SYNTH-001809,Liam Miller,business,280660.91,2,0,34,3,high_value,0
SYNTH-001810,James Miller,business,631305.47,3,0,135,1,high_value,0
SYNTH-001811,Michael Costa,travel,7970.54,7,1,68,1,complex,0
SYNTH-001812,Joseph Jones,home,41110.2,2,1,89,1,simple,0
SYNTH-001813,Richard Kim,home,123471.12,3,0,101,1,simple,0
SYNTH-001814,William Silva,home,76420.27,4,1,8,3,complex,0
SYNTH-001815,Patricia Jones,life,681582.72,2,1,78,5,high_value,0
SYNTH-001816,Joseph Garcia,travel,30919.44,2,1,312,1,simple,0
SYNTH-001817,William Brown,motor,51424.98,3,0,24,1,simple,0
SYNTH-001818,Priya Silva,home,170219.78,3,0,97,0,simple,0
SYNTH-001819,Mary Nakamura,home,133556.88,4,1,32,1,complex,0
SYNTH-001820,Jennifer Rodriguez,business,323253.96,1,1,88,1,high_value,0
SYNTH-001821,Mary Davis,home,66669.32,2,1,85,3,simple,0
SYNTH-001822,William Davis,health,67193.29,4,1,171,0,complex,1
SYNTH-001823,Amara Nakamura,health,52888.41,2,1,103,2,simple,0
SYNTH-001824,Amara Rodriguez,travel,45736.85,5,1,75,2,complex,0
SYNTH-001825,Elizabeth Martinez,travel,24187.0,3,1,140,1,simple,0
SYNTH-001826,Wei Novak,business,435054.7,2,0,25,1,high_value,0
SYNTH-001827,David Williams,business,472175.79,2,1,320,1,high_value,0
SYNTH-001828,James Novak,life,665529.25,3,1,264,1,high_value,0
SYNTH-001829,John Garcia,travel,40711.02,3,1,187,0,simple,0
SYNTH-001830,Fatima Smith,business,136428.32,2,1,66,0,complex,0
SYNTH-001831,James Martinez,travel,12218.03,1,1,150,2,simple,0
SYNTH-001832,Patricia Brown,life,146471.16,1,1,94,2,simple,0
SYNTH-001833,Barbara Rodriguez,motor,21963.82,7,1,85,0,complex,0
SYNTH-001834,Barbara Martinez,business,637601.02,2,1,16,1,high_value,1
SYNTH-001835,Wei Novak,business,278415.94,3,1,54,2,high_value,0
SYNTH-001836,Robert Silva,health,34016.06,1,1,763,0,simple,0
SYNTH-001837,Linda Silva,life,412553.13,3,1,183,1,high_value,0
SYNTH-001838,Richard Brown,motor,57440.83,7,1,58,2,complex,0
SYNTH-001839,Joseph Costa,motor,38765.38,4,1,5,2,complex,0
SYNTH-001840,Richard Silva,life,566255.73,4,1,171,2,high_value,0
SYNTH-001841,Wei Brown,motor,53996.92,4,1,170,1,high_value,0
SYNTH-001842,Barbara Martinez,travel,7338.12,4,1,10,0,complex,0
SYNTH-001843,Joseph Jones,health,43524.29,3,1,8,0,simple,0
SYNTH-001844,Elizabeth Novak,home,179974.77,5,1,139,0,complex,0
SYNTH-001845,Michael Martinez,motor,67293.6,2,0,255,1,simple,0
SYNTH-001846,Barbara Smith,home,85290.02,3,0,301,2,simple,1
SYNTH-001847,Priya Jones,health,63220.75,3,1,20,2,simple,0
SYNTH-001848,Susan Williams,health,36140.51,5,1,265,2,complex,0
SYNTH-001849,Omar Nakamura,motor,54202.55,2,1,19,0,simple,0
SYNTH-001850,Elizabeth Martinez,travel,14709.83,2,1,115,0,simple,0
SYNTH-001851,Fatima Jones,life,815981.52,3,1,322,1,high_value,0
SYNTH-001852,Michael Martinez,business,280287.58,1,1,133,1,high_value,0
SYNTH-001853,Arjun Garcia,motor,22030.45,1,0,197,0,simple,0
SYNTH-001854,Priya Kim,travel,24421.08,2,1,73,1,simple,0
SYNTH-001855,Joseph Khan,business,342848.76,3,1,75,0,high_value,0
SYNTH-001856,Arjun Smith,travel,13088.91,3,1,65,1,simple,0
SYNTH-001857,Omar Davis,travel,30524.47,2,0,29,3,simple,0
SYNTH-001858,Fatima Martinez,home,98275.13,1,1,86,1,simple,0
SYNTH-001859,James Kim,health,48006.16,4,1,502,1,complex,0
SYNTH-001860,Sofia Brown,home,123276.19,1,1,38,0,simple,0
SYNTH-001861,Amara Sharma,motor,66075.39,9,1,146,2,complex,0
SYNTH-001862,Amara Johnson,health,65898.0,3,0,48,1,simple,0
SYNTH-001863,Jessica Jones,business,324394.6,2,1,5,0,high_value,0
SYNTH-001864,Sofia Martinez,life,491915.56,2,1,166,1,high_value,0
SYNTH-001865,Michael Brown,business,457424.2,2,1,9,0,complex,0
SYNTH-001866,Patricia Davis,health,39495.97,2,0,134,1,simple,0
SYNTH-001867,Mary Brown,life,297028.6,2,0,40,0,high_value,0
SYNTH-001868,Arjun Rodriguez,motor,30484.98,4,1,121,1,complex,0
SYNTH-001869,Susan Jones,home,53691.86,4,1,11,3,complex,0
SYNTH-001870,Linda Garcia,business,358970.09,2,0,33,5,high_value,0
SYNTH-001871,Elizabeth Martinez,home,29273.4,2,1,267,0,simple,0
SYNTH-001872,William Nakamura,business,404725.45,2,0,73,1,high_value,0
SYNTH-001873,Susan Jones,travel,19872.12,1,1,613,1,simple,0
SYNTH-001874,Fatima Martinez,health,124562.22,1,1,198,0,simple,0
SYNTH-001875,Mary Khan,health,96495.92,1,1,87,0,simple,0
SYNTH-001876,Jennifer Khan,life,613309.02,5,1,132,2,high_value,0
SYNTH-001877,Amara Costa,home,103412.0,2,1,31,0,simple,0
SYNTH-001878,Sofia Sharma,travel,1659.15,4,1,62,1,complex,0
SYNTH-001879,Elena Martinez,travel,42345.74,10,1,214,2,complex,0
SYNTH-001880,Jessica Garcia,travel,31380.6,3,0,547,1,simple,0
SYNTH-001881,William Jones,home,74020.61,1,1,111,2,simple,0
SYNTH-001882,Wei Nakamura,business,747890.14,2,1,22,1,high_value,0
SYNTH-001883,Patricia Brown,health,44719.39,4,0,267,0,complex,0
SYNTH-001884,Elena Davis,travel,23126.88,4,1,332,2,complex,0
SYNTH-001885,Elena Silva,health,101457.63,1,1,37,1,simple,0
SYNTH-001886,Kenji Williams,health,85244.45,2,0,152,2,simple,1
SYNTH-001887,Jennifer Sharma,travel,14360.63,1,1,80,2,simple,0
SYNTH-001888,Fatima Miller,health,92138.13,5,1,17,0,complex,0
SYNTH-001889,Michael Garcia,life,688745.12,1,1,237,1,high_value,0
SYNTH-001890,Fatima Smith,travel,18894.7,3,1,4,4,simple,0
SYNTH-001891,Robert Smith,business,586353.48,1,1,222,2,high_value,1
SYNTH-001892,David Garcia,motor,30661.08,4,1,198,2,complex,0
SYNTH-001893,Jessica Miller,business,514960.56,3,1,223,0,high_value,0
SYNTH-001894,Wei Jones,life,795510.94,3,1,44,3,high_value,0
SYNTH-001895,Fatima Williams,health,83730.3,2,1,79,1,simple,0
SYNTH-001896,Linda Johnson,life,559959.42,4,1,8,1,high_value,0
SYNTH-001897,William Nakamura,home,100583.9,4,1,191,0,complex,0
SYNTH-001898,Elizabeth Williams,business,449329.55,1,1,237,0,high_value,0
SYNTH-001899,Priya Martinez,home,88326.01,3,1,44,1,simple,0
SYNTH-001900,Fatima Novak,travel,23515.16,3,1,77,1,simple,0
SYNTH-001901,David Johnson,motor,54821.1,3,1,41,3,complex,0
SYNTH-001902,Elena Johnson,life,599943.63,1,1,179,1,high_value,0
SYNTH-001903,Wei Johnson,life,449134.2,2,1,368,0,high_value,0
SYNTH-001904,Wei Williams,motor,49905.73,5,1,9,1,complex,0
SYNTH-001905,Patricia Johnson,home,86537.24,2,1,59,2,simple,0
SYNTH-001906,Elizabeth Davis,travel,7746.97,8,1,78,0,complex,0
SYNTH-001907,Richard Smith,health,49451.8,4,1,7,1,simple,0
SYNTH-001908,Robert Silva,home,99821.02,1,1,549,2,simple,0
SYNTH-001909,Wei Khan,business,180545.43,4,1,128,1,complex,0
SYNTH-001910,Linda Williams,motor,31300.16,5,1,42,0,complex,0
SYNTH-001911,Omar Johnson,home,118971.69,4,0,198,1,complex,0
SYNTH-001912,Mary Jones,health,31262.89,1,1,196,5,simple,0
SYNTH-001913,Linda Martinez,travel,31929.07,2,1,86,1,complex,0
SYNTH-001914,John Williams,life,418910.15,4,1,102,2,high_value,0
SYNTH-001915,Barbara Davis,motor,60199.38,3,1,14,0,simple,0
SYNTH-001916,Elizabeth Davis,travel,13766.53,1,1,3,2,simple,0
SYNTH-001917,Patricia Johnson,home,106621.32,1,1,16,2,simple,0
SYNTH-001918,William Williams,motor,35226.24,4,1,183,2,complex,0
SYNTH-001919,Elizabeth Miller,life,480875.38,4,1,94,3,high_value,0
SYNTH-001920,Linda Kim,health,102624.61,5,1,258,0,complex,0
SYNTH-001921,Mary Rodriguez,business,315403.57,4,1,99,0,high_value,1
SYNTH-001922,Mary Rodriguez,motor,67526.96,4,1,34,3,complex,0
SYNTH-001923,Mary Davis,home,47067.87,1,1,32,1,complex,0
SYNTH-001924,Liam Martinez,life,591002.78,3,1,56,0,high_value,0
SYNTH-001925,Wei Sharma,health,32235.93,5,1,115,0,complex,1
SYNTH-001926,David Silva,motor,50566.38,5,1,106,1,complex,0
SYNTH-001927,Omar Brown,travel,32940.84,1,1,0,4,simple,0
SYNTH-001928,Arjun Kim,home,58525.83,4,1,40,3,complex,0
SYNTH-001929,Jennifer Nakamura,travel,21453.29,1,1,63,0,simple,0
SYNTH-001930,James Rodriguez,travel,13863.43,2,1,106,1,simple,0
SYNTH-001931,Arjun Martinez,business,647197.45,2,1,256,0,high_value,0
SYNTH-001932,Liam Rodriguez,motor,60723.33,3,1,175,0,complex,0
SYNTH-001933,Fatima Sharma,business,621134.34,1,1,154,1,high_value,0
SYNTH-001934,James Kim,motor,60827.17,5,1,166,1,complex,1
SYNTH-001935,Michael Silva,health,57790.35,6,1,12,0,complex,0
SYNTH-001936,Arjun Sharma,health,61994.92,6,1,14,0,complex,0
SYNTH-001937,William Novak,health,31909.21,2,1,17,0,simple,0
SYNTH-001938,Sofia Johnson,life,523291.43,3,1,12,0,high_value,0
SYNTH-001939,Joseph Sharma,life,748669.5,4,0,687,0,high_value,0
SYNTH-001940,William Rodriguez,health,82731.89,3,1,34,1,simple,0
SYNTH-001941,Amara Johnson,health,125917.36,4,1,28,2,complex,0
SYNTH-001942,Patricia Costa,home,43853.47,3,1,68,0,simple,0
SYNTH-001943,Liam Silva,health,35893.95,3,1,6,2,simple,0
SYNTH-001944,David Khan,health,82418.28,2,1,25,0,simple,0
SYNTH-001945,Elizabeth Smith,motor,71002.85,2,1,38,0,simple,0
SYNTH-001946,Fatima Smith,life,479191.9,1,1,157,0,high_value,0
SYNTH-001947,Elena Costa,health,61635.8,4,1,340,3,complex,0
SYNTH-001948,Fatima Johnson,home,72378.93,1,1,106,2,simple,0
SYNTH-001949,John Williams,business,322151.22,2,1,281,0,high_value,0
SYNTH-001950,Kenji Silva,life,338183.35,2,1,81,0,high_value,0
SYNTH-001951,Mary Novak,home,180602.21,3,1,193,2,simple,0
SYNTH-001952,Fatima Martinez,business,273716.37,1,1,126,1,high_value,0
SYNTH-001953,Linda Kim,life,761173.94,1,1,9,0,high_value,0
SYNTH-001954,Kenji Silva,motor,13058.13,2,1,166,0,simple,0
SYNTH-001955,Barbara Novak,motor,55392.25,3,0,83,2,simple,0
SYNTH-001956,Robert Davis,home,75643.51,2,1,8,1,simple,0
SYNTH-001957,Omar Martinez,travel,15412.0,1,1,16,1,simple,0
SYNTH-001958,Robert Novak,motor,27924.91,4,1,217,1,complex,0
SYNTH-001959,Joseph Smith,business,382529.2,6,1,253,0,high_value,0
SYNTH-001960,Jessica Brown,life,707528.97,2,0,47,1,high_value,0
SYNTH-001961,Jennifer Williams,life,394530.94,1,1,55,0,high_value,1
SYNTH-001962,Susan Khan,life,318108.64,4,1,36,1,high_value,0
SYNTH-001963,Patricia Sharma,life,554872.35,3,1,48,1,high_value,0
SYNTH-001964,Mary Williams,motor,65239.31,3,1,97,2,simple,0
SYNTH-001965,Sofia Kim,business,430444.63,3,1,152,1,high_value,0
SYNTH-001966,Robert Garcia,business,634862.68,5,1,20,4,high_value,0
SYNTH-001967,John Jones,business,275916.3,5,1,401,2,high_value,0
SYNTH-001968,Richard Sharma,health,71942.3,3,1,0,1,simple,0
SYNTH-001969,Elena Brown,travel,43582.77,2,1,88,1,simple,0
SYNTH-001970,Priya Costa,life,359249.84,3,1,524,4,high_value,0
SYNTH-001971,Robert Johnson,travel,10305.24,5,1,250,1,complex,0
SYNTH-001972,William Sharma,business,564867.79,5,1,59,0,high_value,0
SYNTH-001973,Jessica Kim,health,111389.44,1,1,238,1,simple,0
SYNTH-001974,Wei Brown,life,780815.9,4,1,117,3,high_value,0
SYNTH-001975,Priya Garcia,life,955039.49,1,1,54,0,high_value,1
SYNTH-001976,Michael Smith,health,33666.39,1,1,139,0,high_value,0
SYNTH-001977,Fatima Silva,travel,13624.54,1,1,37,4,simple,0
SYNTH-001978,Patricia Brown,business,248791.74,2,1,97,0,high_value,0
SYNTH-001979,Robert Rodriguez,travel,14815.26,8,1,140,3,complex,0
SYNTH-001980,Kenji Davis,business,299675.29,3,1,93,0,high_value,0
SYNTH-001981,Joseph Costa,business,498374.95,3,0,20,1,high_value,0
SYNTH-001982,Mary Silva,business,278473.3,6,1,212,1,high_value,0
SYNTH-001983,Arjun Johnson,health,55750.17,5,1,164,2,complex,0
SYNTH-001984,Linda Miller,business,221611.43,4,1,72,0,high_value,0
SYNTH-001985,Jessica Martinez,motor,74028.88,2,1,184,1,simple,0
SYNTH-001986,Kenji Miller,life,736322.38,5,1,43,0,high_value,0
SYNTH-001987,Amara Garcia,health,46352.02,3,1,58,2,simple,0
SYNTH-001988,Fatima Davis,health,136796.52,2,1,127,3,simple,0
SYNTH-001989,Elizabeth Davis,business,382342.27,2,1,232,2,high_value,0
SYNTH-001990,Wei Khan,motor,23689.12,5,1,5,4,complex,0
SYNTH-001991,Elena Martinez,home,31347.45,7,1,330,0,complex,0
SYNTH-001992,Patricia Garcia,travel,27585.1,2,1,82,1,simple,0
SYNTH-001993,Richard Jones,travel,26059.0,5,1,47,1,complex,0
SYNTH-001994,Liam Davis,travel,40600.22,2,1,207,0,simple,0
SYNTH-001995,Omar Silva,health,21063.12,4,1,322,2,complex,0
SYNTH-001996,Susan Nakamura,health,74892.44,2,1,69,1,simple,0
SYNTH-001997,Jessica Davis,travel,27629.24,1,1,49,1,simple,0
SYNTH-001998,Fatima Garcia,motor,29776.51,2,1,10,0,complex,0
SYNTH-001999,Wei Sharma,home,115104.27,4,1,182,3,complex,0
SYNTH-002000,Richard Williams,life,382014.04,5,1,91,0,high_value,1
SYNTH-002001,John Johnson,business,412773.94,4,1,124,2,high_value,0
SYNTH-002002,Arjun Nakamura,home,19614.4,3,1,35,1,simple,0
SYNTH-002003,David Silva,business,605998.84,4,1,49,2,high_value,0
SYNTH-002004,James Costa,life,256311.19,4,1,33,0,high_value,1
SYNTH-002005,Elizabeth Martinez,health,65759.56,3,1,258,4,simple,0
SYNTH-002006,William Brown,health,41564.52,1,1,147,1,simple,0
SYNTH-002007,William Williams,travel,25770.63,6,1,58,0,complex,0
SYNTH-002008,Susan Smith,health,88157.59,4,0,1,1,complex,0
SYNTH-002009,Patricia Nakamura,health,28272.58,1,1,383,2,simple,0
SYNTH-002010,Susan Costa,life,492880.19,3,1,233,1,high_value,0
SYNTH-002011,William Novak,business,299530.98,3,0,106,2,high_value,0
SYNTH-002012,Arjun Rodriguez,travel,9319.46,1,1,78,2,simple,0
SYNTH-002013,Richard Smith,travel,24563.54,3,1,4,1,simple,0
SYNTH-002014,Amara Brown,travel,4713.56,2,1,22,1,simple,0
SYNTH-002015,Linda Kim,travel,20429.52,1,1,361,2,simple,0
SYNTH-002016,Robert Williams,motor,41018.05,3,1,82,1,simple,0
SYNTH-002017,Fatima Davis,health,79560.72,7,1,133,0,complex,0
SYNTH-002018,Kenji Davis,health,45724.55,4,0,70,1,complex,0
SYNTH-002019,David Jones,health,86303.89,3,1,142,2,simple,0
SYNTH-002020,James Rodriguez,health,57110.94,1,1,141,0,simple,0
SYNTH-002021,Jessica Sharma,business,640140.91,5,1,2,1,high_value,0
SYNTH-002022,Arjun Williams,business,731340.94,4,1,218,0,high_value,0
SYNTH-002023,James Garcia,health,84310.05,1,1,78,0,simple,0
SYNTH-002024,Patricia Johnson,home,116654.18,2,1,40,2,simple,0
SYNTH-002025,Robert Silva,travel,9027.83,3,1,187,0,simple,0
SYNTH-002026,Kenji Rodriguez,travel,19687.76,5,0,3,0,complex,0
SYNTH-002027,Jennifer Jones,home,75379.9,1,1,68,1,simple,0
SYNTH-002028,Amara Khan,motor,32999.98,5,1,55,1,complex,0
SYNTH-002029,David Jones,home,56516.71,2,1,117,2,simple,0
SYNTH-002030,Susan Garcia,life,433769.06,3,1,185,2,high_value,1
SYNTH-002031,Amara Miller,life,523259.61,2,1,390,2,high_value,1
SYNTH-002032,Mary Kim,life,264178.23,4,1,201,0,high_value,0
SYNTH-002033,Linda Khan,home,81234.24,5,1,81,0,complex,0
SYNTH-002034,Susan Martinez,business,197689.69,4,0,122,2,complex,0
SYNTH-002035,Arjun Miller,motor,3875.95,8,1,47,0,complex,0
SYNTH-002036,Jennifer Rodriguez,health,111467.37,4,1,5,2,complex,0
SYNTH-002037,Elena Nakamura,home,107486.08,3,0,37,0,simple,0
SYNTH-002038,Omar Novak,motor,36373.05,5,1,23,3,complex,0
SYNTH-002039,John Jones,life,586088.36,4,1,792,0,high_value,0
SYNTH-002040,Mary Jones,life,457401.74,2,1,5,1,high_value,0
SYNTH-002041,Elizabeth Costa,home,52402.28,1,1,360,2,simple,0
SYNTH-002042,Amara Novak,health,112870.88,5,1,18,1,complex,0
SYNTH-002043,Wei Miller,motor,20079.29,3,1,51,2,simple,0
SYNTH-002044,Susan Kim,life,690960.26,5,1,47,0,high_value,0
SYNTH-002045,Susan Khan,travel,5035.1,5,1,29,0,complex,0
SYNTH-002046,Liam Khan,life,610677.72,3,0,20,3,high_value,0
SYNTH-002047,Michael Nakamura,business,388292.8,5,1,50,0,high_value,0
SYNTH-002048,Joseph Khan,motor,37926.78,2,1,259,0,simple,1
SYNTH-002049,Barbara Rodriguez,home,59868.51,3,1,151,1,simple,0
SYNTH-002050,William Novak,home,51531.95,5,1,228,0,complex,1
SYNTH-002051,Sofia Johnson,travel,11798.77,2,0,304,2,simple,0
SYNTH-002052,Wei Kim,home,118515.74,5,1,31,0,complex,0
SYNTH-002053,Arjun Brown,travel,19943.39,4,1,202,0,complex,0
SYNTH-002054,Amara Garcia,health,22972.16,3,1,35,3,simple,0
SYNTH-002055,Joseph Johnson,life,470217.35,6,0,89,1,high_value,0
SYNTH-002056,Michael Smith,motor,63834.63,3,0,76,2,simple,0
SYNTH-002057,Amara Garcia,motor,74681.99,2,1,306,0,simple,0
SYNTH-002058,Liam Nakamura,home,89955.69,3,1,171,3,simple,1
SYNTH-002059,Elena Costa,travel,28927.69,5,1,59,1,complex,0
SYNTH-002060,William Miller,life,443482.11,6,1,5,2,high_value,0
SYNTH-002061,James Martinez,business,190523.79,1,1,5,3,simple,0
SYNTH-002062,Amara Williams,motor,63560.81,5,1,137,2,complex,0
SYNTH-002063,Jennifer Williams,home,96765.33,1,1,48,0,simple,0
SYNTH-002064,Jennifer Smith,life,456636.92,3,1,15,1,high_value,1
SYNTH-002065,Linda Martinez,life,495214.39,1,1,13,2,high_value,0
SYNTH-002066,Elena Jones,business,381363.15,3,1,133,0,high_value,0
SYNTH-002067,Robert Sharma,motor,69645.64,8,0,56,1,complex,0
SYNTH-002068,Jennifer Martinez,travel,27931.76,4,1,210,0,complex,0
SYNTH-002069,Fatima Khan,motor,40599.4,2,1,57,2,simple,0
SYNTH-002070,Liam Garcia,motor,28486.66,3,1,230,2,simple,0
SYNTH-002071,Fatima Miller,health,60055.76,2,1,200,2,simple,0
SYNTH-002072,Elizabeth Miller,business,314961.16,3,1,113,1,high_value,0
SYNTH-002073,Omar Rodriguez,motor,67099.74,2,1,53,2,simple,0
SYNTH-002074,William Johnson,health,37600.08,4,1,7,1,complex,0
SYNTH-002075,Joseph Sharma,health,124048.51,3,1,80,1,simple,0
SYNTH-002076,David Brown,motor,83577.02,4,1,66,1,complex,0
SYNTH-002077,Jessica Sharma,business,249838.86,2,1,45,0,high_value,0
SYNTH-002078,Elizabeth Garcia,motor,14046.38,2,1,35,3,simple,0
SYNTH-002079,Wei Kim,travel,17960.48,2,1,245,1,simple,0
SYNTH-002080,Linda Rodriguez,home,70717.58,4,1,76,0,complex,0
SYNTH-002081,Elizabeth Johnson,business,219829.58,9,1,163,1,high_value,0
SYNTH-002082,Susan Silva,life,650288.44,4,1,280,0,high_value,0
SYNTH-002083,Priya Garcia,motor,53201.13,5,1,42,0,complex,1
SYNTH-002084,Michael Jones,motor,73525.7,2,1,95,0,simple,0
SYNTH-002085,John Martinez,life,380003.9,4,1,201,2,high_value,0
SYNTH-002086,James Jones,life,744025.25,7,1,14,0,high_value,0
SYNTH-002087,Linda Miller,life,861292.34,1,1,147,1,high_value,0
SYNTH-002088,Elena Khan,travel,16276.61,1,0,186,1,simple,0
SYNTH-002089,Liam Nakamura,health,96951.33,3,1,49,3,simple,0
SYNTH-002090,Joseph Davis,business,186932.62,4,1,152,0,complex,0
SYNTH-002091,Richard Sharma,health,72001.97,3,1,102,0,simple,0
SYNTH-002092,Richard Williams,motor,27887.7,1,1,86,0,simple,0
SYNTH-002093,Linda Garcia,motor,41864.12,3,1,134,1,simple,0
SYNTH-002094,Wei Nakamura,life,659689.22,6,1,114,1,high_value,0
SYNTH-002095,Michael Martinez,health,45017.1,2,1,297,1,simple,0
SYNTH-002096,Robert Martinez,travel,9987.83,5,0,387,0,complex,0
SYNTH-002097,Susan Garcia,motor,55068.2,5,1,48,0,complex,1
SYNTH-002098,Omar Williams,life,677389.36,3,1,167,4,high_value,0
SYNTH-002099,Omar Smith,motor,51498.46,4,1,41,1,complex,0
SYNTH-002100,Joseph Smith,life,301101.72,3,1,102,0,high_value,0
SYNTH-002101,Mary Martinez,travel,16952.05,4,1,33,4,complex,0
SYNTH-002102,Omar Kim,travel,28759.81,7,1,55,0,complex,0
SYNTH-002103,Arjun Khan,home,87352.44,6,1,143,0,complex,0
SYNTH-002104,Richard Williams,health,69777.41,8,1,66,0,complex,0
SYNTH-002105,William Miller,life,84585.99,1,0,152,1,simple,0
SYNTH-002106,Mary Kim,home,121783.53,5,1,28,2,complex,0
SYNTH-002107,Mary Khan,motor,27482.13,2,0,73,0,simple,0
SYNTH-002108,James Rodriguez,motor,38437.26,2,1,187,2,simple,0
SYNTH-002109,Elizabeth Johnson,life,381995.85,2,1,75,3,high_value,0
SYNTH-002110,Richard Davis,home,101493.04,2,0,17,2,simple,0
SYNTH-002111,Sofia Novak,life,143580.16,4,0,100,2,complex,0
SYNTH-002112,Wei Davis,travel,24029.38,5,1,62,2,complex,0
SYNTH-002113,David Khan,business,363191.65,2,1,111,0,high_value,0
SYNTH-002114,Patricia Nakamura,health,94018.86,4,0,48,2,complex,0
SYNTH-002115,Kenji Martinez,home,171970.51,6,1,23,0,complex,0
SYNTH-002116,Kenji Williams,travel,23065.13,4,1,54,0,complex,0
SYNTH-002117,Elizabeth Costa,travel,19077.99,2,1,30,1,simple,0
SYNTH-002118,Barbara Novak,home,75032.53,4,1,152,1,complex,0
SYNTH-002119,Elena Garcia,life,657278.01,6,1,167,1,high_value,0
SYNTH-002120,Liam Martinez,motor,16735.06,2,1,22,1,complex,0
SYNTH-002121,Liam Jones,motor,32297.11,6,0,112,2,complex,0
SYNTH-002122,David Brown,motor,6284.29,1,1,84,2,simple,0
SYNTH-002123,Wei Martinez,life,636625.54,3,1,282,0,high_value,0
SYNTH-002124,Sofia Sharma,business,734596.41,1,1,36,0,high_value,1
SYNTH-002125,David Sharma,home,18146.05,4,1,129,2,complex,1
SYNTH-002126,Jessica Miller,motor,21666.89,4,1,59,0,complex,0
SYNTH-002127,Mary Williams,home,58042.03,5,1,190,4,complex,0
SYNTH-002128,Kenji Costa,business,220685.65,1,1,137,0,high_value,0
SYNTH-002129,Joseph Smith,motor,65689.34,3,1,153,1,simple,0
SYNTH-002130,Susan Silva,life,444901.4,5,1,168,3,high_value,0
SYNTH-002131,Linda Nakamura,health,133894.5,2,1,472,2,simple,0
SYNTH-002132,Patricia Nakamura,home,122062.54,4,0,76,0,complex,0
SYNTH-002133,Jennifer Nakamura,life,366018.45,1,1,9,2,high_value,0
SYNTH-002134,Wei Rodriguez,home,90738.27,3,1,446,1,simple,0
SYNTH-002135,Liam Sharma,motor,24183.43,1,1,551,0,simple,0
SYNTH-002136,Jessica Kim,home,155693.8,2,1,10,1,simple,0
SYNTH-002137,Jennifer Nakamura,motor,49914.88,5,1,31,0,complex,0
SYNTH-002138,Sofia Garcia,motor,23601.16,4,0,93,0,complex,0
SYNTH-002139,Susan Silva,business,270868.24,3,1,58,0,high_value,0
SYNTH-002140,Wei Costa,life,306021.56,1,1,74,1,high_value,0
SYNTH-002141,David Davis,health,16376.36,4,1,59,1,complex,0
SYNTH-002142,Barbara Smith,life,371360.94,4,1,144,0,high_value,0
SYNTH-002143,Priya Miller,business,566988.39,6,1,305,0,high_value,0
SYNTH-002144,Jessica Miller,life,325218.99,5,1,38,1,high_value,0
SYNTH-002145,Fatima Kim,motor,50130.5,3,0,229,0,simple,1
SYNTH-002146,Omar Garcia,travel,18873.06,1,1,132,4,simple,0
SYNTH-002147,David Garcia,travel,23362.99,3,1,97,3,simple,0
SYNTH-002148,Mary Silva,life,530587.81,5,1,227,2,high_value,1
SYNTH-002149,Susan Rodriguez,home,124689.12,7,1,63,0,complex,0
SYNTH-002150,Arjun Smith,business,300814.96,4,1,140,3,high_value,0
SYNTH-002151,Richard Johnson,travel,9327.62,9,1,73,1,complex,0
SYNTH-002152,Joseph Silva,motor,16149.14,1,1,83,1,simple,0
SYNTH-002153,Fatima Brown,health,88211.59,3,0,54,1,simple,0
SYNTH-002154,Linda Novak,business,509683.4,1,1,183,1,high_value,0
SYNTH-002155,Joseph Novak,life,232016.59,4,1,84,0,high_value,0
SYNTH-002156,David Kim,life,387067.84,1,1,65,1,high_value,0
SYNTH-002157,Robert Jones,business,287898.44,4,1,99,1,high_value,1
SYNTH-002158,Barbara Martinez,home,25161.47,6,1,120,3,complex,0
SYNTH-002159,Jessica Kim,motor,52087.41,2,1,22,2,simple,0
SYNTH-002160,Robert Martinez,business,357170.37,1,1,381,1,high_value,0
SYNTH-002161,Fatima Martinez,travel,28713.76,3,1,100,1,simple,0
SYNTH-002162,Kenji Costa,life,576391.94,2,1,294,1,high_value,0
SYNTH-002163,Sofia Jones,travel,43430.19,3,1,90,1,simple,0
SYNTH-002164,Jessica Garcia,home,20206.91,3,1,100,1,simple,0
SYNTH-002165,Liam Williams,home,102073.87,4,1,107,1,complex,0
SYNTH-002166,Wei Brown,motor,69390.64,3,1,283,1,simple,0
SYNTH-002167,Sofia Smith,business,394938.43,4,1,14,1,high_value,0
SYNTH-002168,Linda Miller,business,310759.65,2,1,254,0,high_value,0
SYNTH-002169,David Costa,motor,23666.36,4,1,50,1,complex,0
SYNTH-002170,Arjun Williams,health,75321.33,3,1,162,1,simple,0
SYNTH-002171,Omar Garcia,health,36242.61,4,1,78,1,complex,0
SYNTH-002172,Amara Kim,business,437118.43,2,1,63,0,high_value,0
SYNTH-002173,John Miller,life,547577.93,2,0,519,0,high_value,0
SYNTH-002174,Priya Martinez,business,178178.17,3,1,64,0,simple,0
SYNTH-002175,Jessica Kim,health,52281.06,3,1,122,1,simple,0
SYNTH-002176,Sofia Williams,health,74038.21,2,1,175,2,simple,0
SYNTH-002177,Patricia Miller,life,674807.11,3,1,215,0,high_value,0
SYNTH-002178,Patricia Kim,home,71259.18,2,1,67,0,simple,0
SYNTH-002179,Joseph Smith,business,235936.97,1,1,119,0,high_value,0
SYNTH-002180,Jennifer Sharma,motor,32047.86,5,1,71,1,complex,0
SYNTH-002181,William Davis,home,123557.66,5,1,28,1,complex,0
SYNTH-002182,Joseph Brown,motor,31500.05,2,1,37,1,simple,0
SYNTH-002183,Jessica Novak,life,428781.75,4,1,135,1,high_value,0
SYNTH-002184,Patricia Kim,life,579949.63,1,1,53,1,high_value,0
SYNTH-002185,Elena Brown,motor,26626.44,1,1,76,1,simple,0
SYNTH-002186,Priya Novak,life,173656.24,4,1,407,2,complex,0
SYNTH-002187,Liam Jones,health,63195.56,5,1,74,0,complex,0
SYNTH-002188,Jennifer Garcia,motor,95319.98,5,1,41,0,complex,0
SYNTH-002189,Omar Silva,motor,63619.85,1,1,42,1,simple,0
SYNTH-002190,Elizabeth Khan,business,114104.74,5,1,36,1,complex,0
SYNTH-002191,David Kim,life,338097.83,3,1,91,1,high_value,0
SYNTH-002192,Elena Nakamura,motor,62636.03,5,1,136,0,complex,0
SYNTH-002193,Joseph Rodriguez,health,107297.63,2,1,57,1,simple,0
SYNTH-002194,William Martinez,health,63451.51,4,1,22,0,complex,0
SYNTH-002195,Arjun Miller,motor,50146.52,2,0,55,1,simple,0
SYNTH-002196,John Davis,life,730127.06,2,1,129,1,high_value,0
SYNTH-002197,Jessica Johnson,life,267879.28,1,1,60,3,high_value,0
SYNTH-002198,Linda Rodriguez,business,180208.68,7,1,115,1,complex,0
SYNTH-002199,David Rodriguez,home,66542.05,3,1,171,1,simple,0
SYNTH-002200,Robert Williams,home,72648.23,4,1,390,0,complex,0
SYNTH-002201,Robert Martinez,motor,8257.4,5,1,67,0,complex,0
SYNTH-002202,Fatima Rodriguez,home,29232.48,1,1,158,1,simple,0
SYNTH-002203,Elena Williams,home,91267.54,3,1,19,1,simple,1
SYNTH-002204,Elena Kim,business,472274.95,4,1,42,1,high_value,0
SYNTH-002205,Joseph Khan,business,367784.91,7,1,76,2,high_value,0
SYNTH-002206,Wei Smith,motor,35263.99,6,1,27,3,complex,0
SYNTH-002207,Jessica Johnson,life,182983.27,6,0,177,3,complex,0
SYNTH-002208,Fatima Silva,home,112310.3,5,0,130,2,complex,0
SYNTH-002209,Arjun Novak,health,25333.8,4,1,326,0,complex,0
SYNTH-002210,Fatima Williams,motor,65179.73,4,1,66,1,complex,0
SYNTH-002211,John Kim,home,36875.66,6,1,125,5,complex,0
SYNTH-002212,Liam Silva,home,137111.79,2,1,135,1,simple,0
SYNTH-002213,Robert Sharma,motor,54974.63,4,1,55,0,complex,0
SYNTH-002214,Elena Silva,health,129702.53,2,1,95,1,simple,0
SYNTH-002215,Richard Smith,health,123525.01,1,1,9,1,simple,0
SYNTH-002216,Linda Sharma,health,21802.91,2,1,45,1,simple,0
SYNTH-002217,Fatima Khan,home,87387.6,1,1,88,0,simple,0
SYNTH-002218,Michael Martinez,business,157280.24,8,1,24,3,complex,0
SYNTH-002219,Mary Jones,life,441627.0,3,0,165,2,high_value,0
SYNTH-002220,Linda Miller,home,148303.45,3,1,6,1,simple,0
SYNTH-002221,Michael Khan,life,355327.08,5,1,46,2,high_value,0
SYNTH-002222,Richard Smith,health,51225.69,8,0,27,0,complex,0
SYNTH-002223,Mary Kim,travel,27739.96,2,1,255,1,simple,0
SYNTH-002224,Patricia Williams,travel,18267.86,3,1,4,0,simple,0
SYNTH-002225,Jennifer Miller,life,335543.37,1,1,169,0,high_value,0
SYNTH-002226,David Silva,health,114966.79,3,1,102,3,simple,0
SYNTH-002227,Jessica Rodriguez,life,416766.02,4,1,46,2,high_value,0
SYNTH-002228,Omar Silva,home,125898.03,2,0,102,1,simple,1
SYNTH-002229,Elizabeth Williams,travel,25003.31,1,1,145,1,simple,0
SYNTH-002230,Amara Williams,travel,33504.34,4,1,184,0,complex,0
SYNTH-002231,William Sharma,business,215050.97,3,1,151,0,high_value,0
SYNTH-002232,Robert Costa,health,38551.77,1,0,107,1,simple,0
SYNTH-002233,Wei Miller,life,216189.36,2,0,98,0,high_value,1
SYNTH-002234,Jennifer Silva,business,224487.62,1,1,133,2,high_value,0
SYNTH-002235,Omar Garcia,life,253098.22,3,1,43,0,high_value,0
SYNTH-002236,Jessica Miller,motor,80358.52,4,1,123,0,complex,0
SYNTH-002237,Wei Sharma,motor,38924.77,4,1,50,0,complex,0
SYNTH-002238,Mary Jones,health,86756.09,2,1,77,2,simple,0
SYNTH-002239,Priya Garcia,travel,43550.06,3,0,55,2,simple,0
SYNTH-002240,Susan Williams,life,179945.41,4,0,22,2,complex,0
SYNTH-002241,Arjun Kim,health,65910.04,3,1,235,1,simple,0
SYNTH-002242,Jessica Novak,life,799049.33,1,1,822,1,high_value,1
SYNTH-002243,Wei Brown,motor,29848.31,3,0,44,1,simple,0
SYNTH-002244,Robert Davis,travel,10040.28,4,1,59,2,complex,0
SYNTH-002245,John Brown,home,74258.43,5,0,231,3,complex,0
SYNTH-002246,Linda Rodriguez,business,249972.34,3,1,118,0,high_value,0
SYNTH-002247,Joseph Costa,life,446516.96,1,1,1,1,high_value,0
SYNTH-002248,Robert Sharma,home,41042.69,3,1,48,3,simple,0
SYNTH-002249,Mary Nakamura,travel,40672.59,5,1,7,0,complex,0
SYNTH-002250,Robert Johnson,business,674191.57,4,0,159,1,high_value,0
SYNTH-002251,Jessica Khan,life,836407.84,2,1,110,1,high_value,0
SYNTH-002252,Joseph Miller,life,673133.39,1,1,191,3,high_value,0
SYNTH-002253,William Costa,travel,7301.26,10,1,213,3,complex,0
SYNTH-002254,Omar Novak,motor,49359.75,3,1,56,1,simple,0
SYNTH-002255,Elena Costa,home,160995.8,1,1,174,1,simple,0
SYNTH-002256,Arjun Jones,motor,36632.73,4,0,449,0,complex,0
SYNTH-002257,Arjun Martinez,health,86555.24,1,1,70,0,simple,0
SYNTH-002258,John Costa,life,417205.04,3,1,245,0,high_value,0
SYNTH-002259,Michael Jones,life,303433.01,3,1,196,1,high_value,0
SYNTH-002260,Priya Jones,business,292889.5,3,1,33,2,high_value,0
SYNTH-002261,Barbara Davis,home,79381.0,4,1,102,3,complex,0
SYNTH-002262,Patricia Garcia,business,364043.08,2,1,178,2,high_value,0
SYNTH-002263,Elena Jones,business,350588.15,4,1,16,0,high_value,0
SYNTH-002264,William Johnson,home,109524.71,5,1,93,0,complex,0
SYNTH-002265,Jessica Kim,travel,19133.09,6,1,60,0,complex,0
SYNTH-002266,William Martinez,motor,35304.63,1,0,74,1,simple,1
SYNTH-002267,Mary Silva,life,754571.93,1,1,87,1,high_value,0
SYNTH-002268,Omar Davis,life,301005.52,4,0,269,0,high_value,0
SYNTH-002269,Michael Davis,travel,29149.08,6,1,69,1,complex,0
SYNTH-002270,Richard Brown,motor,72579.93,5,0,107,4,complex,0
SYNTH-002271,Joseph Jones,business,292781.83,4,1,84,0,high_value,0
SYNTH-002272,Priya Martinez,business,275251.16,2,1,145,2,high_value,0
SYNTH-002273,Liam Kim,home,67352.15,2,0,211,1,simple,0
SYNTH-002274,Robert Williams,motor,57705.45,3,1,32,1,simple,0
SYNTH-002275,Richard Rodriguez,business,471882.88,2,1,144,0,high_value,0
SYNTH-002276,Amara Novak,health,52558.09,2,1,47,2,simple,0
SYNTH-002277,Wei Khan,motor,79016.31,4,1,178,1,complex,0
SYNTH-002278,Susan Silva,life,768199.41,3,1,69,3,high_value,0
SYNTH-002279,Kenji Rodriguez,health,42886.85,6,1,96,2,complex,0
SYNTH-002280,William Khan,motor,67372.27,6,1,84,0,complex,0
SYNTH-002281,Fatima Novak,health,83691.26,5,0,219,3,complex,0
SYNTH-002282,Elena Novak,life,813015.98,2,1,93,4,high_value,0
SYNTH-002283,Liam Nakamura,home,185025.6,3,1,405,3,simple,0
SYNTH-002284,Patricia Brown,health,87002.5,2,1,13,1,simple,0
SYNTH-002285,Amara Silva,health,62883.69,4,1,74,2,complex,0
SYNTH-002286,Joseph Costa,travel,15259.83,5,1,58,1,high_value,0
SYNTH-002287,Elena Silva,health,128326.63,5,1,149,1,complex,0
SYNTH-002288,Sofia Sharma,business,242843.98,5,1,40,0,high_value,0
SYNTH-002289,Joseph Rodriguez,health,30234.84,4,1,316,2,complex,1
SYNTH-002290,Linda Rodriguez,motor,32027.21,4,1,636,0,complex,0
SYNTH-002291,Sofia Rodriguez,travel,37274.21,1,1,54,0,simple,0
SYNTH-002292,David Nakamura,life,612906.41,1,1,41,0,high_value,0
SYNTH-002293,John Sharma,motor,61875.97,1,1,38,2,simple,0
SYNTH-002294,Linda Sharma,motor,30113.14,5,1,144,3,complex,0
SYNTH-002295,David Novak,motor,47770.79,2,0,181,3,simple,0
SYNTH-002296,Amara Novak,business,160375.86,6,1,108,3,complex,0
SYNTH-002297,Jennifer Garcia,motor,48321.74,7,1,35,2,complex,0
SYNTH-002298,Priya Martinez,motor,16061.49,4,0,81,0,complex,0
SYNTH-002299,Michael Williams,home,61860.41,1,1,13,1,simple,0
SYNTH-002300,William Jones,health,60954.54,9,1,254,2,complex,0
SYNTH-002301,Richard Brown,business,302505.75,8,1,119,3,high_value,0
SYNTH-002302,Fatima Williams,business,185706.27,3,1,448,1,simple,0
SYNTH-002303,Arjun Jones,motor,31897.09,1,1,19,1,simple,0
SYNTH-002304,Linda Davis,business,235725.88,2,1,2,1,simple,0
SYNTH-002305,Elizabeth Davis,life,210248.04,4,1,10,0,high_value,0
SYNTH-002306,Arjun Miller,health,58166.03,4,1,159,1,complex,0
SYNTH-002307,Fatima Nakamura,travel,16491.47,3,1,132,2,simple,0
SYNTH-002308,Omar Rodriguez,business,336468.35,4,1,69,3,high_value,0
SYNTH-002309,David Khan,travel,20589.94,5,1,201,2,complex,0
SYNTH-002310,Amara Davis,health,26450.76,1,1,34,1,simple,0
SYNTH-002311,Priya Novak,home,86046.09,1,1,115,2,simple,0
SYNTH-002312,Kenji Khan,home,113558.9,4,1,71,1,complex,0
SYNTH-002313,Linda Kim,business,307939.18,3,1,151,1,high_value,0
SYNTH-002314,Jessica Silva,motor,86373.1,3,1,278,2,simple,0
SYNTH-002315,Arjun Johnson,health,103897.09,3,1,63,0,simple,0
SYNTH-002316,Barbara Williams,motor,11180.12,3,1,34,2,simple,0
SYNTH-002317,James Novak,business,579058.09,3,1,240,1,high_value,0
SYNTH-002318,Michael Kim,travel,18186.92,4,1,12,1,complex,0
SYNTH-002319,Fatima Costa,motor,74544.81,2,1,30,0,simple,0
SYNTH-002320,David Smith,travel,18508.42,3,0,9,2,simple,0
SYNTH-002321,Elena Williams,home,109682.35,1,0,168,1,simple,0
SYNTH-002322,Michael Davis,home,35921.92,1,0,40,0,simple,0
SYNTH-002323,James Novak,home,58304.75,2,1,272,2,simple,0
SYNTH-002324,Fatima Nakamura,business,435817.55,2,0,0,3,high_value,0
SYNTH-002325,Jennifer Brown,travel,17030.77,4,1,147,1,complex,0
SYNTH-002326,Jessica Williams,motor,44155.42,2,1,62,1,simple,0
SYNTH-002327,Sofia Williams,life,255755.6,1,1,421,4,high_value,0
SYNTH-002328,Wei Johnson,motor,21915.2,5,1,25,0,complex,0
SYNTH-002329,Priya Smith,home,53279.78,1,0,21,1,simple,0
SYNTH-002330,Fatima Khan,health,62877.63,3,1,12,3,simple,0
SYNTH-002331,Jennifer Miller,health,100602.28,4,1,166,0,complex,0
SYNTH-002332,Barbara Garcia,motor,64215.34,1,0,103,0,simple,0
SYNTH-002333,Robert Kim,travel,26599.15,2,1,309,0,simple,0
SYNTH-002334,Omar Brown,health,74202.74,2,1,52,0,simple,0
SYNTH-002335,Fatima Costa,motor,89159.83,4,1,53,1,complex,0
SYNTH-002336,Wei Sharma,life,276526.43,3,1,34,4,high_value,0
SYNTH-002337,Joseph Brown,travel,44800.46,2,1,57,1,simple,0
SYNTH-002338,Linda Novak,business,403819.26,1,1,291,4,high_value,0
SYNTH-002339,Jessica Brown,life,239456.03,2,1,22,3,simple,0
SYNTH-002340,Fatima Costa,home,62641.69,3,0,16,0,simple,0
SYNTH-002341,Robert Kim,travel,25950.94,2,1,194,1,simple,0
SYNTH-002342,Richard Williams,life,383007.76,2,1,278,0,high_value,0
SYNTH-002343,Wei Nakamura,travel,20349.21,2,0,6,3,simple,0
SYNTH-002344,Liam Johnson,motor,75184.43,6,1,149,2,complex,0
SYNTH-002345,Fatima Garcia,home,109879.48,3,1,22,0,simple,0
SYNTH-002346,Elizabeth Nakamura,business,278111.76,1,1,67,4,simple,0
SYNTH-002347,Liam Silva,life,150470.93,4,1,246,1,complex,0
SYNTH-002348,Liam Johnson,business,197127.62,4,1,21,1,complex,0
SYNTH-002349,Amara Sharma,life,273292.98,2,0,48,2,high_value,0
SYNTH-002350,Wei Smith,health,67755.09,4,1,92,4,complex,0
SYNTH-002351,Elizabeth Smith,health,124189.13,4,1,19,2,complex,0
SYNTH-002352,Jennifer Nakamura,life,257365.0,3,1,18,2,high_value,0
SYNTH-002353,Robert Davis,life,608437.02,4,1,32,1,high_value,0
SYNTH-002354,Fatima Martinez,home,155067.92,1,1,62,2,simple,0
SYNTH-002355,Susan Smith,life,525673.67,6,1,680,3,high_value,0
SYNTH-002356,Michael Novak,travel,21501.32,6,1,159,1,complex,0
SYNTH-002357,Amara Kim,motor,25092.47,5,1,57,1,complex,0
SYNTH-002358,Patricia Garcia,life,905919.02,5,1,30,1,high_value,0
SYNTH-002359,Kenji Rodriguez,travel,22905.21,1,0,11,5,simple,0
SYNTH-002360,Elizabeth Martinez,business,414749.83,6,1,126,0,high_value,0
SYNTH-002361,Michael Williams,home,96567.67,2,1,11,0,simple,0
SYNTH-002362,Mary Novak,home,75713.74,5,1,7,3,complex,0
SYNTH-002363,Jennifer Williams,travel,18334.67,2,0,44,0,simple,0
SYNTH-002364,Joseph Jones,business,474804.37,5,1,40,2,high_value,0
SYNTH-002365,Michael Miller,travel,37388.84,5,1,71,2,high_value,0
SYNTH-002366,David Rodriguez,business,399893.06,5,1,154,1,high_value,0
SYNTH-002367,Richard Nakamura,life,578952.88,2,1,41,1,high_value,0
SYNTH-002368,Sofia Miller,life,483728.76,1,1,55,1,high_value,0
SYNTH-002369,John Davis,motor,32391.45,5,1,16,1,complex,0
SYNTH-002370,David Johnson,home,15013.35,4,1,47,1,complex,0
SYNTH-002371,Wei Garcia,health,93335.74,1,1,148,2,simple,0
SYNTH-002372,Patricia Davis,business,199433.11,2,1,315,1,simple,0
SYNTH-002373,Elena Brown,health,47432.62,3,1,99,0,simple,0
SYNTH-002374,Sofia Novak,life,199958.1,1,1,34,0,high_value,0
SYNTH-002375,Joseph Davis,home,69464.74,6,1,61,1,complex,0
SYNTH-002376,Sofia Kim,business,699658.07,1,1,46,0,high_value,0
SYNTH-002377,Barbara Davis,travel,11925.75,1,1,41,1,simple,0
SYNTH-002378,Richard Rodriguez,life,237755.62,3,1,428,0,high_value,0
SYNTH-002379,Joseph Silva,life,450613.69,5,1,33,3,complex,0
SYNTH-002380,Robert Khan,business,200868.21,3,1,0,4,high_value,0
SYNTH-002381,Kenji Kim,life,327030.84,5,1,29,3,high_value,0
SYNTH-002382,Liam Nakamura,travel,17869.57,5,1,187,0,complex,0
SYNTH-002383,Michael Miller,life,363560.83,1,1,86,2,high_value,0
SYNTH-002384,Arjun Silva,business,228056.73,3,1,809,0,high_value,0
SYNTH-002385,Patricia Kim,motor,50188.95,4,1,254,2,complex,0
SYNTH-002386,Susan Johnson,motor,55867.38,2,1,51,0,simple,0
SYNTH-002387,Richard Costa,life,254583.2,3,1,154,0,high_value,0
SYNTH-002388,Richard Garcia,travel,24286.32,5,1,99,0,complex,0
SYNTH-002389,Sofia Nakamura,motor,35560.45,4,1,10,4,complex,0
SYNTH-002390,Joseph Davis,home,120211.14,1,1,8,1,simple,0
SYNTH-002391,Elena Costa,business,770613.57,3,0,7,3,high_value,0
SYNTH-002392,John Smith,business,593666.68,3,1,9,0,simple,0
SYNTH-002393,John Sharma,health,55285.39,3,1,191,3,simple,0
SYNTH-002394,John Khan,motor,65160.68,2,1,134,2,simple,0
SYNTH-002395,Jessica Sharma,home,40172.6,4,1,17,1,complex,0
SYNTH-002396,Jennifer Jones,business,239708.36,5,1,215,1,high_value,0
SYNTH-002397,Jennifer Novak,life,341011.26,3,1,138,3,high_value,0
SYNTH-002398,Patricia Jones,business,694538.55,1,1,57,2,high_value,0
SYNTH-002399,Jessica Garcia,travel,10894.87,5,0,27,1,complex,0
SYNTH-002400,Joseph Garcia,health,68771.86,1,1,368,1,simple,0
SYNTH-002401,Fatima Khan,travel,25096.47,2,1,73,2,simple,0
SYNTH-002402,Robert Martinez,motor,16910.22,1,1,63,1,simple,0
SYNTH-002403,Omar Miller,business,418908.5,4,1,49,2,high_value,0
SYNTH-002404,John Khan,business,300124.79,1,1,96,1,high_value,0
SYNTH-002405,Fatima Silva,home,82936.52,1,1,61,0,simple,0
SYNTH-002406,Priya Smith,life,133207.09,4,1,81,1,complex,0
SYNTH-002407,Amara Martinez,travel,27989.47,1,1,175,2,simple,0
SYNTH-002408,Kenji Kim,motor,43419.77,3,1,141,1,simple,0
SYNTH-002409,Wei Smith,business,309166.47,6,0,424,2,high_value,0
SYNTH-002410,Jessica Nakamura,business,121831.18,4,1,125,1,complex,0
SYNTH-002411,David Khan,travel,43656.51,3,0,60,0,simple,0
SYNTH-002412,David Jones,home,121823.25,3,1,535,2,simple,0
SYNTH-002413,William Williams,motor,44620.59,2,1,116,0,simple,0
SYNTH-002414,David Costa,travel,4718.29,3,1,268,1,simple,0
SYNTH-002415,Linda Williams,health,66493.62,1,0,112,2,simple,0
SYNTH-002416,Elena Williams,life,708393.48,2,1,79,1,high_value,0
SYNTH-002417,Wei Williams,health,92905.89,1,0,112,1,complex,0
SYNTH-002418,Sofia Sharma,life,948760.66,3,1,179,2,high_value,0
SYNTH-002419,Michael Williams,business,346068.09,5,0,47,3,high_value,0
SYNTH-002420,Omar Davis,life,469236.82,2,0,85,1,high_value,1
SYNTH-002421,Priya Miller,life,737665.25,5,0,20,0,high_value,0
SYNTH-002422,Amara Garcia,travel,3783.09,2,1,8,1,simple,0
SYNTH-002423,Mary Kim,travel,31839.39,1,1,221,4,simple,0
SYNTH-002424,William Jones,life,942071.06,5,1,146,0,high_value,0
SYNTH-002425,Elena Williams,home,71377.58,2,1,17,1,simple,0
SYNTH-002426,Jennifer Nakamura,life,183971.21,5,1,485,3,complex,0
SYNTH-002427,Sofia Martinez,business,74834.17,2,1,163,0,simple,0
SYNTH-002428,Priya Smith,life,521126.09,3,1,16,0,high_value,0
SYNTH-002429,Jennifer Williams,business,151598.38,5,1,12,1,complex,0
SYNTH-002430,Wei Silva,health,29074.21,4,0,49,1,complex,0
SYNTH-002431,Kenji Williams,health,88350.34,1,1,366,0,simple,0
SYNTH-002432,Liam Williams,motor,75901.45,3,1,160,1,simple,0
SYNTH-002433,Kenji Novak,home,114588.94,2,1,11,3,simple,0
SYNTH-002434,Kenji Miller,motor,45671.64,1,1,78,1,simple,0
SYNTH-002435,Joseph Sharma,life,829286.3,2,1,678,2,complex,0
SYNTH-002436,Robert Nakamura,travel,21626.44,4,1,10,1,complex,0
SYNTH-002437,Richard Jones,travel,25338.0,7,1,33,0,complex,0
SYNTH-002438,Jennifer Jones,travel,19964.16,4,1,271,2,complex,0
SYNTH-002439,Jessica Jones,home,163743.43,2,1,81,2,simple,1
SYNTH-002440,Arjun Rodriguez,motor,33381.59,3,1,51,2,complex,0
SYNTH-002441,Susan Garcia,life,845228.81,2,1,64,0,high_value,0
SYNTH-002442,John Sharma,travel,11322.37,5,1,33,1,complex,0
SYNTH-002443,Jessica Miller,business,273999.88,3,1,2,0,high_value,0
SYNTH-002444,David Martinez,travel,10179.19,3,1,9,2,simple,0
SYNTH-002445,Priya Martinez,business,591997.66,1,1,27,2,high_value,0
SYNTH-002446,Barbara Novak,motor,16730.05,3,1,289,0,simple,0
SYNTH-002447,David Davis,health,92213.81,4,0,18,2,complex,0
SYNTH-002448,William Sharma,motor,47863.7,5,1,64,1,complex,0
SYNTH-002449,David Davis,home,48468.36,4,1,64,2,complex,0
SYNTH-002450,Jessica Novak,business,350070.43,2,1,89,0,high_value,0
SYNTH-002451,Robert Sharma,health,26302.83,5,1,119,1,complex,0
SYNTH-002452,Kenji Rodriguez,health,74216.92,3,1,44,0,simple,0
SYNTH-002453,William Jones,health,77010.89,4,1,324,2,complex,0
SYNTH-002454,Sofia Smith,motor,47478.46,3,1,53,4,simple,0
SYNTH-002455,Omar Rodriguez,motor,26758.55,1,1,40,1,simple,0
SYNTH-002456,Michael Miller,motor,15308.59,2,1,9,0,simple,0
SYNTH-002457,Michael Costa,home,51888.13,3,1,81,2,simple,0
SYNTH-002458,James Martinez,home,156065.9,3,1,6,0,simple,0
SYNTH-002459,Sofia Silva,motor,51651.96,1,1,73,1,simple,1
SYNTH-002460,Joseph Nakamura,health,50107.39,5,1,72,4,complex,0
SYNTH-002461,William Kim,home,28681.54,2,1,245,0,simple,0
SYNTH-002462,Fatima Jones,motor,33980.63,6,1,25,0,complex,0
SYNTH-002463,Arjun Novak,motor,56916.78,1,1,6,2,simple,0
SYNTH-002464,James Silva,motor,36747.24,2,0,191,1,simple,0
SYNTH-002465,Elena Johnson,business,299967.13,3,1,183,2,high_value,0
SYNTH-002466,Priya Johnson,business,228832.51,1,1,33,1,high_value,0
SYNTH-002467,John Jones,business,289817.78,6,1,203,1,high_value,0
SYNTH-002468,John Khan,life,304953.64,1,0,556,1,high_value,0
SYNTH-002469,Jessica Nakamura,motor,66823.99,2,1,15,2,simple,0
SYNTH-002470,Amara Jones,home,64347.82,5,0,31,2,complex,0
SYNTH-002471,Patricia Rodriguez,home,73995.3,4,1,355,1,complex,0
SYNTH-002472,Mary Davis,life,685080.61,3,1,14,1,high_value,0
SYNTH-002473,Robert Jones,travel,20566.21,6,0,36,1,complex,0
SYNTH-002474,Richard Smith,home,23357.63,3,1,29,2,simple,0
SYNTH-002475,Amara Silva,home,78022.97,6,1,148,2,complex,0
SYNTH-002476,Linda Novak,home,136650.2,2,0,112,1,simple,1
SYNTH-002477,Priya Garcia,health,43178.69,3,1,39,2,simple,0
SYNTH-002478,Kenji Martinez,travel,31211.13,4,1,57,1,complex,0
SYNTH-002479,Michael Rodriguez,motor,32471.12,3,1,29,2,simple,0
SYNTH-002480,Sofia Martinez,motor,64428.21,2,1,96,2,simple,0
SYNTH-002481,Priya Nakamura,travel,19945.75,2,0,58,0,simple,0
SYNTH-002482,Michael Miller,life,818695.83,3,1,110,4,simple,0
SYNTH-002483,Michael Martinez,home,60821.08,4,1,171,2,complex,0
SYNTH-002484,William Miller,motor,36907.48,1,1,187,1,simple,0
SYNTH-002485,Michael Novak,home,93325.59,5,0,41,1,simple,0
SYNTH-002486,Wei Garcia,business,233561.23,3,1,50,0,high_value,0
SYNTH-002487,Liam Davis,travel,15609.77,1,1,68,0,simple,0
SYNTH-002488,Wei Johnson,health,58814.03,6,1,66,3,complex,0
SYNTH-002489,Richard Garcia,health,43905.71,4,1,189,2,complex,0
SYNTH-002490,Susan Khan,health,57970.83,6,0,8,0,complex,0
SYNTH-002491,Mary Brown,health,114829.09,5,1,215,0,complex,0
SYNTH-002492,Omar Miller,motor,15709.81,2,0,133,0,simple,0
SYNTH-002493,James Novak,health,82100.71,1,1,85,5,simple,0
SYNTH-002494,Fatima Rodriguez,life,517393.21,2,0,70,1,high_value,0
SYNTH-002495,Amara Jones,motor,36126.3,2,0,35,2,simple,0
SYNTH-002496,Jessica Silva,life,383365.88,1,0,6,2,high_value,1
SYNTH-002497,Mary Williams,travel,24770.26,3,1,234,2,simple,0
SYNTH-002498,William Smith,motor,35105.08,4,1,8,3,complex,0
SYNTH-002499,Joseph Smith,business,90693.58,3,1,8,1,simple,0
SYNTH-002500,Arjun Novak,business,456362.38,2,0,34,0,high_value,0
SYNTH-002501,John Khan,life,539923.0,5,1,416,1,high_value,0
SYNTH-002502,Barbara Jones,travel,30720.16,3,1,451,3,simple,0
SYNTH-002503,Richard Khan,motor,48400.95,2,1,130,0,simple,0
SYNTH-002504,Liam Novak,travel,17169.17,1,1,166,1,simple,0
SYNTH-002505,Wei Rodriguez,business,679642.99,1,1,106,2,high_value,0
SYNTH-002506,Elena Garcia,life,759607.29,3,1,99,2,high_value,0
SYNTH-002507,Robert Sharma,health,82831.48,1,1,18,0,simple,0
SYNTH-002508,Fatima Jones,home,91480.96,5,1,45,1,complex,0
SYNTH-002509,Patricia Costa,life,110927.87,8,1,49,0,complex,0
SYNTH-002510,Arjun Garcia,home,81402.11,5,0,236,2,complex,1
SYNTH-002511,Patricia Sharma,business,207876.63,6,1,140,1,high_value,0
SYNTH-002512,Priya Nakamura,business,77139.23,3,1,83,2,simple,0
SYNTH-002513,Patricia Davis,life,235183.96,4,1,258,2,high_value,0
SYNTH-002514,Elena Miller,business,95813.68,8,1,59,2,complex,0
SYNTH-002515,Patricia Novak,business,155715.09,2,0,15,0,simple,0
SYNTH-002516,Elena Nakamura,life,683536.93,1,1,1,2,high_value,0
SYNTH-002517,Michael Smith,motor,36873.36,3,1,80,0,simple,0
SYNTH-002518,Elena Williams,health,38727.19,3,0,408,3,simple,0
SYNTH-002519,Barbara Nakamura,health,55733.07,1,1,108,0,simple,0
SYNTH-002520,Michael Martinez,health,103438.52,2,1,62,0,simple,0
SYNTH-002521,Fatima Johnson,travel,15617.75,3,1,88,1,simple,0
SYNTH-002522,William Novak,business,535890.73,6,1,39,4,complex,0
SYNTH-002523,Fatima Khan,travel,19032.99,8,1,68,1,complex,0
SYNTH-002524,Elena Williams,business,475558.49,1,1,195,2,simple,0
SYNTH-002525,Amara Brown,travel,41723.4,1,1,247,1,simple,0
SYNTH-002526,Jessica Johnson,travel,45032.83,5,1,91,1,complex,0
SYNTH-002527,Michael Silva,motor,31134.49,7,1,24,1,complex,0
SYNTH-002528,Elena Smith,health,111373.97,4,0,103,3,complex,0
SYNTH-002529,Amara Nakamura,home,37774.8,3,1,321,2,simple,0
SYNTH-002530,Priya Novak,home,47303.95,2,1,221,2,high_value,0
SYNTH-002531,Elizabeth Sharma,life,578045.6,2,1,22,2,high_value,0
SYNTH-002532,Michael Novak,travel,21624.63,3,0,182,1,simple,0
SYNTH-002533,Sofia Garcia,travel,28757.31,7,1,39,1,complex,0
SYNTH-002534,Liam Novak,travel,37794.27,5,0,54,0,complex,0
SYNTH-002535,Patricia Brown,life,562258.94,3,1,310,0,high_value,0
SYNTH-002536,Fatima Smith,life,711720.66,4,0,106,5,high_value,0
SYNTH-002537,Amara Costa,travel,18997.57,4,1,251,0,complex,0
SYNTH-002538,Mary Rodriguez,business,765335.31,5,1,36,1,high_value,0
SYNTH-002539,William Khan,travel,42972.52,6,1,71,2,complex,0
SYNTH-002540,Robert Brown,travel,9380.21,6,1,108,0,complex,0
SYNTH-002541,Joseph Khan,health,51895.19,4,1,118,3,complex,0
SYNTH-002542,Jennifer Silva,home,155304.95,4,1,23,1,complex,0
SYNTH-002543,Robert Nakamura,health,45644.98,2,1,84,1,simple,0
SYNTH-002544,Priya Rodriguez,health,69691.24,6,1,148,2,complex,1
SYNTH-002545,David Davis,home,86274.34,4,1,342,1,complex,0
SYNTH-002546,Jessica Miller,travel,16896.55,3,1,5,0,simple,0
SYNTH-002547,Omar Williams,health,77280.68,3,1,13,1,simple,0
SYNTH-002548,Elena Williams,life,196513.52,6,1,595,0,complex,0
SYNTH-002549,Linda Silva,travel,13967.78,7,1,347,1,complex,0
SYNTH-002550,Mary Silva,business,555706.86,4,1,151,2,high_value,0
SYNTH-002551,Liam Khan,health,128346.44,3,1,55,0,simple,1
SYNTH-002552,Robert Novak,travel,37281.74,4,1,176,1,complex,0
SYNTH-002553,Elena Garcia,home,133010.41,4,1,172,0,complex,0
SYNTH-002554,Susan Smith,life,420041.08,2,1,72,2,high_value,0
SYNTH-002555,Robert Johnson,travel,31526.93,1,0,96,1,simple,0
SYNTH-002556,David Martinez,motor,14443.22,2,1,209,0,simple,0
SYNTH-002557,Jessica Costa,home,54251.54,3,1,345,1,simple,0
SYNTH-002558,Amara Jones,travel,22262.73,4,1,35,1,complex,0
SYNTH-002559,Arjun Costa,travel,34121.57,1,1,37,0,simple,0
SYNTH-002560,William Martinez,home,87640.11,2,1,147,5,simple,0
SYNTH-002561,Linda Miller,home,120409.67,1,1,92,0,simple,0
SYNTH-002562,Liam Silva,motor,46932.3,6,1,69,1,complex,0
SYNTH-002563,Elena Jones,motor,37146.76,4,1,113,0,complex,0
SYNTH-002564,Arjun Sharma,business,243604.64,1,1,9,0,high_value,0
SYNTH-002565,Kenji Martinez,life,124604.59,2,1,68,2,simple,0
SYNTH-002566,David Garcia,business,624244.75,1,1,615,2,high_value,0
SYNTH-002567,Amara Rodriguez,business,432495.57,1,1,76,1,high_value,0
SYNTH-002568,John Rodriguez,home,125272.71,1,1,121,1,simple,0
SYNTH-002569,James Williams,health,58951.97,1,1,17,2,simple,0
SYNTH-002570,Arjun Rodriguez,life,464285.79,1,1,123,0,high_value,0
SYNTH-002571,Susan Novak,home,13924.72,3,1,117,1,simple,0
SYNTH-002572,Robert Garcia,home,88323.21,5,0,160,1,complex,0
SYNTH-002573,John Rodriguez,health,60672.08,4,1,21,0,complex,0
SYNTH-002574,Kenji Silva,health,94409.61,1,1,102,2,simple,0
SYNTH-002575,Patricia Sharma,life,626345.65,6,0,91,3,high_value,0
SYNTH-002576,Linda Rodriguez,home,33383.51,2,1,116,1,simple,0
SYNTH-002577,Fatima Sharma,home,56608.53,4,1,22,2,complex,1
SYNTH-002578,Arjun Smith,life,572314.1,2,1,219,0,high_value,0
SYNTH-002579,William Novak,life,337407.56,1,0,85,0,high_value,0
SYNTH-002580,Joseph Garcia,health,50128.72,3,0,98,1,simple,0
SYNTH-002581,Liam Martinez,life,718581.07,2,1,2,2,high_value,1
SYNTH-002582,Michael Davis,travel,13929.66,2,1,22,0,simple,0
SYNTH-002583,Robert Nakamura,health,58147.45,4,1,137,3,complex,0
SYNTH-002584,Liam Novak,home,120009.29,5,1,13,1,complex,0
SYNTH-002585,Jessica Costa,travel,9606.7,5,1,43,2,complex,0
SYNTH-002586,Robert Williams,home,16797.36,4,1,24,0,complex,0
SYNTH-002587,Richard Miller,home,126383.23,1,1,16,1,simple,0
SYNTH-002588,Elizabeth Davis,life,212239.3,3,1,15,3,high_value,0
SYNTH-002589,Fatima Davis,travel,27936.62,3,1,82,0,simple,1
SYNTH-002590,Richard Khan,business,412134.29,2,1,95,1,high_value,0
SYNTH-002591,Susan Williams,motor,28163.33,4,1,291,1,complex,0
SYNTH-002592,William Novak,travel,9642.07,3,1,25,1,simple,0
SYNTH-002593,Wei Costa,life,356909.39,3,1,202,2,high_value,0
SYNTH-002594,Elena Davis,life,648292.25,1,1,354,4,high_value,0
SYNTH-002595,Arjun Johnson,health,75707.18,2,1,171,1,simple,0
SYNTH-002596,Elizabeth Jones,motor,33935.71,8,0,31,0,complex,0
SYNTH-002597,Elizabeth Garcia,travel,26632.59,3,1,6,1,simple,0
SYNTH-002598,Fatima Garcia,home,102867.64,6,0,97,0,complex,0
SYNTH-002599,Linda Smith,motor,54954.65,3,1,160,1,simple,0
SYNTH-002600,William Garcia,life,722118.05,3,1,72,1,high_value,0
SYNTH-002601,Kenji Garcia,home,123744.22,4,0,9,2,complex,0
SYNTH-002602,David Garcia,life,603355.86,4,1,99,1,high_value,0
SYNTH-002603,Richard Jones,motor,68535.26,1,1,88,0,high_value,0
SYNTH-002604,Wei Khan,life,602018.09,1,0,213,2,high_value,0
SYNTH-002605,Amara Brown,home,102586.9,1,1,226,2,simple,0
SYNTH-002606,John Nakamura,business,156522.68,6,1,277,1,complex,0
SYNTH-002607,Liam Nakamura,life,596561.58,1,0,53,0,high_value,0
SYNTH-002608,Sofia Costa,home,191359.26,3,1,79,1,simple,0
SYNTH-002609,Richard Rodriguez,motor,62443.0,2,1,63,3,simple,0
SYNTH-002610,Robert Johnson,home,68404.69,3,1,25,1,simple,0
SYNTH-002611,Patricia Silva,life,570511.68,4,0,244,2,high_value,0
SYNTH-002612,Michael Smith,travel,10037.14,2,1,17,3,simple,0
SYNTH-002613,Fatima Jones,life,541473.63,4,1,54,2,high_value,0
SYNTH-002614,Linda Kim,business,134183.3,5,1,2,0,complex,0
SYNTH-002615,Michael Kim,motor,40763.33,1,1,151,3,simple,0
SYNTH-002616,Sofia Brown,life,599978.34,3,1,364,2,high_value,0
SYNTH-002617,Sofia Silva,motor,78109.4,3,1,210,0,simple,0
SYNTH-002618,Jessica Johnson,health,101070.04,4,1,7,1,complex,0
SYNTH-002619,Priya Garcia,travel,18140.03,3,0,15,1,simple,0
SYNTH-002620,William Johnson,health,131896.45,1,1,103,0,simple,0
SYNTH-002621,Joseph Nakamura,health,74711.53,1,1,193,1,simple,0
SYNTH-002622,Elizabeth Khan,motor,26134.73,3,1,4,2,simple,0
SYNTH-002623,Elena Novak,health,64623.71,5,1,94,2,complex,0
SYNTH-002624,Fatima Costa,travel,23596.36,2,1,15,1,high_value,0
SYNTH-002625,David Kim,health,56059.82,3,1,17,2,simple,0
SYNTH-002626,Michael Williams,business,335342.11,2,1,126,0,high_value,0
SYNTH-002627,Elizabeth Smith,home,177305.63,4,1,319,1,complex,0
SYNTH-002628,Robert Silva,life,480282.58,1,1,119,2,high_value,0
SYNTH-002629,John Garcia,home,99094.41,1,1,96,8,simple,0
SYNTH-002630,Joseph Garcia,health,27585.4,1,1,218,2,simple,0
SYNTH-002631,David Khan,business,302561.12,3,1,189,1,high_value,0
SYNTH-002632,Kenji Sharma,travel,7035.38,1,1,77,0,simple,0
SYNTH-002633,Amara Costa,business,215792.64,4,1,242,3,high_value,0
SYNTH-002634,Linda Smith,business,469482.81,1,1,8,0,high_value,0
SYNTH-002635,Jessica Nakamura,travel,12140.68,4,1,82,0,complex,0
SYNTH-002636,Patricia Jones,health,134883.44,1,1,354,1,simple,0
SYNTH-002637,Linda Kim,home,108041.44,3,1,80,0,simple,0
SYNTH-002638,Susan Nakamura,life,861059.0,2,1,21,1,high_value,0
SYNTH-002639,Wei Novak,travel,33935.68,3,1,77,2,simple,0
SYNTH-002640,Susan Nakamura,business,283782.76,2,0,179,0,high_value,0
SYNTH-002641,Barbara Brown,travel,28171.74,2,1,23,1,simple,1
SYNTH-002642,Richard Miller,motor,84576.21,4,1,57,0,complex,0
SYNTH-002643,Omar Garcia,travel,43160.9,4,1,482,2,complex,0
SYNTH-002644,John Brown,motor,60275.52,5,1,224,0,complex,0
SYNTH-002645,Susan Novak,health,94253.64,2,0,71,1,simple,0
SYNTH-002646,Robert Johnson,health,52371.62,3,1,124,2,simple,0
SYNTH-002647,Barbara Khan,health,102022.3,5,1,128,0,complex,0
SYNTH-002648,Mary Williams,business,163996.53,1,1,41,1,complex,0
SYNTH-002649,Jennifer Nakamura,health,49507.76,3,1,36,0,simple,0
SYNTH-002650,Priya Williams,travel,23311.53,3,0,219,1,simple,0
SYNTH-002651,William Garcia,home,72301.04,4,1,458,3,complex,0
SYNTH-002652,Linda Martinez,business,285942.83,3,1,88,2,high_value,0
SYNTH-002653,Jessica Kim,health,17227.06,7,1,147,1,complex,0
SYNTH-002654,Richard Silva,motor,22225.5,4,1,314,1,complex,0
SYNTH-002655,Michael Davis,life,502003.01,3,1,13,0,high_value,0
SYNTH-002656,Fatima Brown,travel,16690.01,1,0,1,0,simple,0
SYNTH-002657,John Martinez,life,358088.33,1,0,112,1,high_value,0
SYNTH-002658,Susan Silva,motor,49209.72,2,1,190,1,simple,0
SYNTH-002659,Kenji Martinez,health,49752.87,4,1,46,1,complex,0
SYNTH-002660,Jennifer Nakamura,business,788117.73,5,1,64,2,high_value,1
SYNTH-002661,Jessica Kim,life,627141.07,3,1,90,0,complex,0
SYNTH-002662,Joseph Jones,business,95948.07,4,1,154,1,complex,0
SYNTH-002663,Elena Garcia,motor,52891.2,6,1,76,0,complex,0
SYNTH-002664,John Novak,health,74209.47,2,1,75,0,simple,0
SYNTH-002665,Wei Novak,motor,55002.76,4,0,306,1,complex,0
SYNTH-002666,Elena Smith,motor,40081.27,5,1,494,3,complex,0
SYNTH-002667,David Smith,business,110534.09,1,1,95,0,simple,0
SYNTH-002668,Michael Jones,health,105354.34,4,1,50,2,complex,0
SYNTH-002669,William Costa,motor,65937.45,1,1,69,3,simple,0
SYNTH-002670,Wei Miller,travel,11879.56,2,1,152,0,simple,0
SYNTH-002671,Kenji Martinez,travel,7190.99,5,1,139,1,complex,1
SYNTH-002672,James Silva,home,85527.7,3,1,203,1,simple,0
SYNTH-002673,Susan Kim,home,110827.04,1,1,322,2,simple,0
SYNTH-002674,Linda Kim,home,93878.13,4,1,293,3,complex,0
SYNTH-002675,Linda Rodriguez,motor,39670.28,5,1,298,1,complex,1
SYNTH-002676,Joseph Davis,travel,24818.66,5,1,366,0,complex,0
SYNTH-002677,William Silva,travel,13240.4,3,0,304,2,simple,0
SYNTH-002678,Sofia Martinez,health,84870.17,3,1,32,2,simple,0
SYNTH-002679,Arjun Martinez,home,124651.35,2,1,77,2,simple,0
SYNTH-002680,Kenji Sharma,health,78818.45,6,1,56,2,complex,0
SYNTH-002681,John Sharma,life,842952.19,3,1,194,0,high_value,0
SYNTH-002682,Kenji Rodriguez,business,158311.47,4,1,107,4,complex,0
SYNTH-002683,Susan Miller,life,264556.09,5,1,156,0,high_value,0
SYNTH-002684,Elizabeth Williams,business,199240.22,2,1,194,0,simple,0
SYNTH-002685,James Davis,health,62940.81,3,1,303,1,simple,0
SYNTH-002686,Jennifer Brown,health,62247.7,3,1,38,3,simple,0
SYNTH-002687,Arjun Kim,travel,16436.2,2,1,245,1,simple,0
SYNTH-002688,John Khan,home,80771.76,5,0,33,1,complex,0
SYNTH-002689,William Smith,health,114280.36,4,1,37,3,complex,0
SYNTH-002690,John Garcia,home,115036.54,1,1,199,0,simple,0
SYNTH-002691,Michael Novak,life,585540.94,1,1,7,2,high_value,0
SYNTH-002692,Elena Silva,business,291929.75,10,1,370,2,high_value,0
SYNTH-002693,Jennifer Miller,health,44670.06,4,1,64,1,complex,0
SYNTH-002694,John Davis,home,66644.13,1,1,122,2,simple,0
SYNTH-002695,Joseph Nakamura,business,197341.63,4,1,179,1,complex,0
SYNTH-002696,Joseph Miller,motor,57508.97,4,1,101,2,complex,0
SYNTH-002697,Sofia Sharma,health,34212.06,3,1,30,1,high_value,0
SYNTH-002698,John Jones,travel,22602.61,2,1,6,2,complex,0
SYNTH-002699,Robert Novak,health,22927.01,4,1,162,2,complex,0
SYNTH-002700,Patricia Johnson,travel,19724.88,3,1,31,0,simple,0
SYNTH-002701,Elizabeth Johnson,business,233270.39,2,1,117,0,high_value,0
SYNTH-002702,Robert Rodriguez,health,26016.42,1,0,216,1,simple,0
SYNTH-002703,John Costa,travel,18621.0,3,1,45,0,simple,0
SYNTH-002704,James Smith,motor,59491.03,2,0,161,2,simple,0
SYNTH-002705,Priya Brown,motor,59475.52,1,1,51,2,simple,0
SYNTH-002706,David Brown,motor,45028.57,1,0,53,0,simple,0
SYNTH-002707,Mary Rodriguez,life,744736.51,5,1,204,0,high_value,0
SYNTH-002708,John Martinez,motor,77767.17,2,1,104,2,simple,0
SYNTH-002709,Mary Martinez,home,160476.76,1,1,114,1,simple,0
SYNTH-002710,Robert Williams,travel,7135.25,2,0,172,2,simple,0
SYNTH-002711,Jessica Johnson,health,15149.16,5,1,337,3,complex,0
SYNTH-002712,Jennifer Davis,travel,23695.57,4,1,64,3,complex,0
SYNTH-002713,Amara Brown,health,99952.74,3,1,221,1,simple,0
SYNTH-002714,Robert Garcia,business,170949.51,3,1,225,0,simple,0
SYNTH-002715,Susan Smith,business,508381.2,3,1,220,0,high_value,0
SYNTH-002716,Elena Miller,business,698127.23,3,1,86,1,high_value,0
SYNTH-002717,Liam Nakamura,travel,28808.58,3,1,470,0,simple,0
SYNTH-002718,Fatima Silva,life,526190.76,4,1,276,1,high_value,0
SYNTH-002719,Patricia Silva,home,77263.65,7,1,60,2,complex,0
SYNTH-002720,Richard Miller,motor,11351.52,2,1,173,0,simple,0
SYNTH-002721,Sofia Brown,business,615866.12,4,1,16,2,high_value,0
SYNTH-002722,Linda Johnson,business,498959.58,5,1,258,1,high_value,0
SYNTH-002723,William Brown,business,618604.83,4,0,34,3,high_value,0
SYNTH-002724,Amara Smith,home,51507.92,2,0,129,0,simple,0
SYNTH-002725,Kenji Brown,travel,40049.81,1,0,0,1,simple,0
SYNTH-002726,Liam Rodriguez,motor,25282.68,3,1,448,1,simple,0
SYNTH-002727,Richard Khan,travel,7054.74,2,1,33,2,simple,0
SYNTH-002728,Jessica Novak,life,459287.63,3,1,360,0,high_value,0
SYNTH-002729,Jennifer Johnson,motor,93597.75,3,1,336,1,simple,0
SYNTH-002730,Patricia Martinez,health,16906.99,1,1,114,1,simple,0
SYNTH-002731,Jessica Costa,life,462274.36,1,1,39,0,high_value,0
SYNTH-002732,Joseph Miller,health,112269.02,6,1,160,1,complex,0
SYNTH-002733,William Garcia,business,206164.26,5,1,229,2,high_value,0
SYNTH-002734,Linda Novak,travel,39986.38,7,1,175,2,complex,1
SYNTH-002735,Robert Brown,travel,23393.89,5,1,67,1,complex,0
SYNTH-002736,William Costa,motor,54877.39,2,1,132,5,simple,0
SYNTH-002737,Patricia Davis,motor,32696.36,8,1,13,0,high_value,0
SYNTH-002738,Arjun Costa,motor,72633.27,4,1,43,1,complex,0
SYNTH-002739,James Sharma,life,897257.51,5,1,177,1,high_value,1
SYNTH-002740,Jessica Miller,business,252371.82,2,1,129,3,high_value,0
SYNTH-002741,William Rodriguez,life,495060.72,7,0,244,0,high_value,0
SYNTH-002742,Wei Khan,home,81808.76,7,1,67,3,complex,0
SYNTH-002743,David Johnson,health,16771.62,6,1,96,1,complex,0
SYNTH-002744,Jessica Davis,motor,12072.83,1,1,32,3,simple,0
SYNTH-002745,Robert Davis,travel,16883.6,4,1,175,0,simple,0
SYNTH-002746,Kenji Williams,travel,31005.4,4,1,465,2,complex,0
SYNTH-002747,Robert Davis,health,43561.43,1,1,282,3,simple,0
SYNTH-002748,James Silva,business,763338.72,7,1,84,2,high_value,1
SYNTH-002749,Michael Williams,health,65991.14,2,1,131,0,simple,0
SYNTH-002750,William Davis,motor,35979.6,2,1,8,2,simple,0
SYNTH-002751,Elena Smith,health,83544.15,2,1,508,2,simple,0
SYNTH-002752,David Brown,travel,29732.42,1,1,15,1,simple,0
SYNTH-002753,James Silva,health,42800.17,1,1,152,0,simple,0
SYNTH-002754,Amara Garcia,business,695471.5,3,1,76,3,high_value,0
SYNTH-002755,Liam Rodriguez,health,42620.93,1,1,73,3,simple,0
SYNTH-002756,Kenji Garcia,life,695566.61,3,1,51,2,high_value,0
SYNTH-002757,Mary Kim,life,481091.57,3,1,134,2,high_value,0
SYNTH-002758,Michael Khan,life,669263.38,3,1,26,0,high_value,0
SYNTH-002759,Susan Jones,business,334706.26,6,1,318,2,high_value,0
SYNTH-002760,James Garcia,business,457979.25,5,0,26,0,high_value,0
SYNTH-002761,Susan Brown,motor,28976.22,3,0,9,0,simple,0
SYNTH-002762,Patricia Silva,health,46543.98,1,1,106,2,simple,0
SYNTH-002763,Amara Costa,life,574249.35,2,1,42,0,high_value,0
SYNTH-002764,Joseph Garcia,home,83057.43,2,1,161,0,simple,0
SYNTH-002765,Susan Garcia,home,93079.99,1,1,244,1,simple,0
SYNTH-002766,Wei Miller,home,107129.43,4,1,60,1,complex,0
SYNTH-002767,Elizabeth Nakamura,business,614754.08,6,1,120,5,high_value,0
SYNTH-002768,Omar Jones,home,14244.63,1,1,94,1,simple,0
SYNTH-002769,Patricia Novak,health,57537.96,6,1,147,1,complex,0
SYNTH-002770,Robert Johnson,travel,15409.87,1,1,36,5,simple,0
SYNTH-002771,Linda Johnson,home,77346.18,4,1,188,0,complex,0
SYNTH-002772,Arjun Williams,home,16050.57,6,1,43,2,complex,0
SYNTH-002773,Arjun Jones,motor,19950.06,4,1,85,1,complex,0
SYNTH-002774,Robert Davis,life,562305.46,4,0,225,0,high_value,0
SYNTH-002775,John Silva,business,472816.28,4,1,159,0,high_value,0
SYNTH-002776,Joseph Garcia,business,214063.5,4,1,205,1,high_value,0
SYNTH-002777,Elena Smith,business,551279.84,2,1,150,0,high_value,1
SYNTH-002778,Kenji Smith,health,49337.12,4,1,18,1,complex,0
SYNTH-002779,Fatima Williams,health,38812.36,2,1,94,3,simple,0
SYNTH-002780,Joseph Khan,health,60293.62,5,1,142,4,complex,0
SYNTH-002781,Kenji Jones,health,106604.16,3,1,155,2,simple,0
SYNTH-002782,Priya Martinez,motor,53036.09,3,1,41,0,simple,0
SYNTH-002783,Wei Novak,motor,51674.15,4,1,198,2,complex,0
SYNTH-002784,Jennifer Martinez,motor,17989.09,3,1,138,3,simple,0
SYNTH-002785,Priya Silva,home,115755.54,3,1,46,1,complex,0
SYNTH-002786,William Davis,travel,21458.19,3,0,250,3,simple,1
SYNTH-002787,Priya Rodriguez,travel,31902.35,1,1,46,1,simple,0
SYNTH-002788,Susan Jones,home,103501.44,3,0,49,2,simple,0
SYNTH-002789,Mary Khan,motor,52712.34,2,1,29,0,simple,0
SYNTH-002790,Mary Johnson,motor,16735.98,4,1,5,0,complex,0
SYNTH-002791,Wei Kim,business,523977.87,2,1,92,1,high_value,0
SYNTH-002792,Elena Costa,home,98244.63,8,1,12,0,complex,0
SYNTH-002793,Patricia Nakamura,life,645425.6,1,0,61,1,high_value,0
SYNTH-002794,Priya Smith,motor,54280.67,1,1,13,1,simple,0
SYNTH-002795,Jennifer Novak,motor,68670.22,4,1,39,2,complex,0
SYNTH-002796,Amara Miller,travel,16251.56,6,1,20,0,complex,0
SYNTH-002797,Liam Williams,home,125681.71,3,1,16,0,simple,0
SYNTH-002798,Jennifer Costa,life,301125.22,4,1,18,0,high_value,0
SYNTH-002799,Elizabeth Garcia,home,62953.9,2,1,166,2,simple,0
SYNTH-002800,Barbara Costa,health,110411.73,5,1,78,1,complex,0
SYNTH-002801,John Kim,travel,39348.96,4,1,53,2,complex,0
SYNTH-002802,Richard Garcia,health,33824.36,4,1,18,1,complex,0
SYNTH-002803,Mary Garcia,motor,72457.82,2,1,61,2,simple,0
SYNTH-002804,Arjun Garcia,travel,21713.86,6,1,103,0,complex,0
SYNTH-002805,Liam Williams,motor,36092.21,4,1,74,1,complex,0
SYNTH-002806,Elizabeth Costa,travel,5971.26,4,1,35,1,complex,0
SYNTH-002807,James Davis,home,75444.38,5,1,29,3,complex,0
SYNTH-002808,Priya Garcia,business,363790.39,5,0,27,0,high_value,0
SYNTH-002809,Amara Johnson,motor,35670.9,1,1,118,2,simple,0
SYNTH-002810,Elizabeth Davis,business,182772.32,3,1,220,2,high_value,0
SYNTH-002811,Barbara Miller,life,387884.35,5,1,445,2,high_value,0
SYNTH-002812,Richard Davis,home,90383.79,5,1,23,1,complex,0
SYNTH-002813,Joseph Costa,life,649182.35,5,1,118,1,high_value,0
SYNTH-002814,Wei Miller,travel,29525.6,4,1,161,1,complex,0
SYNTH-002815,Michael Jones,life,399401.29,1,1,9,2,high_value,0
SYNTH-002816,Susan Johnson,travel,8206.37,3,1,31,1,simple,1
SYNTH-002817,Elena Costa,business,284294.21,2,0,121,2,high_value,0
SYNTH-002818,Joseph Costa,travel,28957.45,4,1,18,0,complex,0
SYNTH-002819,James Smith,travel,24129.85,3,1,80,0,simple,0
SYNTH-002820,David Silva,life,534895.62,2,1,29,0,simple,0
SYNTH-002821,James Davis,health,119643.4,1,1,17,0,simple,0
SYNTH-002822,William Martinez,business,389034.73,2,1,195,1,high_value,0
SYNTH-002823,James Miller,home,115406.89,4,0,410,2,complex,0
SYNTH-002824,Mary Williams,travel,21093.13,3,1,279,1,simple,0
SYNTH-002825,Sofia Martinez,motor,72297.88,1,1,17,2,simple,0
SYNTH-002826,Jessica Sharma,health,62411.62,2,1,32,0,simple,0
SYNTH-002827,Jennifer Garcia,health,70123.08,2,1,99,1,simple,0
SYNTH-002828,Joseph Rodriguez,life,193953.8,3,1,34,2,simple,0
SYNTH-002829,Mary Martinez,motor,74970.3,2,1,356,2,simple,0
SYNTH-002830,Barbara Smith,life,485261.65,4,1,35,0,high_value,0
SYNTH-002831,Omar Johnson,motor,19856.94,4,1,531,0,complex,0
SYNTH-002832,Elena Smith,home,84015.58,1,1,151,0,simple,0
SYNTH-002833,Michael Khan,health,35809.8,4,1,41,1,complex,0
SYNTH-002834,Elena Smith,travel,11677.37,2,1,204,2,simple,0
SYNTH-002835,Kenji Miller,travel,18755.57,7,1,86,0,complex,0
SYNTH-002836,David Khan,health,72061.49,4,1,31,1,complex,0
SYNTH-002837,Fatima Brown,health,54831.08,3,1,266,0,simple,0
SYNTH-002838,Sofia Jones,travel,2138.22,3,1,30,3,simple,0
SYNTH-002839,Kenji Johnson,home,18321.86,1,1,113,0,simple,0
SYNTH-002840,Priya Kim,health,140469.86,2,1,93,0,simple,1
SYNTH-002841,Arjun Costa,life,620507.81,2,1,95,3,high_value,0
SYNTH-002842,Wei Brown,life,235668.96,4,1,155,2,high_value,0
SYNTH-002843,James Johnson,health,57631.6,2,0,72,1,simple,0
SYNTH-002844,Omar Martinez,home,131999.58,4,1,124,0,complex,0
SYNTH-002845,Joseph Rodriguez,motor,35256.58,8,1,8,2,complex,0
SYNTH-002846,Fatima Silva,home,147433.68,1,1,13,0,simple,0
SYNTH-002847,Elizabeth Kim,home,149384.38,2,1,64,1,simple,0
SYNTH-002848,Barbara Nakamura,health,51955.55,1,1,424,5,simple,0
SYNTH-002849,Patricia Martinez,business,306126.79,2,1,354,0,high_value,0
SYNTH-002850,Omar Miller,health,131823.77,4,1,176,1,complex,0
SYNTH-002851,Omar Davis,life,159311.53,1,1,8,1,simple,0
SYNTH-002852,Fatima Johnson,motor,72862.91,4,1,56,1,complex,0
SYNTH-002853,Richard Brown,travel,8891.02,2,1,105,2,high_value,0
SYNTH-002854,Joseph Garcia,travel,15785.39,5,1,307,2,complex,1
SYNTH-002855,Linda Costa,business,457452.5,7,1,27,3,high_value,0
SYNTH-002856,Barbara Davis,home,28413.76,2,1,22,1,simple,0
SYNTH-002857,Elizabeth Smith,home,59433.32,5,0,12,1,complex,0
SYNTH-002858,Robert Silva,motor,39527.44,2,1,413,0,simple,0
SYNTH-002859,Richard Khan,motor,77020.59,1,0,32,1,simple,0
SYNTH-002860,Omar Nakamura,home,103811.18,6,1,411,3,complex,0
SYNTH-002861,Michael Smith,home,73001.16,1,1,128,1,simple,0
SYNTH-002862,Liam Jones,home,76184.43,5,1,132,2,complex,0
SYNTH-002863,Elena Brown,life,340410.55,6,1,61,2,high_value,0
SYNTH-002864,Robert Davis,motor,93664.27,3,1,82,2,simple,0
SYNTH-002865,Sofia Johnson,home,90308.93,2,1,84,1,simple,0
SYNTH-002866,James Smith,health,30430.82,2,1,41,0,simple,0
SYNTH-002867,Richard Williams,business,568329.35,3,1,151,1,high_value,0
SYNTH-002868,Michael Williams,health,78967.68,2,0,296,0,simple,0
SYNTH-002869,James Johnson,health,62342.52,5,1,51,3,complex,0
SYNTH-002870,John Martinez,health,77606.24,2,1,94,3,simple,0
SYNTH-002871,Joseph Silva,business,238887.92,1,1,72,0,high_value,0
SYNTH-002872,Joseph Silva,life,414607.36,4,1,40,1,high_value,0
SYNTH-002873,William Rodriguez,business,328457.48,4,0,188,1,high_value,0
SYNTH-002874,Richard Garcia,health,19114.8,5,1,1,2,complex,0
SYNTH-002875,Richard Silva,health,84020.31,4,1,247,0,complex,0
SYNTH-002876,Omar Williams,business,704717.99,3,0,38,0,high_value,1
SYNTH-002877,Richard Johnson,business,335646.24,1,1,55,0,high_value,0
SYNTH-002878,Elena Rodriguez,life,469855.75,6,1,234,0,high_value,0
SYNTH-002879,John Miller,health,120995.57,3,1,440,0,simple,0
SYNTH-002880,David Khan,life,299583.29,7,1,43,0,high_value,0
SYNTH-002881,Richard Brown,business,417823.38,1,1,262,1,high_value,0
SYNTH-002882,Jennifer Brown,travel,18788.85,1,1,62,1,simple,1
SYNTH-002883,Susan Davis,health,55920.32,8,1,43,0,simple,0
SYNTH-002884,Arjun Khan,home,47316.23,1,1,263,3,simple,0
SYNTH-002885,Liam Martinez,travel,37390.74,1,0,18,1,simple,0
SYNTH-002886,David Johnson,motor,33660.16,1,1,37,1,simple,0
SYNTH-002887,Patricia Silva,life,311090.29,5,1,47,1,high_value,0
SYNTH-002888,Liam Rodriguez,motor,54354.0,3,1,97,1,simple,0
SYNTH-002889,Joseph Novak,health,101635.31,4,1,20,1,complex,0
SYNTH-002890,Jennifer Williams,business,315887.6,3,1,47,2,high_value,0
SYNTH-002891,Patricia Miller,travel,16540.01,3,1,155,1,simple,0
SYNTH-002892,Arjun Sharma,motor,33708.46,2,1,84,1,simple,0
SYNTH-002893,Joseph Davis,business,651713.24,4,1,164,2,high_value,0
SYNTH-002894,Linda Brown,travel,33292.38,5,1,74,0,complex,0
SYNTH-002895,James Sharma,home,65282.61,4,1,276,0,complex,0
SYNTH-002896,Jessica Silva,life,685786.5,3,1,200,1,high_value,0
SYNTH-002897,Amara Johnson,travel,24333.26,3,1,353,2,simple,0
SYNTH-002898,Priya Jones,travel,13938.26,1,1,154,1,simple,0
SYNTH-002899,Liam Garcia,health,95429.64,1,1,65,0,high_value,0
SYNTH-002900,John Nakamura,life,323905.9,5,1,50,3,high_value,0
SYNTH-002901,Arjun Kim,business,439124.68,3,1,50,0,high_value,0
SYNTH-002902,John Costa,health,74482.17,4,1,28,1,complex,0
SYNTH-002903,Robert Sharma,business,424598.51,4,1,7,1,high_value,0
SYNTH-002904,Mary Rodriguez,home,89667.21,5,1,49,0,complex,0
SYNTH-002905,Arjun Smith,life,274483.73,3,1,158,0,high_value,0
SYNTH-002906,Omar Johnson,life,389164.82,3,0,33,0,high_value,0
SYNTH-002907,Susan Rodriguez,home,131496.63,1,1,5,1,simple,0
SYNTH-002908,Wei Sharma,home,66705.09,3,1,191,2,simple,0
SYNTH-002909,John Martinez,business,105002.34,8,1,84,2,complex,0
SYNTH-002910,Omar Johnson,motor,53164.26,3,1,28,2,simple,0
SYNTH-002911,Linda Nakamura,business,110237.68,4,1,128,0,complex,0
SYNTH-002912,Liam Garcia,travel,32952.52,4,1,51,2,complex,0
SYNTH-002913,John Williams,health,54190.43,3,1,27,1,simple,0
SYNTH-002914,Arjun Novak,business,675998.33,3,1,31,2,high_value,0
SYNTH-002915,Susan Costa,travel,7608.65,5,1,9,2,complex,0
SYNTH-002916,David Costa,travel,24005.16,2,1,177,0,simple,0
SYNTH-002917,Sofia Sharma,home,53692.97,4,1,91,1,complex,1
SYNTH-002918,Sofia Davis,business,222594.64,3,1,65,0,high_value,0
SYNTH-002919,Barbara Nakamura,motor,53115.57,1,0,79,2,simple,1
SYNTH-002920,Mary Smith,travel,48182.31,3,1,86,1,simple,0
SYNTH-002921,Elena Sharma,business,198108.73,2,0,20,2,simple,0
SYNTH-002922,Joseph Nakamura,motor,55785.42,1,1,166,2,simple,0
SYNTH-002923,Jennifer Davis,life,589253.11,1,0,343,2,high_value,0
SYNTH-002924,William Nakamura,business,336729.29,1,1,9,0,high_value,0
SYNTH-002925,Fatima Brown,life,321600.14,3,1,4,2,high_value,0
SYNTH-002926,David Garcia,motor,20582.84,3,1,73,0,simple,0
SYNTH-002927,Jennifer Sharma,home,81332.34,5,1,114,1,complex,0
SYNTH-002928,Fatima Davis,travel,24816.21,4,1,121,1,complex,0
SYNTH-002929,Barbara Brown,business,331040.06,3,1,98,2,high_value,0
SYNTH-002930,Amara Nakamura,life,527577.35,3,1,67,0,high_value,0
SYNTH-002931,William Nakamura,motor,45856.24,3,1,158,0,simple,0
SYNTH-002932,Elena Martinez,home,63125.8,6,1,30,0,complex,0
SYNTH-002933,Patricia Costa,motor,38179.01,1,1,16,0,simple,0
SYNTH-002934,Wei Novak,home,96807.45,1,0,107,1,simple,0
SYNTH-002935,Fatima Davis,life,489648.5,2,0,719,2,high_value,0
SYNTH-002936,Richard Martinez,motor,46074.94,4,1,88,1,complex,0
SYNTH-002937,David Miller,health,62962.11,6,1,122,1,complex,0
SYNTH-002938,Michael Silva,health,55811.86,1,1,143,3,simple,0
SYNTH-002939,Omar Silva,travel,19623.15,2,1,131,1,simple,0
SYNTH-002940,Robert Brown,travel,41258.79,4,1,113,0,high_value,0
SYNTH-002941,Barbara Garcia,motor,47084.67,1,1,96,2,simple,1
SYNTH-002942,Amara Costa,travel,36568.14,4,1,178,1,complex,0
SYNTH-002943,Elena Novak,travel,35014.33,3,1,40,0,simple,0
SYNTH-002944,Priya Khan,health,41773.63,2,1,59,2,simple,0
SYNTH-002945,Omar Silva,travel,41153.75,4,1,58,1,complex,0
SYNTH-002946,Priya Silva,travel,30371.67,5,0,206,2,complex,0
SYNTH-002947,Robert Novak,travel,41028.56,2,1,67,2,simple,0
SYNTH-002948,Liam Rodriguez,business,729002.12,2,1,151,0,high_value,0
SYNTH-002949,Barbara Sharma,home,84491.43,2,1,73,0,simple,0
SYNTH-002950,Elizabeth Brown,business,243115.34,1,1,105,1,high_value,0
SYNTH-002951,Robert Smith,health,57685.08,3,1,64,1,simple,0
SYNTH-002952,Linda Davis,health,76306.11,4,0,132,4,complex,0
SYNTH-002953,Patricia Sharma,health,68158.35,1,1,91,2,simple,0
SYNTH-002954,Priya Miller,motor,42988.44,2,0,51,1,complex,0
SYNTH-002955,Patricia Martinez,business,155295.77,3,1,63,3,simple,0
SYNTH-002956,Richard Novak,motor,54181.01,2,1,179,2,simple,0
SYNTH-002957,Linda Silva,life,309769.31,4,1,176,1,high_value,0
SYNTH-002958,Elizabeth Silva,travel,20333.49,4,1,8,1,complex,0
SYNTH-002959,Kenji Garcia,life,280552.39,5,1,156,1,high_value,0
SYNTH-002960,Michael Garcia,motor,52128.47,1,1,8,1,simple,0
SYNTH-002961,Michael Williams,business,384509.28,2,1,150,3,high_value,0
SYNTH-002962,James Martinez,life,116197.08,4,1,168,6,complex,0
SYNTH-002963,John Costa,home,107026.3,1,0,0,0,simple,1
SYNTH-002964,Arjun Kim,life,411547.96,3,1,34,5,high_value,0
SYNTH-002965,Priya Williams,motor,30583.18,5,0,85,2,complex,0
SYNTH-002966,Jessica Kim,business,638728.58,5,1,241,1,high_value,0
SYNTH-002967,William Novak,motor,50485.08,2,1,39,0,simple,0
SYNTH-002968,David Jones,life,426281.21,1,1,61,0,high_value,0
SYNTH-002969,Kenji Kim,home,24455.97,1,0,24,2,simple,0
SYNTH-002970,Richard Johnson,travel,9867.51,3,1,62,1,simple,0
SYNTH-002971,Sofia Novak,home,102223.23,1,1,134,2,simple,0
SYNTH-002972,Omar Miller,life,461048.24,3,0,123,1,high_value,0
SYNTH-002973,James Sharma,home,143527.0,4,1,201,1,complex,0
SYNTH-002974,Wei Miller,life,771507.59,2,1,235,1,high_value,0
SYNTH-002975,Susan Sharma,business,563521.37,3,1,4,0,high_value,0
SYNTH-002976,Arjun Jones,business,212521.31,5,1,267,3,high_value,0
SYNTH-002977,Linda Miller,life,215913.71,5,1,32,1,high_value,0
SYNTH-002978,Jessica Kim,motor,42653.37,9,1,4,0,complex,0
SYNTH-002979,Richard Martinez,business,681032.25,4,1,34,1,high_value,0
SYNTH-002980,William Novak,life,271096.22,3,1,136,0,high_value,0
SYNTH-002981,Wei Kim,home,127518.71,3,1,1,2,simple,0
SYNTH-002982,Mary Sharma,health,65093.81,1,1,25,2,simple,0
SYNTH-002983,Jessica Brown,life,494607.92,4,1,52,2,high_value,0
SYNTH-002984,Fatima Costa,life,187612.01,2,1,115,1,simple,0
SYNTH-002985,Patricia Jones,life,695640.76,1,0,84,0,high_value,0
SYNTH-002986,Arjun Miller,motor,37793.59,3,1,5,2,simple,0
SYNTH-002987,Omar Kim,life,513871.35,5,0,81,0,high_value,0
SYNTH-002988,Liam Miller,home,94916.34,5,1,86,3,complex,0
SYNTH-002989,Priya Khan,business,361314.82,3,1,4,1,high_value,0
SYNTH-002990,Omar Johnson,life,182718.53,3,1,7,1,simple,0
SYNTH-002991,Richard Williams,life,803388.84,1,0,63,2,high_value,0
SYNTH-002992,John Khan,home,66161.69,2,1,217,1,simple,0
SYNTH-002993,John Smith,life,264143.54,4,1,12,1,high_value,0
SYNTH-002994,Fatima Khan,life,319601.87,1,1,114,1,high_value,0
SYNTH-002995,Sofia Costa,business,736462.52,1,0,15,4,high_value,1
SYNTH-002996,Fatima Silva,life,409772.82,4,0,69,2,high_value,0
SYNTH-002997,Wei Brown,travel,19573.62,7,0,26,1,complex,0
SYNTH-002998,Patricia Miller,life,696468.48,4,1,13,1,high_value,0
SYNTH-002999,Joseph Silva,life,547013.65,5,0,167,1,high_value,0
SYNTH-003000,Elena Williams,travel,29124.63,4,1,98,0,complex,0
SYNTH-003001,Jennifer Johnson,health,56314.58,1,0,57,2,simple,0
SYNTH-003002,Liam Costa,health,63056.66,4,1,138,2,simple,0
SYNTH-003003,Kenji Miller,travel,22470.38,1,1,82,0,simple,0
SYNTH-003004,Michael Smith,health,101923.78,2,1,427,1,simple,0
SYNTH-003005,Elizabeth Costa,business,238132.86,3,1,5,3,high_value,0
SYNTH-003006,John Martinez,health,50351.31,2,0,147,0,simple,0
SYNTH-003007,Robert Sharma,health,37748.2,2,1,50,0,simple,0
SYNTH-003008,Wei Martinez,health,58562.94,4,1,472,0,complex,0
SYNTH-003009,Amara Khan,travel,3374.72,2,0,143,2,simple,0
SYNTH-003010,Kenji Smith,motor,45766.61,4,1,69,2,complex,0
SYNTH-003011,Elena Novak,life,265206.81,2,1,76,1,high_value,0
SYNTH-003012,Robert Rodriguez,health,110349.19,10,1,52,1,complex,0
SYNTH-003013,Barbara Nakamura,life,497743.92,5,1,77,1,high_value,0
SYNTH-003014,William Williams,motor,20674.83,3,1,67,0,simple,0
SYNTH-003015,Susan Brown,business,744634.3,1,1,93,3,complex,1
SYNTH-003016,William Johnson,motor,53308.45,4,1,244,1,complex,0
SYNTH-003017,John Silva,life,367986.27,1,1,0,0,high_value,0
SYNTH-003018,Elizabeth Costa,travel,38207.55,4,1,202,0,simple,0
SYNTH-003019,Jennifer Smith,business,341093.88,2,1,103,1,high_value,0
SYNTH-003020,Mary Brown,life,339133.77,6,1,42,0,high_value,1
SYNTH-003021,Jessica Kim,health,55339.07,3,1,149,0,simple,0
SYNTH-003022,Barbara Kim,motor,22845.67,2,1,31,0,simple,0
SYNTH-003023,Susan Garcia,home,171522.84,3,1,108,0,simple,0
SYNTH-003024,Omar Rodriguez,life,391940.39,2,1,4,2,high_value,0
SYNTH-003025,Elena Brown,travel,10994.69,5,1,116,0,complex,0
SYNTH-003026,Kenji Silva,home,44641.56,2,0,115,2,simple,0
SYNTH-003027,John Novak,home,179958.54,3,1,95,1,simple,0
SYNTH-003028,Omar Khan,life,477989.7,3,1,58,0,simple,0
SYNTH-003029,Patricia Sharma,travel,32966.07,3,0,15,0,simple,0
SYNTH-003030,Susan Kim,business,362039.22,3,0,313,0,high_value,0
SYNTH-003031,John Johnson,health,114673.51,2,1,43,1,simple,0
SYNTH-003032,Elizabeth Miller,motor,53981.13,3,1,118,2,simple,0
SYNTH-003033,Fatima Silva,travel,27233.3,2,1,43,0,simple,1
SYNTH-003034,Joseph Silva,life,168977.23,2,1,16,0,simple,0
SYNTH-003035,Patricia Smith,business,376304.78,3,1,130,1,high_value,1
SYNTH-003036,Michael Nakamura,motor,66756.46,5,1,296,0,complex,0
SYNTH-003037,William Silva,life,167476.04,5,1,7,2,complex,0
SYNTH-003038,John Costa,travel,7355.15,2,1,5,3,simple,0
SYNTH-003039,Mary Johnson,life,174189.0,5,1,27,1,complex,0
SYNTH-003040,David Smith,motor,32724.29,3,1,39,2,simple,0
SYNTH-003041,Liam Kim,health,121154.25,3,1,141,3,simple,0
SYNTH-003042,Fatima Davis,health,15941.45,1,1,6,1,high_value,0
SYNTH-003043,Fatima Rodriguez,home,103506.83,3,1,366,0,simple,0
SYNTH-003044,John Sharma,home,160389.73,2,0,8,2,simple,0
SYNTH-003045,Omar Martinez,life,480144.08,4,0,32,0,high_value,0
SYNTH-003046,Richard Costa,business,662664.95,4,1,51,5,high_value,0
SYNTH-003047,Fatima Kim,travel,30127.64,6,1,28,1,complex,0
SYNTH-003048,Kenji Martinez,business,346064.87,5,0,3,2,high_value,0
SYNTH-003049,Michael Novak,health,72841.2,1,1,119,1,simple,0
SYNTH-003050,Linda Davis,motor,51292.01,1,1,0,1,simple,0
SYNTH-003051,Amara Costa,life,379767.17,7,1,39,0,high_value,0
SYNTH-003052,Patricia Kim,business,337410.51,3,1,18,2,high_value,0
SYNTH-003053,Susan Jones,health,108204.39,2,0,235,0,simple,0
SYNTH-003054,Arjun Garcia,health,40849.75,2,1,4,1,simple,0
SYNTH-003055,Liam Smith,health,102844.61,7,0,136,1,complex,0
SYNTH-003056,Arjun Williams,business,460230.18,4,1,48,0,high_value,0
SYNTH-003057,Priya Costa,life,167115.22,8,1,184,1,complex,0
SYNTH-003058,Joseph Smith,home,89693.07,6,1,25,1,complex,0
SYNTH-003059,Elizabeth Costa,business,89183.34,5,1,29,1,complex,0
SYNTH-003060,Richard Rodriguez,health,63526.61,4,1,34,1,complex,0
SYNTH-003061,Barbara Costa,motor,21087.6,6,1,199,2,complex,0
SYNTH-003062,Priya Khan,home,123944.75,4,1,66,2,complex,0
SYNTH-003063,James Rodriguez,travel,25347.83,2,1,429,0,simple,0
SYNTH-003064,John Garcia,home,76967.87,1,0,56,1,simple,0
SYNTH-003065,John Williams,life,304667.15,4,1,315,2,high_value,0
SYNTH-003066,William Garcia,life,502081.77,2,1,104,1,high_value,0
SYNTH-003067,Joseph Nakamura,home,94610.42,1,1,117,1,simple,0
SYNTH-003068,Liam Johnson,home,71812.52,5,1,85,1,complex,0
SYNTH-003069,William Williams,motor,41994.98,1,0,29,2,simple,0
SYNTH-003070,Arjun Davis,home,76717.82,1,1,32,2,simple,0
SYNTH-003071,Arjun Davis,life,320870.76,3,1,98,2,high_value,0
SYNTH-003072,Joseph Nakamura,motor,59415.9,3,1,154,1,simple,0
SYNTH-003073,Amara Martinez,life,573793.6,3,1,36,0,high_value,0
SYNTH-003074,Wei Silva,home,88225.19,1,1,69,1,simple,0
SYNTH-003075,Joseph Smith,health,85212.35,1,1,10,0,simple,0
SYNTH-003076,Barbara Davis,life,403171.15,1,1,164,0,high_value,0
SYNTH-003077,Priya Davis,business,641976.24,6,1,198,2,high_value,0
SYNTH-003078,Wei Johnson,motor,32650.95,2,1,43,4,simple,0
SYNTH-003079,Elena Costa,travel,8350.91,2,0,29,2,simple,0
SYNTH-003080,John Williams,travel,32131.34,7,1,64,1,complex,1
SYNTH-003081,Elena Davis,motor,90478.68,4,0,239,1,complex,0
SYNTH-003082,Jennifer Miller,motor,47160.65,5,1,47,2,complex,0
SYNTH-003083,Susan Smith,business,295773.68,6,1,142,1,high_value,0
SYNTH-003084,David Costa,motor,28839.69,3,1,64,2,simple,0
SYNTH-003085,Jennifer Khan,health,42683.21,7,1,326,0,complex,0
SYNTH-003086,Wei Brown,motor,14015.86,1,1,116,1,simple,0
SYNTH-003087,William Smith,travel,20904.85,3,1,35,1,simple,0
SYNTH-003088,Kenji Novak,home,83515.74,2,1,430,0,simple,0
SYNTH-003089,Wei Johnson,business,526613.26,1,0,598,2,high_value,0
SYNTH-003090,Richard Kim,home,93134.85,1,1,216,1,simple,1
SYNTH-003091,Susan Costa,home,126058.57,3,0,171,1,simple,0
SYNTH-003092,Richard Nakamura,health,71061.22,3,1,233,1,simple,0
SYNTH-003093,Omar Davis,motor,64698.85,2,1,0,0,simple,0
SYNTH-003094,Joseph Martinez,business,152986.19,2,1,327,1,simple,0
SYNTH-003095,John Sharma,home,79481.24,2,1,254,1,simple,0
SYNTH-003096,Mary Brown,motor,45248.0,5,1,392,0,complex,0
SYNTH-003097,Mary Novak,health,72403.51,2,1,5,2,simple,0
SYNTH-003098,Mary Khan,motor,50000.77,2,1,380,1,simple,0
SYNTH-003099,Mary Davis,health,96791.82,2,0,60,1,simple,0
SYNTH-003100,Michael Silva,home,56949.94,3,1,111,1,simple,0
SYNTH-003101,Patricia Costa,motor,48429.71,5,1,140,2,complex,0
SYNTH-003102,Jessica Smith,home,56001.12,4,1,14,2,complex,0
SYNTH-003103,Omar Jones,health,96228.7,5,0,46,1,complex,0
SYNTH-003104,Elizabeth Nakamura,motor,43705.8,2,1,159,2,simple,0
SYNTH-003105,Arjun Silva,travel,16974.78,1,1,13,0,simple,0
SYNTH-003106,William Garcia,travel,8164.05,4,1,133,2,complex,0
SYNTH-003107,Barbara Novak,health,51200.73,1,1,291,2,simple,0
SYNTH-003108,Omar Martinez,travel,36273.98,3,1,6,0,simple,0
SYNTH-003109,Wei Smith,motor,50098.45,5,1,181,1,complex,0
SYNTH-003110,Omar Nakamura,travel,16595.42,1,0,42,1,simple,0
SYNTH-003111,Susan Sharma,travel,10949.89,5,1,25,0,complex,0
SYNTH-003112,Wei Khan,business,507615.09,4,1,70,1,high_value,0
SYNTH-003113,Jennifer Brown,life,894812.42,2,1,18,0,high_value,0
SYNTH-003114,Joseph Silva,life,323899.32,5,1,230,1,high_value,0
SYNTH-003115,Elena Sharma,travel,31351.86,3,1,623,1,simple,0
SYNTH-003116,Amara Brown,home,50349.42,1,0,202,0,simple,0
SYNTH-003117,William Costa,health,131457.54,3,1,81,1,simple,0
SYNTH-003118,Arjun Smith,business,441018.81,4,1,145,2,high_value,0
SYNTH-003119,Amara Novak,health,37559.89,2,1,127,0,simple,0
SYNTH-003120,Wei Khan,home,30091.09,5,0,25,2,complex,0
SYNTH-003121,William Kim,travel,30101.26,1,1,194,1,simple,0
SYNTH-003122,Jennifer Silva,life,465601.5,2,1,49,1,high_value,0
SYNTH-003123,Michael Costa,health,37887.8,3,0,64,1,simple,0
SYNTH-003124,Linda Silva,motor,15343.05,1,1,594,1,simple,0
SYNTH-003125,Arjun Johnson,motor,31762.89,1,1,191,2,simple,0
SYNTH-003126,Barbara Rodriguez,travel,23135.99,3,1,115,1,simple,0
SYNTH-003127,Amara Davis,home,148690.34,1,1,113,1,simple,0
SYNTH-003128,William Johnson,home,128146.65,5,1,188,0,complex,0
SYNTH-003129,Barbara Martinez,health,109190.39,2,1,203,1,simple,0
SYNTH-003130,John Brown,business,322012.3,2,1,290,1,high_value,0
SYNTH-003131,Joseph Martinez,life,291358.43,4,1,211,1,high_value,0
SYNTH-003132,Liam Williams,home,73060.99,2,1,354,0,simple,0
SYNTH-003133,Linda Martinez,travel,33134.9,3,1,240,1,simple,0
SYNTH-003134,James Miller,business,427615.02,3,1,26,3,high_value,0
SYNTH-003135,Jessica Khan,home,111664.09,3,1,107,3,simple,0
SYNTH-003136,John Nakamura,business,251831.43,3,0,169,1,high_value,0
SYNTH-003137,Michael Johnson,life,441301.69,1,1,121,1,high_value,0
SYNTH-003138,Kenji Costa,travel,30014.27,2,1,135,1,simple,0
SYNTH-003139,Linda Martinez,life,389524.01,2,1,147,1,high_value,0
SYNTH-003140,Sofia Brown,health,68559.37,2,0,174,1,simple,0
SYNTH-003141,Priya Martinez,home,173350.34,2,0,93,2,simple,0
SYNTH-003142,Jennifer Rodriguez,home,90730.13,4,1,277,0,complex,0
SYNTH-003143,William Silva,motor,30260.86,1,1,194,2,simple,0
SYNTH-003144,Barbara Williams,health,64361.29,5,1,90,2,complex,0
SYNTH-003145,Arjun Brown,travel,26611.38,1,1,130,0,simple,0
SYNTH-003146,Kenji Sharma,health,51025.54,3,1,90,1,simple,0
SYNTH-003147,Priya Costa,life,752051.27,2,1,18,1,high_value,0
SYNTH-003148,Wei Silva,business,549947.74,1,1,122,0,high_value,0
SYNTH-003149,Elena Johnson,home,132628.36,4,1,25,4,complex,0
SYNTH-003150,Robert Novak,motor,96792.54,3,1,12,1,simple,0
SYNTH-003151,Richard Davis,health,55459.76,4,1,17,2,complex,0
SYNTH-003152,Arjun Nakamura,health,45785.52,3,1,68,6,simple,0
SYNTH-003153,Arjun Davis,business,327297.13,3,1,45,0,high_value,0
SYNTH-003154,Omar Brown,home,70134.71,6,1,7,1,complex,0
SYNTH-003155,Jessica Smith,life,600189.02,4,1,42,3,high_value,0
SYNTH-003156,Michael Garcia,travel,31408.76,3,1,398,2,simple,0
SYNTH-003157,Arjun Miller,home,60026.97,3,1,65,1,simple,0
SYNTH-003158,Linda Garcia,life,368493.69,4,0,27,1,simple,1
SYNTH-003159,Susan Nakamura,health,58351.71,1,0,129,0,simple,0
SYNTH-003160,Arjun Novak,health,25656.62,2,0,97,1,high_value,0
SYNTH-003161,Michael Khan,business,352412.32,3,1,107,0,simple,0
SYNTH-003162,Linda Martinez,travel,9427.69,1,1,36,1,simple,0
SYNTH-003163,Priya Johnson,motor,73608.26,3,1,74,1,simple,0
SYNTH-003164,Arjun Jones,travel,9456.48,2,1,17,0,simple,0
SYNTH-003165,David Brown,life,557065.9,4,1,88,0,high_value,0
SYNTH-003166,Joseph Nakamura,health,59986.74,2,0,29,0,simple,0
SYNTH-003167,David Nakamura,life,365415.01,7,0,363,0,high_value,0
SYNTH-003168,Mary Silva,travel,25115.8,4,1,454,1,complex,0
SYNTH-003169,John Williams,travel,5882.2,3,1,3,2,simple,0
SYNTH-003170,John Williams,health,24219.63,3,1,181,2,simple,0
SYNTH-003171,Elizabeth Smith,business,435712.09,3,1,47,2,high_value,0
SYNTH-003172,Fatima Rodriguez,travel,22853.52,1,1,39,4,simple,0
SYNTH-003173,Elena Miller,home,118377.51,1,1,15,1,simple,1
SYNTH-003174,Richard Nakamura,travel,15998.31,4,1,9,0,complex,0
SYNTH-003175,Linda Silva,life,178236.63,5,1,15,2,complex,1
SYNTH-003176,Jessica Costa,home,114289.38,1,1,32,2,simple,0
SYNTH-003177,Barbara Smith,business,157168.12,1,1,46,2,simple,0
SYNTH-003178,John Kim,motor,28860.68,1,1,25,1,simple,0
SYNTH-003179,John Jones,travel,47950.65,4,0,47,0,complex,0
SYNTH-003180,Sofia Costa,travel,39035.42,2,1,10,0,simple,0
SYNTH-003181,Elizabeth Williams,home,53377.16,4,1,99,2,complex,0
SYNTH-003182,Fatima Khan,home,118235.15,1,1,38,1,simple,0
SYNTH-003183,Priya Sharma,life,684516.01,5,1,231,3,high_value,0
SYNTH-003184,Liam Jones,health,45264.25,4,1,113,1,complex,0
SYNTH-003185,Patricia Jones,travel,27806.02,3,1,191,1,simple,0
SYNTH-003186,Robert Silva,motor,34966.01,6,0,12,3,complex,0
SYNTH-003187,David Costa,motor,65939.94,5,1,260,0,complex,0
SYNTH-003188,William Khan,home,138189.04,2,0,176,0,simple,0
SYNTH-003189,Liam Martinez,motor,38732.39,2,1,61,0,simple,0
SYNTH-003190,Elena Costa,motor,54396.3,4,1,30,1,complex,0
SYNTH-003191,Barbara Novak,life,621760.26,4,0,38,1,high_value,0
SYNTH-003192,Sofia Nakamura,health,98062.2,1,1,50,0,high_value,0
SYNTH-003193,Mary Kim,life,431005.06,4,1,328,1,high_value,0
SYNTH-003194,Jessica Garcia,life,402357.4,3,1,32,2,high_value,0
SYNTH-003195,Kenji Rodriguez,home,109578.22,4,1,133,1,complex,0
SYNTH-003196,Priya Garcia,health,105321.39,1,0,34,0,simple,0
SYNTH-003197,Robert Silva,life,150360.34,3,1,15,2,simple,0
SYNTH-003198,Omar Khan,health,103457.67,5,1,72,1,complex,0
SYNTH-003199,Arjun Johnson,health,105452.76,3,1,31,1,simple,0
SYNTH-003200,Jennifer Kim,health,49677.15,1,0,203,1,simple,1
SYNTH-003201,Susan Williams,health,74445.72,5,1,23,0,complex,0
SYNTH-003202,Omar Kim,business,605448.58,1,1,108,1,high_value,0
SYNTH-003203,Joseph Williams,health,77533.6,2,1,4,1,simple,0
SYNTH-003204,Jessica Rodriguez,travel,19662.49,3,1,210,1,simple,1
SYNTH-003205,Fatima Martinez,business,269357.48,2,1,71,0,high_value,0
SYNTH-003206,Sofia Jones,home,52137.46,4,1,29,2,complex,0
SYNTH-003207,Michael Silva,home,55388.81,2,1,399,0,simple,0
SYNTH-003208,Elena Brown,motor,90415.28,4,0,49,2,complex,0
SYNTH-003209,Kenji Costa,travel,20807.89,4,1,120,2,complex,0
SYNTH-003210,Arjun Williams,life,489736.36,1,1,938,0,high_value,0
SYNTH-003211,William Sharma,life,388856.72,1,1,189,2,high_value,0
SYNTH-003212,Richard Davis,health,46658.11,4,1,436,0,complex,0
SYNTH-003213,Omar Khan,business,340770.98,1,1,37,0,high_value,0
SYNTH-003214,David Jones,travel,35894.51,6,1,48,4,complex,0
SYNTH-003215,Arjun Silva,travel,10667.46,4,1,156,1,complex,0
SYNTH-003216,Linda Rodriguez,health,52900.36,2,1,0,2,simple,0
SYNTH-003217,Jennifer Sharma,motor,29001.51,2,1,62,2,simple,0
SYNTH-003218,Elizabeth Nakamura,life,749436.25,5,1,425,1,high_value,0
SYNTH-003219,Joseph Rodriguez,life,314006.58,4,1,145,1,high_value,0
SYNTH-003220,Barbara Williams,business,143059.51,4,0,203,2,complex,0
SYNTH-003221,Kenji Smith,motor,38736.3,2,1,90,0,simple,0
SYNTH-003222,David Brown,home,69805.98,1,0,108,0,simple,0
SYNTH-003223,Liam Brown,health,81351.6,5,1,3,2,complex,0
SYNTH-003224,Elena Costa,life,236984.21,4,0,5,2,high_value,0
SYNTH-003225,David Martinez,travel,21537.15,1,0,322,0,simple,1
SYNTH-003226,Amara Garcia,business,271363.24,5,1,315,2,high_value,0
SYNTH-003227,Linda Sharma,life,641482.68,1,1,7,1,high_value,0
SYNTH-003228,James Williams,motor,71016.21,1,1,139,0,simple,0
SYNTH-003229,Omar Khan,business,312965.01,6,0,144,0,high_value,0
SYNTH-003230,Amara Johnson,health,110543.1,3,0,294,1,simple,0
SYNTH-003231,Jennifer Khan,health,61959.31,2,1,12,1,simple,0
SYNTH-003232,Wei Sharma,business,445727.27,4,1,160,1,high_value,0
SYNTH-003233,Joseph Miller,health,43637.91,5,1,400,2,complex,0
SYNTH-003234,Amara Khan,life,494472.88,1,1,117,1,high_value,0
SYNTH-003235,John Johnson,business,361037.23,1,0,83,1,high_value,0
SYNTH-003236,Michael Martinez,health,91534.78,4,1,62,0,complex,0
SYNTH-003237,James Rodriguez,business,574321.82,1,0,1,0,high_value,0
SYNTH-003238,Priya Martinez,motor,23868.28,5,0,53,1,simple,0
SYNTH-003239,Patricia Davis,health,74795.6,3,0,214,1,simple,0
SYNTH-003240,Arjun Khan,business,467322.32,4,1,22,3,high_value,0
SYNTH-003241,Fatima Sharma,motor,91536.4,3,1,77,2,simple,0
SYNTH-003242,Susan Novak,life,241258.01,1,0,16,3,high_value,1
SYNTH-003243,Susan Johnson,home,109389.07,1,1,182,1,simple,0
SYNTH-003244,Mary Davis,health,71521.12,5,1,75,2,complex,0
SYNTH-003245,Michael Miller,travel,34070.72,1,1,12,0,simple,0
SYNTH-003246,Barbara Davis,home,22810.34,1,1,34,0,simple,0
SYNTH-003247,Jennifer Sharma,health,80241.2,1,0,65,1,simple,0
SYNTH-003248,James Williams,motor,40557.21,5,0,168,0,complex,0
SYNTH-003249,Richard Garcia,travel,21314.85,4,1,36,2,complex,0
SYNTH-003250,Mary Garcia,motor,57067.27,6,0,124,2,complex,0
SYNTH-003251,Omar Davis,business,443905.53,1,1,75,2,high_value,0
SYNTH-003252,Omar Johnson,motor,40858.75,2,1,67,1,simple,1
SYNTH-003253,Liam Johnson,home,59700.75,5,0,100,3,complex,0
SYNTH-003254,Arjun Silva,motor,19697.92,2,1,128,1,simple,0
SYNTH-003255,Richard Kim,home,160018.43,3,1,245,1,simple,0
SYNTH-003256,Liam Sharma,life,502176.7,2,1,99,0,high_value,1
SYNTH-003257,Omar Kim,travel,16720.17,2,1,145,1,simple,0
SYNTH-003258,Fatima Silva,motor,48109.16,1,1,73,0,simple,0
SYNTH-003259,Omar Garcia,motor,93638.66,4,1,248,1,simple,0
SYNTH-003260,Priya Garcia,health,63846.8,1,1,104,0,simple,0
SYNTH-003261,Amara Jones,health,96319.74,1,1,196,0,simple,0
SYNTH-003262,Jennifer Davis,health,80049.67,1,1,153,0,simple,0
SYNTH-003263,Jennifer Brown,business,351881.95,1,1,199,0,simple,0
SYNTH-003264,Barbara Costa,business,178286.64,2,1,272,2,simple,0
SYNTH-003265,Liam Khan,health,93877.01,2,1,177,1,simple,0
SYNTH-003266,Susan Miller,home,51484.68,1,0,159,0,simple,0
SYNTH-003267,Fatima Sharma,home,135487.09,2,1,78,0,simple,0
SYNTH-003268,Amara Brown,home,77668.36,3,1,123,1,simple,0
SYNTH-003269,Elena Sharma,travel,30519.52,2,1,194,2,simple,0
SYNTH-003270,Michael Williams,life,493911.83,3,1,210,0,high_value,0
SYNTH-003271,Fatima Novak,home,98273.52,4,1,32,1,complex,0
SYNTH-003272,Elizabeth Johnson,life,525083.94,4,1,74,2,high_value,0
SYNTH-003273,Elena Novak,business,103578.24,1,0,180,1,simple,0
SYNTH-003274,Elizabeth Jones,life,604997.37,1,0,67,1,high_value,0
SYNTH-003275,Robert Johnson,business,278449.36,7,1,184,1,high_value,0
SYNTH-003276,Sofia Miller,motor,65173.13,3,0,42,1,simple,0
SYNTH-003277,Patricia Williams,business,297520.97,1,0,147,1,high_value,0
SYNTH-003278,Amara Miller,travel,23505.76,1,1,10,3,simple,0
SYNTH-003279,James Jones,business,560018.57,1,0,17,1,high_value,0
SYNTH-003280,Amara Jones,health,37439.06,1,1,5,0,simple,0
SYNTH-003281,Barbara Jones,life,58285.65,3,1,199,2,simple,0
SYNTH-003282,Mary Jones,business,236732.74,3,1,47,0,high_value,0
SYNTH-003283,William Nakamura,home,158660.81,3,0,28,2,simple,0
SYNTH-003284,Amara Davis,life,574215.24,4,0,40,0,high_value,0
SYNTH-003285,Patricia Davis,travel,26251.25,3,1,150,2,simple,0
SYNTH-003286,Wei Williams,life,703799.6,3,1,242,0,high_value,0
SYNTH-003287,John Novak,travel,9896.94,1,1,290,1,simple,0
SYNTH-003288,Jennifer Costa,motor,23052.19,5,1,80,2,complex,0
SYNTH-003289,Kenji Rodriguez,life,571802.58,4,0,41,1,high_value,0
SYNTH-003290,John Miller,health,129807.7,3,1,230,0,simple,0
SYNTH-003291,Arjun Khan,health,56697.22,2,1,70,0,simple,0
SYNTH-003292,Elena Johnson,travel,16343.13,3,1,133,2,simple,0
SYNTH-003293,Fatima Costa,travel,18690.43,3,1,60,0,simple,0
SYNTH-003294,Elena Rodriguez,travel,29835.32,1,1,64,1,simple,0
SYNTH-003295,Michael Martinez,motor,41536.47,3,1,52,1,simple,0
SYNTH-003296,Barbara Smith,home,115673.0,5,1,58,1,complex,0
SYNTH-003297,Robert Garcia,motor,40114.24,5,1,33,1,complex,0
SYNTH-003298,Elizabeth Jones,travel,15213.7,5,0,87,1,complex,0
SYNTH-003299,Kenji Sharma,motor,67486.81,1,1,38,0,simple,0
SYNTH-003300,Patricia Costa,business,585003.08,6,1,451,3,high_value,0
SYNTH-003301,Jessica Brown,home,139958.64,4,1,48,1,complex,0
SYNTH-003302,Kenji Martinez,business,337046.62,7,1,28,3,high_value,0
SYNTH-003303,William Davis,business,293983.43,2,0,72,3,high_value,0
SYNTH-003304,Kenji Martinez,life,732045.3,2,1,17,1,high_value,0
SYNTH-003305,Mary Khan,travel,31963.28,4,1,131,1,complex,0
SYNTH-003306,Mary Davis,home,130846.1,5,1,83,0,complex,0
SYNTH-003307,Priya Novak,health,112953.01,4,0,209,2,complex,0
SYNTH-003308,Joseph Nakamura,travel,31159.0,1,0,39,3,simple,0
SYNTH-003309,Joseph Nakamura,business,298331.33,3,1,178,0,high_value,0
SYNTH-003310,Kenji Sharma,home,79793.9,2,1,146,1,simple,0
SYNTH-003311,Jessica Rodriguez,life,510934.58,3,1,8,0,high_value,0
SYNTH-003312,Richard Williams,travel,20565.41,4,1,87,1,complex,0
SYNTH-003313,David Martinez,travel,21552.66,2,1,1,1,simple,0
SYNTH-003314,David Martinez,motor,64645.79,2,0,3,0,simple,1
SYNTH-003315,Wei Jones,home,68151.35,4,0,0,1,complex,0
SYNTH-003316,Elizabeth Kim,motor,84909.51,3,1,66,1,simple,0
SYNTH-003317,William Jones,life,562325.29,1,0,20,1,high_value,1
SYNTH-003318,William Garcia,life,157348.58,3,1,165,1,simple,0
SYNTH-003319,Liam Rodriguez,travel,12598.05,3,0,28,2,simple,0
SYNTH-003320,Jennifer Silva,business,265959.23,1,1,62,1,high_value,0
SYNTH-003321,Amara Johnson,health,93628.94,3,1,350,0,simple,0
SYNTH-003322,Linda Brown,travel,24494.2,2,1,208,2,simple,0
SYNTH-003323,Patricia Novak,business,448693.14,3,1,13,2,high_value,0
SYNTH-003324,Patricia Williams,home,168179.37,6,1,17,0,complex,0
SYNTH-003325,Arjun Rodriguez,motor,11458.53,3,1,189,1,simple,0
SYNTH-003326,William Garcia,motor,72876.52,3,1,203,0,simple,0
SYNTH-003327,William Novak,travel,43934.98,1,1,297,1,simple,0
SYNTH-003328,Sofia Smith,health,36213.75,1,0,79,2,simple,0
SYNTH-003329,Robert Davis,business,340955.12,4,1,35,1,high_value,0
SYNTH-003330,Liam Sharma,travel,22785.24,4,1,1,0,complex,0
SYNTH-003331,Mary Johnson,travel,26083.17,2,1,20,4,simple,0
SYNTH-003332,Arjun Williams,business,464284.41,2,1,62,0,high_value,0
SYNTH-003333,Liam Johnson,health,43286.42,1,1,222,2,simple,0
SYNTH-003334,Jennifer Jones,health,66374.09,2,0,140,1,simple,0
SYNTH-003335,Michael Brown,health,45325.82,5,1,2,2,complex,0
SYNTH-003336,Amara Brown,travel,37790.17,3,0,300,1,simple,0
SYNTH-003337,John Novak,life,144268.48,2,1,112,2,simple,0
SYNTH-003338,Wei Khan,life,632132.14,3,1,93,1,high_value,0
SYNTH-003339,Kenji Smith,motor,46597.23,2,1,176,0,simple,0
SYNTH-003340,Jessica Davis,home,65589.96,3,1,48,4,simple,0
SYNTH-003341,Liam Miller,motor,44669.9,5,0,1,0,complex,0
SYNTH-003342,Joseph Davis,life,226670.56,3,0,186,1,high_value,0
SYNTH-003343,Jennifer Smith,business,288097.36,2,1,43,2,high_value,0
SYNTH-003344,Omar Davis,motor,21432.3,5,1,103,0,complex,0
SYNTH-003345,Priya Khan,motor,57247.83,3,1,14,0,simple,0
SYNTH-003346,Joseph Johnson,health,52558.06,6,1,87,1,complex,0
SYNTH-003347,Patricia Costa,home,62099.22,2,1,51,3,simple,0
SYNTH-003348,James Novak,life,740862.96,1,1,59,1,high_value,1
SYNTH-003349,Arjun Davis,health,68809.2,3,1,307,0,simple,0
SYNTH-003350,John Novak,home,80636.4,2,1,63,2,simple,0
SYNTH-003351,Elena Rodriguez,business,418061.57,3,1,68,1,high_value,0
SYNTH-003352,David Kim,home,99165.41,3,1,330,1,simple,0
SYNTH-003353,Michael Jones,motor,41506.28,4,0,43,1,complex,0
SYNTH-003354,Sofia Brown,life,477745.37,4,1,151,0,high_value,0
SYNTH-003355,Liam Jones,home,116685.64,3,1,30,2,simple,0
SYNTH-003356,Jennifer Garcia,business,246122.24,5,1,30,2,high_value,0
SYNTH-003357,Wei Sharma,business,701240.48,2,1,259,1,high_value,0
SYNTH-003358,Sofia Novak,life,796957.29,7,1,43,2,complex,0
SYNTH-003359,William Nakamura,life,195153.66,4,0,32,2,complex,0
SYNTH-003360,James Novak,business,371606.34,5,1,165,1,high_value,0
SYNTH-003361,Elena Brown,business,212388.14,1,1,39,2,high_value,0
SYNTH-003362,John Davis,business,258313.5,4,1,38,0,high_value,0
SYNTH-003363,Elizabeth Nakamura,travel,11002.28,4,1,33,2,complex,0
SYNTH-003364,Richard Williams,life,378692.54,2,1,35,1,high_value,0
SYNTH-003365,David Rodriguez,motor,42375.07,2,1,69,1,simple,0
SYNTH-003366,John Khan,home,32186.63,3,0,40,1,simple,0
SYNTH-003367,Fatima Sharma,health,34899.54,2,1,38,0,simple,0
SYNTH-003368,Kenji Nakamura,motor,27724.82,5,1,21,1,high_value,0
SYNTH-003369,Jessica Khan,home,77764.47,1,1,85,2,simple,0
SYNTH-003370,James Rodriguez,life,574040.3,2,0,154,2,high_value,0
SYNTH-003371,Wei Novak,life,347466.46,3,1,130,3,high_value,1
SYNTH-003372,John Miller,health,86827.62,3,0,3,2,simple,0
SYNTH-003373,Wei Nakamura,home,70714.5,3,1,13,0,simple,0
SYNTH-003374,Fatima Costa,travel,22376.63,4,1,39,0,complex,0
SYNTH-003375,Jessica Davis,travel,4299.98,2,1,206,0,simple,0
SYNTH-003376,Joseph Nakamura,health,94022.27,4,1,285,3,complex,0
SYNTH-003377,Fatima Costa,business,222377.58,4,1,17,2,high_value,0
SYNTH-003378,Linda Miller,home,16728.13,1,1,211,2,simple,0
SYNTH-003379,Elizabeth Miller,business,281477.58,3,1,46,0,high_value,0
SYNTH-003380,Elizabeth Miller,health,25737.31,5,1,21,2,complex,0
SYNTH-003381,Sofia Sharma,health,79246.03,5,1,98,2,complex,0
SYNTH-003382,Fatima Williams,life,750201.09,1,1,140,4,high_value,0
SYNTH-003383,Richard Rodriguez,motor,19296.24,2,1,60,1,simple,0
SYNTH-003384,Jessica Smith,motor,25681.18,1,1,76,3,simple,0
SYNTH-003385,Joseph Nakamura,business,467222.59,1,0,135,3,high_value,0
SYNTH-003386,Richard Martinez,motor,69417.22,4,1,23,0,complex,0
SYNTH-003387,John Silva,home,59828.31,4,1,50,1,complex,0
SYNTH-003388,Mary Rodriguez,life,649531.38,3,1,140,0,high_value,0
SYNTH-003389,Amara Davis,motor,24406.65,9,0,102,0,complex,0
SYNTH-003390,William Silva,travel,12392.83,4,1,47,1,complex,0
SYNTH-003391,Sofia Khan,home,157401.98,2,1,553,3,simple,0
SYNTH-003392,Mary Khan,life,268239.71,5,1,42,0,high_value,0
SYNTH-003393,Jennifer Costa,home,64417.74,1,1,147,1,complex,0
SYNTH-003394,Linda Williams,life,361582.24,1,1,54,0,high_value,0
SYNTH-003395,Arjun Sharma,motor,51749.42,3,1,270,0,simple,0
SYNTH-003396,Susan Davis,home,53707.8,1,1,96,2,simple,0
SYNTH-003397,Elizabeth Davis,motor,48021.94,6,1,26,2,complex,0
SYNTH-003398,Elizabeth Brown,motor,88682.23,2,1,319,0,simple,0
SYNTH-003399,Wei Davis,travel,20747.11,3,1,199,1,simple,0
SYNTH-003400,Elizabeth Davis,business,483676.11,1,1,110,1,high_value,0
SYNTH-003401,Priya Garcia,home,26995.35,4,1,49,1,complex,0
SYNTH-003402,Robert Novak,life,293583.03,3,1,66,0,high_value,0
SYNTH-003403,Arjun Costa,business,411721.24,1,1,3,1,high_value,0
SYNTH-003404,Patricia Smith,home,96781.56,7,1,210,2,complex,0
SYNTH-003405,Jessica Johnson,home,164907.58,4,1,94,2,complex,0
SYNTH-003406,Michael Martinez,travel,32684.87,2,1,58,1,simple,0
SYNTH-003407,Omar Jones,business,520798.23,1,1,13,1,high_value,0
SYNTH-003408,Susan Martinez,life,537868.96,3,0,353,1,complex,0
SYNTH-003409,Fatima Johnson,travel,17971.32,6,1,298,1,complex,0
SYNTH-003410,Robert Brown,health,112141.42,4,0,47,3,complex,0
SYNTH-003411,Barbara Costa,life,435705.3,1,1,143,1,high_value,0
SYNTH-003412,Sofia Novak,business,398042.14,2,1,149,1,high_value,0
SYNTH-003413,Fatima Miller,health,81949.82,1,1,40,0,simple,0
SYNTH-003414,William Sharma,health,38614.59,3,1,104,1,simple,0
SYNTH-003415,Arjun Khan,travel,24663.95,3,1,15,1,simple,0
SYNTH-003416,Susan Garcia,health,99531.37,1,1,12,2,simple,0
SYNTH-003417,Joseph Martinez,business,246340.27,5,1,47,0,simple,0
SYNTH-003418,Elizabeth Davis,life,917131.77,2,1,127,0,high_value,0
SYNTH-003419,Amara Nakamura,business,502996.54,4,1,28,1,high_value,0
SYNTH-003420,Amara Jones,home,48883.5,2,1,102,1,high_value,0
SYNTH-003421,Mary Jones,home,90717.66,2,1,116,1,simple,0
SYNTH-003422,Elizabeth Williams,business,234242.96,1,0,225,1,high_value,0
SYNTH-003423,David Johnson,travel,40793.96,4,1,131,2,complex,0
SYNTH-003424,Mary Garcia,life,334090.18,2,1,197,0,high_value,0
SYNTH-003425,Richard Sharma,life,449906.29,4,1,24,1,high_value,0
SYNTH-003426,Elena Garcia,life,223440.2,1,1,67,1,high_value,0
SYNTH-003427,Omar Davis,life,634803.84,3,1,395,1,high_value,0
SYNTH-003428,Patricia Miller,health,48858.31,2,0,13,1,simple,0
SYNTH-003429,William Silva,life,248169.4,3,1,215,0,high_value,0
SYNTH-003430,Susan Kim,travel,25105.19,2,1,46,0,simple,0
SYNTH-003431,Jessica Khan,motor,82018.89,4,1,24,0,complex,0
SYNTH-003432,Sofia Khan,motor,38798.67,3,1,62,2,simple,0
SYNTH-003433,Linda Rodriguez,life,498021.85,1,0,580,0,high_value,0
SYNTH-003434,Omar Jones,travel,22118.5,4,1,59,1,complex,0
SYNTH-003435,Omar Smith,health,95221.74,3,0,20,2,simple,0
SYNTH-003436,Omar Jones,health,33347.86,1,1,85,0,simple,0
SYNTH-003437,Kenji Silva,motor,44666.19,2,0,7,1,simple,0
SYNTH-003438,Patricia Novak,motor,30028.39,3,1,40,0,simple,0
SYNTH-003439,Susan Brown,business,365533.52,3,1,442,0,high_value,0
SYNTH-003440,William Johnson,home,123669.1,2,1,56,3,simple,0
SYNTH-003441,Joseph Jones,travel,25538.28,2,1,543,1,simple,0
SYNTH-003442,John Garcia,business,226015.8,2,1,72,0,high_value,0
SYNTH-003443,David Nakamura,life,355217.06,2,1,169,1,high_value,0
SYNTH-003444,Priya Jones,travel,16111.21,3,1,137,0,simple,0
SYNTH-003445,Elena Williams,life,528408.07,2,1,14,1,high_value,0
SYNTH-003446,Patricia Costa,life,298752.47,2,0,379,1,high_value,0
SYNTH-003447,Amara Silva,travel,33075.7,3,1,154,1,high_value,0
SYNTH-003448,John Kim,business,243901.48,2,1,138,1,high_value,0
SYNTH-003449,Omar Davis,health,44757.11,3,1,142,1,simple,0
SYNTH-003450,Wei Rodriguez,home,98031.46,4,1,87,0,complex,0
SYNTH-003451,Elena Brown,business,397943.48,3,1,530,2,high_value,0
SYNTH-003452,Richard Rodriguez,travel,17382.04,3,0,24,0,simple,0
SYNTH-003453,Barbara Martinez,life,495709.74,3,1,2,1,high_value,0
SYNTH-003454,David Rodriguez,life,777412.18,4,0,47,3,high_value,0
SYNTH-003455,Michael Smith,home,134592.79,2,1,20,4,simple,0
SYNTH-003456,Elizabeth Martinez,business,54195.11,3,1,72,0,simple,0
SYNTH-003457,Priya Novak,travel,15671.7,2,1,44,5,simple,0
SYNTH-003458,Joseph Smith,home,80648.38,4,1,49,0,complex,1
SYNTH-003459,Elena Costa,life,314233.54,1,0,255,0,high_value,0
SYNTH-003460,Michael Kim,business,150642.94,1,1,594,0,simple,0
SYNTH-003461,Susan Miller,travel,9837.62,3,1,66,1,simple,0
SYNTH-003462,Linda Rodriguez,life,159348.31,3,1,436,1,simple,0
SYNTH-003463,Jennifer Garcia,life,420434.11,1,1,41,2,high_value,0
SYNTH-003464,Barbara Williams,motor,35551.18,4,1,59,1,simple,0
SYNTH-003465,Fatima Garcia,life,320598.57,4,1,73,1,high_value,0
SYNTH-003466,Elena Silva,life,659248.1,7,1,156,1,high_value,0
SYNTH-003467,Liam Nakamura,life,494694.3,3,0,3,1,high_value,0
SYNTH-003468,Robert Silva,life,400480.64,1,1,0,1,high_value,0
SYNTH-003469,Jennifer Johnson,life,404688.13,3,1,157,2,high_value,0
SYNTH-003470,Priya Smith,travel,12744.09,3,1,8,1,simple,0
SYNTH-003471,Kenji Brown,business,261217.29,3,1,100,2,high_value,0
SYNTH-003472,William Davis,life,542695.52,1,1,162,0,high_value,0
SYNTH-003473,Jennifer Jones,business,389485.62,1,1,88,1,high_value,0
SYNTH-003474,Kenji Martinez,health,115760.06,1,1,27,0,simple,0
SYNTH-003475,Arjun Jones,home,38463.89,5,1,38,0,complex,0
SYNTH-003476,Elizabeth Smith,travel,21530.1,5,1,14,1,complex,0
SYNTH-003477,Arjun Johnson,health,28973.28,3,1,461,1,simple,0
SYNTH-003478,Liam Smith,travel,21819.28,4,1,38,1,complex,0
SYNTH-003479,Jessica Kim,health,25715.96,5,1,95,0,complex,0
SYNTH-003480,David Nakamura,business,191145.53,4,1,3,0,complex,0
SYNTH-003481,Elizabeth Brown,business,461815.58,5,1,114,0,high_value,0
SYNTH-003482,Jennifer Brown,home,74482.92,3,1,195,0,simple,0
SYNTH-003483,Jennifer Williams,home,132108.91,2,0,31,3,simple,0
SYNTH-003484,Elizabeth Garcia,life,533213.76,5,1,213,1,high_value,0
SYNTH-003485,Elizabeth Novak,home,35979.81,4,1,11,1,complex,0
SYNTH-003486,Patricia Williams,home,168656.4,3,1,93,1,simple,0
SYNTH-003487,Susan Rodriguez,travel,37117.21,1,1,20,2,simple,0
SYNTH-003488,Amara Miller,home,90293.16,4,1,121,2,complex,0
SYNTH-003489,Susan Silva,health,74879.0,2,1,17,2,simple,0
SYNTH-003490,Mary Smith,health,100548.05,2,1,219,1,simple,0
SYNTH-003491,Michael Nakamura,motor,39610.95,3,1,106,2,simple,0
SYNTH-003492,Omar Garcia,life,775127.34,3,1,116,1,high_value,0
SYNTH-003493,Amara Smith,motor,69057.99,4,1,27,1,complex,0
SYNTH-003494,Omar Garcia,motor,28734.21,5,1,376,0,complex,0
SYNTH-003495,Joseph Nakamura,business,364512.13,4,1,83,2,high_value,0
SYNTH-003496,Susan Davis,home,67195.09,1,1,56,1,simple,0
SYNTH-003497,Priya Nakamura,life,505389.98,4,1,215,0,high_value,0
SYNTH-003498,Jessica Silva,business,221574.08,4,1,203,0,high_value,0
SYNTH-003499,Sofia Nakamura,business,466277.04,2,0,146,1,high_value,0
SYNTH-003500,Elizabeth Brown,life,213527.48,2,1,197,1,high_value,0
SYNTH-003501,Omar Garcia,health,86481.77,4,1,18,0,complex,0
SYNTH-003502,Liam Costa,life,367238.82,3,1,99,1,high_value,0
SYNTH-003503,Kenji Williams,business,405294.19,2,1,118,1,high_value,0
SYNTH-003504,Amara Smith,home,43026.66,4,1,118,0,complex,0
SYNTH-003505,Sofia Johnson,travel,21398.2,3,1,281,1,simple,0
SYNTH-003506,Jennifer Smith,travel,12899.26,3,1,294,0,simple,0
SYNTH-003507,Sofia Rodriguez,business,254913.65,1,1,218,1,high_value,0
SYNTH-003508,Joseph Silva,life,718594.41,6,1,97,3,high_value,0
SYNTH-003509,Fatima Silva,health,84069.55,4,1,461,0,complex,0
SYNTH-003510,Elizabeth Khan,home,83098.91,5,1,99,4,complex,0
SYNTH-003511,Amara Jones,business,87687.19,5,1,71,2,complex,1
SYNTH-003512,Richard Nakamura,business,383445.75,4,1,29,1,high_value,0
SYNTH-003513,Robert Sharma,life,267366.92,2,1,41,2,high_value,0
SYNTH-003514,Jennifer Sharma,travel,15867.74,4,1,296,1,complex,0
SYNTH-003515,Sofia Smith,motor,53559.18,3,1,41,2,simple,0
SYNTH-003516,Wei Smith,travel,18796.33,2,1,37,1,simple,0
SYNTH-003517,Susan Silva,travel,30874.52,7,1,153,2,complex,0
SYNTH-003518,Fatima Nakamura,home,80525.85,6,1,291,0,complex,0
SYNTH-003519,Liam Novak,travel,36540.95,3,0,64,2,high_value,0
SYNTH-003520,Elizabeth Nakamura,motor,52536.71,2,1,95,1,simple,0
SYNTH-003521,Omar Costa,motor,44459.21,6,0,53,2,complex,0
SYNTH-003522,Joseph Costa,motor,31743.62,1,0,114,1,simple,0
SYNTH-003523,Omar Brown,business,368561.87,6,1,19,1,high_value,0
SYNTH-003524,Elizabeth Sharma,travel,3535.57,4,1,21,0,complex,1
SYNTH-003525,Omar Nakamura,health,49270.54,5,1,12,3,complex,0
SYNTH-003526,Mary Garcia,health,91074.78,1,1,264,1,simple,0
SYNTH-003527,Elizabeth Johnson,travel,9308.08,6,0,466,1,complex,0
SYNTH-003528,William Khan,health,36724.37,3,1,9,0,simple,0
SYNTH-003529,Arjun Miller,home,97771.01,3,0,28,0,simple,0
SYNTH-003530,Arjun Davis,business,497137.53,3,1,32,2,high_value,0
SYNTH-003531,Kenji Brown,home,43748.25,4,1,312,0,complex,0
SYNTH-003532,Robert Kim,home,36697.03,2,1,139,2,simple,0
SYNTH-003533,Barbara Nakamura,motor,12212.28,3,1,120,0,simple,0
SYNTH-003534,Wei Khan,business,383632.04,2,1,170,1,high_value,0
SYNTH-003535,Richard Martinez,business,471854.34,4,1,66,1,high_value,0
SYNTH-003536,Joseph Martinez,health,62967.9,4,1,63,2,complex,0
SYNTH-003537,Kenji Smith,travel,19550.0,2,1,50,0,simple,0
SYNTH-003538,Sofia Johnson,business,407739.34,1,0,23,0,high_value,0
SYNTH-003539,Amara Brown,health,82806.54,4,0,44,2,complex,0
SYNTH-003540,William Jones,health,60527.7,2,1,51,4,simple,0
SYNTH-003541,David Silva,home,86345.34,1,1,114,1,complex,0
SYNTH-003542,Jennifer Martinez,home,80588.02,5,1,18,0,complex,0
SYNTH-003543,David Khan,health,112074.54,2,1,225,3,simple,0
SYNTH-003544,Susan Garcia,home,49012.79,3,1,183,4,simple,0
SYNTH-003545,David Davis,life,507414.46,2,1,51,1,high_value,0
SYNTH-003546,Omar Smith,life,255644.91,1,1,163,0,high_value,0
SYNTH-003547,Arjun Martinez,motor,22431.98,2,1,31,3,simple,0
SYNTH-003548,Susan Sharma,business,227581.71,1,1,272,6,high_value,0
SYNTH-003549,Linda Sharma,life,385212.27,7,0,313,2,high_value,0
SYNTH-003550,David Khan,health,58253.9,2,1,82,0,simple,0
SYNTH-003551,Wei Johnson,life,789077.52,1,0,353,3,high_value,0
SYNTH-003552,John Williams,health,54994.02,2,1,132,1,simple,0
SYNTH-003553,Robert Kim,business,372443.0,3,1,9,1,high_value,0
SYNTH-003554,Arjun Davis,travel,7847.09,3,1,15,2,simple,0
SYNTH-003555,Arjun Sharma,home,47232.99,4,1,19,1,complex,0
SYNTH-003556,Barbara Jones,life,339479.73,4,1,16,1,high_value,0
SYNTH-003557,Priya Sharma,business,442529.39,1,1,7,4,high_value,0
SYNTH-003558,David Johnson,travel,7042.33,2,1,42,0,simple,0
SYNTH-003559,William Kim,home,83895.64,1,1,63,1,complex,0
SYNTH-003560,Sofia Miller,travel,29855.41,2,1,70,3,simple,0
SYNTH-003561,Kenji Martinez,motor,44564.47,2,1,83,0,simple,0
SYNTH-003562,Fatima Martinez,health,89588.75,1,1,264,1,simple,0
SYNTH-003563,Elizabeth Miller,business,114968.09,3,1,4,2,simple,0
SYNTH-003564,Linda Miller,health,86369.09,3,1,32,0,simple,0
SYNTH-003565,John Miller,health,22221.55,1,1,193,0,simple,0
SYNTH-003566,Jennifer Silva,life,440587.87,3,1,100,0,high_value,0
SYNTH-003567,Omar Williams,health,92071.39,4,1,37,1,complex,0
SYNTH-003568,James Martinez,motor,26488.46,5,1,116,2,complex,0
SYNTH-003569,Jennifer Brown,home,106576.2,1,1,114,0,simple,0
SYNTH-003570,Michael Sharma,travel,18300.51,2,1,53,1,simple,0
SYNTH-003571,Mary Brown,business,412968.49,4,1,54,1,high_value,0
SYNTH-003572,Jessica Miller,home,72808.58,1,1,85,2,simple,0
SYNTH-003573,Jessica Kim,motor,92247.67,3,1,256,2,simple,0
SYNTH-003574,Fatima Williams,business,298654.77,3,1,55,2,high_value,0
SYNTH-003575,Wei Rodriguez,motor,75636.18,1,1,16,0,simple,0
SYNTH-003576,David Johnson,travel,9298.32,5,1,116,2,complex,0
SYNTH-003577,Mary Brown,home,31930.06,4,1,386,0,complex,1
SYNTH-003578,Fatima Smith,health,26382.87,1,1,66,0,simple,0
SYNTH-003579,David Garcia,home,119029.9,3,1,58,0,simple,0
SYNTH-003580,Priya Martinez,health,44331.78,3,1,148,3,simple,0
SYNTH-003581,Priya Costa,motor,34935.44,4,1,45,1,complex,0
SYNTH-003582,Wei Kim,motor,41115.93,1,1,63,1,simple,0
SYNTH-003583,Barbara Novak,home,87820.28,6,1,72,0,complex,0
SYNTH-003584,Robert Costa,motor,35616.98,2,1,101,0,simple,0
SYNTH-003585,John Kim,business,524245.39,1,0,48,2,high_value,0
SYNTH-003586,Liam Williams,business,365815.59,2,1,66,0,high_value,0
SYNTH-003587,Joseph Williams,life,128337.67,2,1,328,0,simple,0
SYNTH-003588,Elizabeth Rodriguez,travel,39459.81,2,0,46,1,simple,0
SYNTH-003589,Michael Silva,motor,39360.38,5,1,1,1,complex,0
SYNTH-003590,Priya Brown,travel,15760.67,3,1,259,1,simple,0
SYNTH-003591,Priya Costa,health,82836.14,2,1,5,1,simple,1
SYNTH-003592,John Davis,motor,51684.7,2,1,188,0,simple,0
SYNTH-003593,William Sharma,home,70211.59,5,1,33,0,complex,0
SYNTH-003594,Wei Garcia,home,92169.16,1,0,7,3,simple,0
SYNTH-003595,Robert Silva,health,103036.94,3,1,65,0,simple,0
SYNTH-003596,John Sharma,travel,17313.32,3,1,78,2,simple,0
SYNTH-003597,Joseph Smith,business,335549.09,4,1,254,3,high_value,0
SYNTH-003598,Kenji Brown,business,257810.55,6,1,75,4,high_value,0
SYNTH-003599,Linda Jones,health,53682.98,5,1,145,1,complex,0
SYNTH-003600,David Khan,home,77231.59,3,1,28,1,simple,0
SYNTH-003601,Amara Costa,health,98980.91,2,1,460,2,simple,0
SYNTH-003602,Amara Brown,motor,57295.44,3,1,184,2,simple,0
SYNTH-003603,Michael Kim,health,55188.97,1,1,12,2,simple,0
SYNTH-003604,Omar Costa,life,516730.05,4,1,81,2,high_value,0
SYNTH-003605,Joseph Williams,travel,10143.48,2,1,43,2,simple,0
SYNTH-003606,Fatima Davis,life,665465.75,4,1,18,1,high_value,0
SYNTH-003607,James Sharma,life,322433.75,2,1,233,2,high_value,0
SYNTH-003608,Susan Williams,home,104120.42,5,1,48,0,complex,0
SYNTH-003609,John Sharma,motor,46393.12,4,1,101,1,complex,0
SYNTH-003610,Jennifer Khan,travel,19402.46,7,1,408,0,complex,0
SYNTH-003611,Linda Nakamura,motor,24645.23,2,1,287,2,simple,0
SYNTH-003612,Linda Novak,business,268761.06,1,1,80,2,high_value,0
SYNTH-003613,Susan Nakamura,travel,19579.73,1,1,84,0,simple,0
SYNTH-003614,Priya Williams,travel,36286.6,3,0,145,2,simple,0
SYNTH-003615,Liam Silva,travel,15379.74,6,1,212,0,complex,0
SYNTH-003616,Joseph Sharma,health,53233.77,3,0,15,0,simple,0
SYNTH-003617,Sofia Martinez,business,376235.51,2,1,168,4,high_value,0
SYNTH-003618,Mary Miller,travel,27051.9,4,1,272,1,complex,0
SYNTH-003619,James Rodriguez,business,406558.21,5,1,731,0,complex,0
SYNTH-003620,Priya Brown,life,596800.61,5,1,17,2,high_value,0
SYNTH-003621,Priya Davis,motor,22828.41,1,1,248,2,simple,0
SYNTH-003622,Susan Johnson,home,29256.25,4,1,134,1,complex,1
SYNTH-003623,Liam Smith,travel,20653.89,8,1,22,1,complex,0
SYNTH-003624,William Costa,home,157289.44,1,1,305,2,simple,0
SYNTH-003625,Barbara Brown,travel,46340.12,2,1,338,2,simple,0
SYNTH-003626,Kenji Kim,business,572943.75,4,1,13,0,high_value,0
SYNTH-003627,Michael Smith,life,378291.09,5,1,29,2,high_value,0
SYNTH-003628,Patricia Brown,business,350100.6,1,1,116,2,high_value,0
SYNTH-003629,Elena Johnson,travel,37884.44,6,1,132,2,complex,0
SYNTH-003630,Priya Williams,life,106625.07,4,1,359,0,complex,0
SYNTH-003631,Kenji Khan,home,77377.32,3,1,137,0,simple,0
SYNTH-003632,Elena Novak,home,74065.41,4,1,33,0,complex,0
SYNTH-003633,James Smith,travel,17494.98,3,0,45,1,simple,0
SYNTH-003634,Priya Silva,home,75703.03,2,1,43,3,simple,0
SYNTH-003635,William Garcia,health,66222.87,1,1,48,1,simple,0
SYNTH-003636,Linda Williams,health,29434.51,2,1,15,0,simple,0
SYNTH-003637,Robert Smith,home,61844.91,1,0,8,1,simple,0
SYNTH-003638,Amara Novak,motor,34514.41,1,1,31,2,simple,0
SYNTH-003639,Michael Garcia,business,403258.86,1,1,146,0,high_value,0
SYNTH-003640,Sofia Williams,motor,40475.33,6,1,159,3,complex,0
SYNTH-003641,Sofia Jones,health,49792.86,3,1,284,1,simple,0
SYNTH-003642,Fatima Novak,life,637363.31,2,1,39,3,high_value,0
SYNTH-003643,Fatima Silva,life,628579.97,3,1,51,0,high_value,0
SYNTH-003644,Elizabeth Jones,life,305310.36,2,1,104,1,high_value,0
SYNTH-003645,Sofia Miller,life,622919.61,2,1,89,1,high_value,0
SYNTH-003646,Mary Johnson,life,740886.82,2,1,302,2,high_value,0
SYNTH-003647,Richard Miller,life,827433.64,2,1,61,2,high_value,0
SYNTH-003648,Amara Garcia,health,57443.77,5,1,18,0,complex,0
SYNTH-003649,Wei Sharma,health,119619.77,1,1,46,1,simple,1
SYNTH-003650,John Khan,life,595842.83,1,1,289,0,high_value,0
SYNTH-003651,David Kim,life,521403.53,1,1,1,2,high_value,1
SYNTH-003652,Robert Sharma,travel,16091.06,2,1,66,1,simple,0
SYNTH-003653,Joseph Williams,home,191426.37,2,1,136,0,complex,0
SYNTH-003654,John Brown,life,521278.52,4,1,112,1,complex,0
SYNTH-003655,Priya Novak,life,425661.24,3,1,15,0,high_value,0
SYNTH-003656,James Rodriguez,health,123914.13,1,1,61,0,simple,0
SYNTH-003657,Susan Brown,motor,51990.64,4,1,209,1,complex,0
SYNTH-003658,John Novak,travel,16417.85,6,0,13,1,complex,0
SYNTH-003659,Robert Davis,health,123672.23,4,1,28,1,complex,0
SYNTH-003660,Jennifer Khan,motor,26069.89,3,1,511,2,simple,0
SYNTH-003661,Jennifer Miller,life,157694.06,1,0,75,0,simple,0
SYNTH-003662,Liam Smith,home,88084.45,3,1,174,2,simple,0
SYNTH-003663,Jessica Garcia,home,178933.61,2,1,156,1,simple,0
SYNTH-003664,Sofia Khan,travel,23907.74,2,1,141,0,simple,0
SYNTH-003665,John Kim,motor,65902.17,1,0,17,0,simple,0
SYNTH-003666,Liam Jones,home,102977.53,2,1,55,2,simple,1
SYNTH-003667,Arjun Khan,motor,47132.38,2,1,195,3,simple,0
SYNTH-003668,Liam Brown,health,34091.79,5,1,37,4,complex,0
SYNTH-003669,John Garcia,motor,71475.74,2,1,14,0,simple,0
SYNTH-003670,Elizabeth Silva,travel,30059.71,1,1,60,1,simple,0
SYNTH-003671,Priya Silva,motor,14570.55,2,1,97,0,simple,0
SYNTH-003672,James Costa,life,286159.72,1,1,22,1,high_value,0
SYNTH-003673,Kenji Davis,home,119766.25,3,1,44,1,simple,1
SYNTH-003674,Fatima Brown,travel,10876.07,1,1,336,1,simple,0
SYNTH-003675,Robert Williams,home,63023.94,7,0,152,0,complex,0
SYNTH-003676,Kenji Costa,travel,30047.8,1,1,15,0,simple,0
SYNTH-003677,Michael Sharma,life,321492.61,5,1,30,1,high_value,0
SYNTH-003678,Joseph Johnson,life,462049.34,6,1,44,3,high_value,0
SYNTH-003679,Susan Sharma,home,77363.67,2,1,99,1,simple,0
SYNTH-003680,Jennifer Williams,motor,64031.62,1,1,117,1,simple,0
SYNTH-003681,Kenji Jones,life,369177.88,3,1,119,3,high_value,0
SYNTH-003682,Elena Miller,health,86586.58,7,1,128,1,complex,0
SYNTH-003683,Omar Martinez,health,80556.82,4,0,4,0,high_value,0
SYNTH-003684,Patricia Smith,business,160897.82,2,1,102,1,simple,0
SYNTH-003685,John Brown,health,64326.28,4,1,153,2,complex,0
SYNTH-003686,John Nakamura,motor,45882.4,1,0,38,0,simple,1
SYNTH-003687,Robert Novak,home,33644.35,8,1,122,1,complex,0
SYNTH-003688,Arjun Kim,life,553773.33,5,1,370,0,high_value,0
SYNTH-003689,Kenji Sharma,business,323037.41,3,1,31,1,simple,0
SYNTH-003690,Arjun Silva,motor,43861.29,2,1,281,2,simple,0
SYNTH-003691,James Costa,travel,33733.09,1,1,3,1,simple,0
SYNTH-003692,Patricia Davis,motor,40463.52,4,1,210,1,complex,0
SYNTH-003693,David Williams,travel,12447.12,7,0,23,0,complex,0
SYNTH-003694,David Costa,business,269379.83,4,1,34,2,high_value,0
SYNTH-003695,James Miller,life,514887.59,1,1,89,0,high_value,0
SYNTH-003696,Barbara Miller,business,266155.23,5,1,37,3,high_value,1
SYNTH-003697,Joseph Sharma,motor,33031.91,2,1,70,1,simple,0
SYNTH-003698,Fatima Rodriguez,travel,8904.73,5,1,308,1,complex,0
SYNTH-003699,Mary Jones,travel,17716.11,3,1,129,2,simple,0
SYNTH-003700,Amara Williams,motor,92720.48,1,1,206,0,simple,1
SYNTH-003701,Priya Kim,business,456805.76,1,1,20,1,high_value,0
SYNTH-003702,Richard Jones,home,54409.88,7,1,152,0,complex,1
SYNTH-003703,William Sharma,health,95214.81,2,1,21,3,simple,0
SYNTH-003704,Michael Silva,life,299699.27,6,1,115,3,high_value,0
SYNTH-003705,Joseph Smith,motor,77692.5,2,1,13,1,simple,0
SYNTH-003706,Elena Jones,health,43010.7,3,1,27,2,simple,0
SYNTH-003707,Susan Williams,home,45555.87,6,1,114,4,complex,0
SYNTH-003708,Fatima Smith,business,129118.47,2,1,3,2,simple,0
SYNTH-003709,Mary Johnson,motor,62583.25,1,1,40,2,simple,0
SYNTH-003710,Susan Smith,travel,16992.11,4,1,109,2,complex,0
SYNTH-003711,Joseph Williams,health,133727.18,2,0,87,3,simple,0
SYNTH-003712,Michael Jones,health,36790.31,4,0,58,2,complex,0
SYNTH-003713,Barbara Williams,home,68221.24,2,1,415,1,simple,0
SYNTH-003714,Amara Khan,life,557531.78,2,0,212,1,high_value,0
SYNTH-003715,Linda Rodriguez,health,86075.64,1,1,15,0,simple,0
SYNTH-003716,Robert Kim,motor,60550.5,4,1,70,1,complex,0
SYNTH-003717,James Brown,travel,42471.11,1,1,378,1,simple,0
SYNTH-003718,Kenji Miller,home,35704.66,3,0,70,0,simple,0
SYNTH-003719,Barbara Silva,business,119971.74,4,1,0,0,complex,0
SYNTH-003720,David Brown,health,62473.52,4,1,56,1,complex,0
SYNTH-003721,Jennifer Nakamura,business,493529.03,4,1,26,1,high_value,0
SYNTH-003722,Amara Nakamura,travel,13899.11,6,1,291,0,complex,0
SYNTH-003723,Robert Rodriguez,motor,80927.0,4,1,82,2,complex,0
SYNTH-003724,Susan Kim,health,58980.74,1,1,70,1,simple,0
SYNTH-003725,Jessica Kim,home,79299.34,1,1,107,3,simple,0
SYNTH-003726,Barbara Smith,health,24982.97,2,1,1,2,simple,0
SYNTH-003727,Elizabeth Costa,health,120847.86,8,1,31,0,complex,0
SYNTH-003728,Linda Sharma,home,131735.44,5,1,79,2,complex,0
SYNTH-003729,Susan Nakamura,motor,17030.74,4,1,289,0,complex,0
SYNTH-003730,Omar Silva,home,57630.27,5,1,25,1,complex,0
SYNTH-003731,William Garcia,motor,72798.4,3,1,47,2,simple,0
SYNTH-003732,Elizabeth Williams,health,77949.29,2,1,274,1,simple,0
SYNTH-003733,Michael Williams,health,28510.34,2,0,134,2,simple,0
SYNTH-003734,Susan Davis,home,57914.64,1,0,9,0,simple,0
SYNTH-003735,Priya Costa,motor,47846.57,2,1,27,1,simple,0
SYNTH-003736,Omar Silva,life,568193.83,2,1,344,3,high_value,0
SYNTH-003737,Elena Smith,home,51663.56,2,0,102,0,simple,0
SYNTH-003738,Jennifer Williams,motor,37272.67,4,1,55,1,complex,0
SYNTH-003739,Kenji Rodriguez,life,842387.48,5,1,165,1,high_value,0
SYNTH-003740,Patricia Nakamura,health,37774.31,4,1,8,4,complex,0
SYNTH-003741,James Davis,health,132153.03,3,1,70,1,simple,0
SYNTH-003742,Priya Nakamura,travel,25447.95,3,0,59,3,simple,0
SYNTH-003743,Amara Miller,health,59478.25,4,1,2,1,complex,0
SYNTH-003744,Wei Johnson,health,28107.82,5,1,36,1,complex,0
SYNTH-003745,Michael Martinez,health,98697.8,4,0,13,1,complex,0
SYNTH-003746,Jessica Brown,travel,6556.1,3,1,293,3,simple,0
SYNTH-003747,Mary Brown,home,166210.2,1,1,179,0,simple,0
SYNTH-003748,Barbara Johnson,business,486801.64,3,1,81,0,high_value,0
SYNTH-003749,Sofia Kim,business,433444.45,3,1,18,2,high_value,0
SYNTH-003750,Patricia Williams,home,52199.87,2,1,115,0,simple,1
SYNTH-003751,Jennifer Brown,life,271282.55,3,1,205,1,high_value,0
SYNTH-003752,Joseph Costa,health,88369.29,3,1,168,1,simple,0
SYNTH-003753,Elena Johnson,business,207923.59,4,0,149,3,high_value,0
SYNTH-003754,Susan Smith,business,247354.58,5,1,29,1,high_value,0
SYNTH-003755,Robert Jones,home,106783.26,4,1,98,3,complex,0
SYNTH-003756,Richard Rodriguez,life,692266.3,4,1,155,0,high_value,0
SYNTH-003757,David Davis,travel,30117.79,2,1,102,0,simple,0
SYNTH-003758,James Garcia,health,47703.28,2,1,263,0,simple,0
SYNTH-003759,Barbara Khan,motor,62032.2,3,1,92,0,simple,0
SYNTH-003760,Sofia Rodriguez,travel,14663.28,1,1,1,0,simple,1
SYNTH-003761,Michael Nakamura,business,437239.52,2,1,102,1,high_value,0
SYNTH-003762,Mary Nakamura,life,600439.27,3,1,279,3,high_value,0
SYNTH-003763,Joseph Rodriguez,home,68699.38,2,1,241,1,simple,0
SYNTH-003764,Barbara Williams,travel,26220.37,6,1,15,2,complex,0
SYNTH-003765,Barbara Jones,travel,24072.74,5,1,269,0,complex,0
SYNTH-003766,Elizabeth Jones,health,80614.51,3,1,146,1,simple,0
SYNTH-003767,Michael Khan,travel,46330.69,7,0,146,1,complex,1
SYNTH-003768,Elena Rodriguez,health,62023.98,1,1,49,1,simple,0
SYNTH-003769,Patricia Davis,life,750422.33,3,1,128,3,high_value,0
SYNTH-003770,John Davis,home,36402.39,1,0,83,1,simple,0
SYNTH-003771,Wei Williams,health,49964.46,2,0,125,4,simple,0
SYNTH-003772,Barbara Williams,health,24583.29,2,1,52,0,simple,0
SYNTH-003773,Arjun Nakamura,travel,13369.28,3,1,135,1,simple,0
SYNTH-003774,Liam Sharma,business,502634.77,4,1,11,0,high_value,0
SYNTH-003775,James Brown,life,237124.89,2,1,280,0,high_value,1
SYNTH-003776,Robert Novak,motor,86587.84,8,1,5,3,complex,0
SYNTH-003777,Patricia Sharma,home,101385.25,2,1,222,0,simple,0
SYNTH-003778,Patricia Jones,travel,5435.8,2,1,16,1,simple,0
SYNTH-003779,David Brown,home,139048.48,1,1,52,4,simple,0
SYNTH-003780,Priya Brown,life,686583.53,6,1,66,1,high_value,0
SYNTH-003781,Sofia Johnson,motor,63665.49,5,1,166,0,complex,0
SYNTH-003782,Richard Smith,business,131914.5,3,1,349,0,simple,0
SYNTH-003783,Barbara Rodriguez,life,260563.29,3,1,95,2,high_value,0
SYNTH-003784,John Kim,travel,24069.51,4,1,108,1,complex,1
SYNTH-003785,Joseph Brown,health,37786.22,3,0,433,3,simple,0
SYNTH-003786,Arjun Davis,motor,23259.71,4,1,68,1,complex,0
SYNTH-003787,David Martinez,travel,31756.89,1,1,219,0,simple,0
SYNTH-003788,Elizabeth Williams,life,886535.65,2,1,50,3,high_value,0
SYNTH-003789,Jennifer Nakamura,motor,78669.94,4,1,237,2,complex,0
SYNTH-003790,Elena Nakamura,health,92261.16,3,1,366,2,simple,0
SYNTH-003791,Jennifer Costa,business,420394.19,2,1,41,3,high_value,0
SYNTH-003792,Robert Smith,motor,95949.27,6,1,119,1,complex,0
SYNTH-003793,Jessica Williams,travel,29406.38,1,1,312,2,simple,0
SYNTH-003794,Richard Novak,business,425491.22,1,1,79,0,high_value,0
SYNTH-003795,Priya Silva,travel,20817.63,1,1,6,0,simple,0
SYNTH-003796,Liam Smith,business,404448.96,4,1,214,1,high_value,0
SYNTH-003797,Fatima Davis,motor,36912.07,5,1,12,0,complex,0
SYNTH-003798,Linda Rodriguez,life,437503.59,4,0,2,2,high_value,0
SYNTH-003799,Wei Jones,health,101583.85,3,1,1,3,high_value,0
SYNTH-003800,David Kim,travel,32012.36,4,1,523,3,complex,0
SYNTH-003801,Liam Sharma,travel,19271.05,2,1,28,1,simple,0
SYNTH-003802,Joseph Novak,travel,7954.57,3,1,49,0,simple,0
SYNTH-003803,John Smith,business,304962.9,3,1,52,1,high_value,0
SYNTH-003804,Jennifer Novak,life,405675.95,4,1,5,0,high_value,0
SYNTH-003805,Kenji Miller,life,359495.38,2,1,119,0,high_value,0
SYNTH-003806,Robert Novak,life,894714.13,3,0,14,0,high_value,0
SYNTH-003807,Barbara Novak,health,45867.31,2,0,92,0,simple,0
SYNTH-003808,Jennifer Johnson,travel,35021.33,2,1,17,3,simple,0
SYNTH-003809,Elizabeth Rodriguez,motor,82609.74,3,1,95,1,simple,0
SYNTH-003810,Jennifer Brown,home,55453.65,8,1,117,2,complex,1
SYNTH-003811,Jennifer Garcia,travel,34359.96,2,1,238,2,high_value,0
SYNTH-003812,Fatima Smith,health,35190.65,1,1,57,1,simple,0
SYNTH-003813,Richard Rodriguez,health,109022.84,4,1,69,1,complex,0
SYNTH-003814,John Kim,travel,33810.86,5,1,164,0,complex,0
SYNTH-003815,Omar Williams,travel,8281.42,1,1,65,0,simple,0
SYNTH-003816,David Smith,travel,34662.72,2,1,107,0,simple,0
SYNTH-003817,Joseph Garcia,health,89491.73,4,1,30,2,complex,0
SYNTH-003818,Patricia Kim,motor,75475.86,1,1,143,0,simple,0
SYNTH-003819,Linda Smith,life,350394.94,1,1,39,4,high_value,0
SYNTH-003820,Elena Sharma,home,111392.35,4,1,291,1,complex,0
SYNTH-003821,Wei Sharma,motor,62235.35,4,0,36,2,complex,0
SYNTH-003822,Robert Kim,health,31579.38,1,1,259,0,simple,0
SYNTH-003823,John Garcia,business,224828.55,4,1,60,5,high_value,0
SYNTH-003824,Mary Martinez,home,46113.33,5,0,22,2,complex,0
SYNTH-003825,Amara Silva,home,166148.19,3,1,114,1,simple,0
SYNTH-003826,Jennifer Martinez,travel,34005.66,2,1,274,1,simple,0
SYNTH-003827,Kenji Khan,motor,65954.16,1,1,10,0,simple,0
SYNTH-003828,James Silva,health,83300.35,4,1,41,1,high_value,0
SYNTH-003829,James Garcia,business,202048.35,1,1,4,1,high_value,0
SYNTH-003830,Fatima Garcia,health,12955.26,3,1,104,2,simple,0
SYNTH-003831,Barbara Martinez,home,46222.72,3,0,11,2,simple,0
SYNTH-003832,Mary Davis,life,340130.03,4,1,4,0,high_value,0
SYNTH-003833,Michael Garcia,life,753761.35,6,1,110,2,high_value,0
SYNTH-003834,Robert Khan,health,40221.06,3,1,398,4,simple,0
SYNTH-003835,Patricia Davis,business,187631.79,3,1,31,2,simple,0
SYNTH-003836,Mary Davis,motor,22841.74,3,1,35,0,simple,0
SYNTH-003837,Elizabeth Miller,travel,41732.1,1,1,422,1,simple,0
SYNTH-003838,Jennifer Martinez,home,76806.24,4,1,122,1,complex,0
SYNTH-003839,James Smith,life,661446.56,2,1,146,2,high_value,0
SYNTH-003840,Linda Brown,motor,53016.64,4,1,50,1,complex,0
SYNTH-003841,John Garcia,life,828763.19,1,1,99,1,high_value,0
SYNTH-003842,Richard Sharma,home,89437.96,2,0,607,1,simple,0
SYNTH-003843,Robert Davis,home,68632.84,4,1,12,1,complex,0
SYNTH-003844,Fatima Khan,travel,22453.81,1,1,41,1,simple,0
SYNTH-003845,Wei Rodriguez,motor,15200.01,3,1,34,2,simple,0
SYNTH-003846,Wei Brown,business,556118.38,4,0,366,1,high_value,0
SYNTH-003847,Linda Brown,home,129201.68,5,0,106,5,complex,0
SYNTH-003848,Susan Rodriguez,travel,42449.78,3,1,97,1,simple,0
SYNTH-003849,Richard Rodriguez,travel,9553.9,5,1,62,1,complex,0
SYNTH-003850,Wei Silva,travel,17788.34,1,0,69,0,simple,0
SYNTH-003851,Fatima Garcia,health,18961.67,2,1,39,3,simple,1
SYNTH-003852,Robert Rodriguez,business,617896.96,2,1,61,1,high_value,0
SYNTH-003853,Amara Davis,health,104277.89,5,1,146,0,complex,0
SYNTH-003854,Kenji Jones,motor,74401.93,3,1,25,1,simple,0
SYNTH-003855,Mary Costa,health,79111.93,3,1,155,1,simple,0
SYNTH-003856,William Kim,travel,4663.04,1,1,50,0,simple,0
SYNTH-003857,Robert Jones,home,78610.81,3,1,85,3,simple,0
SYNTH-003858,Sofia Sharma,health,105678.2,1,1,430,3,simple,0
SYNTH-003859,Kenji Smith,business,437493.79,1,1,181,1,high_value,0
SYNTH-003860,Jessica Nakamura,motor,38917.22,2,1,221,0,simple,0
SYNTH-003861,Jennifer Silva,home,75164.11,2,1,78,1,simple,0
SYNTH-003862,Jennifer Sharma,motor,17937.33,2,0,27,0,simple,0
SYNTH-003863,William Johnson,travel,22168.92,1,1,74,1,simple,0
SYNTH-003864,Kenji Costa,home,69025.19,1,1,178,0,simple,0
SYNTH-003865,Elena Sharma,home,74167.22,2,1,14,0,simple,0
SYNTH-003866,Omar Garcia,business,529443.46,2,1,257,1,high_value,0
SYNTH-003867,Liam Garcia,health,135793.15,3,1,363,4,simple,0
SYNTH-003868,David Khan,motor,61348.12,2,1,311,0,simple,0
SYNTH-003869,Jennifer Garcia,health,103553.23,2,1,419,0,simple,0
SYNTH-003870,Kenji Nakamura,motor,33373.47,2,0,30,1,simple,0
SYNTH-003871,Arjun Silva,life,356927.33,6,1,113,0,high_value,0
SYNTH-003872,James Williams,life,575645.8,4,1,351,1,high_value,0
SYNTH-003873,Elizabeth Garcia,life,280876.99,4,1,23,3,high_value,0
SYNTH-003874,Richard Garcia,home,183013.77,3,0,23,0,high_value,0
SYNTH-003875,William Sharma,business,558816.64,2,1,258,1,high_value,0
SYNTH-003876,John Novak,health,58075.57,4,1,45,1,complex,0
SYNTH-003877,Mary Williams,motor,60363.17,1,1,193,0,simple,0
SYNTH-003878,Wei Garcia,home,101974.68,3,1,208,1,simple,0
SYNTH-003879,Fatima Davis,life,629208.5,4,1,22,0,high_value,0
SYNTH-003880,James Costa,travel,26279.61,6,1,60,2,complex,0
SYNTH-003881,William Nakamura,life,452555.7,1,1,138,0,high_value,0
SYNTH-003882,Mary Novak,health,80615.54,5,1,64,1,complex,0
SYNTH-003883,Priya Khan,travel,39650.65,2,1,47,0,simple,0
SYNTH-003884,Michael Rodriguez,health,69143.37,2,0,194,3,simple,0
SYNTH-003885,Linda Brown,travel,2845.94,4,0,3,1,complex,0
SYNTH-003886,Patricia Smith,life,851601.22,2,1,47,1,high_value,0
SYNTH-003887,John Silva,business,202688.83,6,1,30,2,high_value,0
SYNTH-003888,Barbara Rodriguez,motor,47677.76,4,0,64,0,complex,0
SYNTH-003889,Joseph Novak,motor,73721.39,2,0,71,0,simple,0
SYNTH-003890,Susan Johnson,business,187941.22,1,1,378,0,simple,0
SYNTH-003891,Elizabeth Garcia,travel,18887.54,2,1,94,3,simple,0
SYNTH-003892,Omar Williams,home,38064.01,5,1,236,2,complex,0
SYNTH-003893,Joseph Smith,travel,48414.93,2,1,14,1,simple,0
SYNTH-003894,Michael Garcia,health,72911.75,2,1,69,1,simple,0
SYNTH-003895,Linda Kim,motor,40480.19,3,1,240,2,simple,0
SYNTH-003896,Jennifer Davis,motor,60701.72,6,1,12,2,complex,0
SYNTH-003897,Priya Nakamura,motor,42016.92,2,1,160,2,simple,0
SYNTH-003898,Jennifer Khan,home,131126.95,6,1,119,1,complex,0
SYNTH-003899,Elena Jones,motor,46945.52,3,1,3,0,simple,0
SYNTH-003900,Michael Costa,travel,14263.12,7,1,34,0,high_value,0
SYNTH-003901,James Sharma,travel,25099.18,5,1,13,1,complex,0
SYNTH-003902,Jessica Rodriguez,life,633386.6,1,1,6,0,high_value,0
SYNTH-003903,Elena Smith,life,686932.01,6,0,37,1,high_value,0
SYNTH-003904,William Silva,health,35326.75,2,1,63,2,simple,0
SYNTH-003905,Kenji Brown,health,114001.88,5,1,68,0,complex,0
SYNTH-003906,William Rodriguez,motor,13772.97,2,1,26,2,simple,0
SYNTH-003907,Arjun Kim,life,177114.23,2,1,51,1,simple,0
SYNTH-003908,Susan Kim,business,235923.79,4,1,273,0,high_value,0
SYNTH-003909,Arjun Williams,life,482405.7,5,1,111,2,high_value,0
SYNTH-003910,Barbara Costa,motor,57520.92,5,1,15,1,complex,0
SYNTH-003911,Jessica Garcia,business,383144.59,2,1,7,0,simple,0
SYNTH-003912,Mary Kim,home,48560.6,3,1,121,1,high_value,0
SYNTH-003913,Linda Khan,business,617858.37,3,1,51,1,high_value,1
SYNTH-003914,Mary Davis,travel,19252.04,3,1,13,1,simple,0
SYNTH-003915,Priya Davis,business,141682.29,2,1,36,0,simple,0
SYNTH-003916,Michael Smith,life,478957.2,1,0,407,1,high_value,0
SYNTH-003917,Arjun Jones,travel,32488.77,3,1,587,0,simple,0
SYNTH-003918,Jessica Rodriguez,life,298686.82,5,1,425,1,high_value,0
SYNTH-003919,Sofia Costa,health,66749.39,4,1,365,1,complex,0
SYNTH-003920,Wei Johnson,travel,30248.88,2,1,48,0,simple,0
SYNTH-003921,Elizabeth Garcia,travel,9178.58,4,1,153,3,complex,0
SYNTH-003922,Elena Novak,business,431982.83,4,1,54,0,high_value,0
SYNTH-003923,Sofia Sharma,travel,20273.76,4,0,42,3,complex,0
SYNTH-003924,Robert Brown,health,41689.15,3,1,7,0,simple,0
SYNTH-003925,Susan Williams,business,247263.84,5,1,142,1,high_value,0
SYNTH-003926,Susan Nakamura,home,135461.67,1,1,31,2,simple,0
SYNTH-003927,Elena Garcia,life,307099.54,3,1,133,0,high_value,0
SYNTH-003928,Jessica Miller,home,55382.96,1,1,27,2,simple,0
SYNTH-003929,Wei Williams,home,83920.09,2,1,132,2,simple,0
SYNTH-003930,Jessica Brown,business,269802.62,1,1,113,2,high_value,0
SYNTH-003931,Elena Miller,home,131611.95,2,1,122,1,simple,0
SYNTH-003932,James Silva,life,207776.53,2,1,213,2,high_value,0
SYNTH-003933,Jennifer Smith,motor,47603.84,3,1,7,2,simple,0
SYNTH-003934,Liam Davis,life,373583.84,3,1,0,0,high_value,0
SYNTH-003935,Liam Smith,health,13373.36,7,1,90,1,complex,0
SYNTH-003936,Susan Kim,health,39821.5,2,1,298,2,simple,0
SYNTH-003937,David Kim,health,83442.43,7,1,42,0,complex,0
SYNTH-003938,Jennifer Rodriguez,life,419342.16,3,0,230,0,high_value,0
SYNTH-003939,Liam Davis,life,374914.24,2,1,224,3,high_value,0
SYNTH-003940,Kenji Williams,health,114333.38,7,1,39,1,complex,0
SYNTH-003941,James Nakamura,travel,20941.96,1,1,164,1,simple,0
SYNTH-003942,Liam Brown,business,490368.13,2,1,107,1,high_value,0
SYNTH-003943,Elena Johnson,motor,36751.0,3,1,35,0,simple,0
SYNTH-003944,Fatima Jones,health,45211.79,2,1,264,3,simple,0
SYNTH-003945,Joseph Johnson,business,629167.97,2,1,85,0,high_value,0
SYNTH-003946,Susan Martinez,health,84559.88,1,1,140,2,simple,0
SYNTH-003947,Arjun Johnson,health,132022.72,2,1,138,2,simple,0
SYNTH-003948,Joseph Garcia,home,128378.75,2,1,3,0,simple,0
SYNTH-003949,Arjun Garcia,travel,20982.83,2,1,124,3,simple,0
SYNTH-003950,Priya Sharma,business,500982.84,5,1,103,2,high_value,0
SYNTH-003951,Liam Sharma,health,79886.89,5,1,126,1,simple,0
SYNTH-003952,John Williams,home,103475.21,3,1,40,3,simple,0
SYNTH-003953,Patricia Nakamura,travel,16459.58,1,1,61,2,simple,0
SYNTH-003954,James Johnson,health,47409.23,3,1,184,1,simple,0
SYNTH-003955,Mary Garcia,home,58063.43,1,0,182,2,high_value,0
SYNTH-003956,William Miller,travel,30391.64,1,1,13,1,simple,0
SYNTH-003957,Sofia Rodriguez,motor,65776.28,2,1,40,0,simple,0
SYNTH-003958,James Williams,motor,32567.7,4,1,63,2,complex,0
SYNTH-003959,Liam Jones,life,780990.81,2,0,176,1,high_value,0
SYNTH-003960,Wei Smith,motor,17872.73,4,1,7,1,complex,0
SYNTH-003961,Joseph Khan,home,31065.67,2,0,14,1,simple,0
SYNTH-003962,Joseph Nakamura,life,712306.05,1,0,171,1,high_value,0
SYNTH-003963,Joseph Smith,business,306061.95,1,0,130,1,high_value,0
SYNTH-003964,Robert Martinez,life,520829.55,5,1,181,1,high_value,0
SYNTH-003965,William Costa,health,105751.53,2,1,57,1,simple,0
SYNTH-003966,Elena Rodriguez,health,62218.06,4,1,378,2,complex,0
SYNTH-003967,Amara Rodriguez,business,222652.36,2,0,142,1,high_value,0
SYNTH-003968,Fatima Kim,home,118936.26,3,1,1,2,simple,0
SYNTH-003969,Richard Silva,travel,9703.52,6,1,39,0,complex,0
SYNTH-003970,Mary Nakamura,life,193260.63,3,1,56,0,simple,0
SYNTH-003971,Priya Silva,travel,3186.14,2,1,105,1,simple,0
SYNTH-003972,Fatima Novak,motor,25077.11,6,1,83,0,complex,0
SYNTH-003973,William Garcia,business,673386.11,1,1,263,2,high_value,0
SYNTH-003974,Fatima Jones,home,85105.89,3,1,239,2,simple,0
SYNTH-003975,Fatima Silva,health,68354.57,3,1,15,3,simple,0
SYNTH-003976,Fatima Jones,life,311854.1,6,1,176,0,high_value,0
SYNTH-003977,Arjun Davis,home,56561.66,3,1,22,0,simple,0
SYNTH-003978,Richard Costa,life,485442.97,5,1,119,2,high_value,0
SYNTH-003979,Elena Silva,travel,16927.64,2,1,73,1,simple,0
SYNTH-003980,Mary Costa,health,74333.32,1,1,548,2,simple,0
SYNTH-003981,Michael Costa,motor,18610.43,2,1,57,2,simple,0
SYNTH-003982,Robert Nakamura,business,562996.84,2,1,95,1,high_value,0
SYNTH-003983,Mary Kim,health,56868.68,3,0,84,2,simple,0
SYNTH-003984,John Martinez,travel,14079.84,2,0,46,2,simple,0
SYNTH-003985,Elizabeth Williams,business,625562.58,4,1,102,1,high_value,1
SYNTH-003986,Jessica Sharma,life,560865.01,3,1,74,2,high_value,0
SYNTH-003987,Mary Silva,life,386916.04,2,1,36,1,high_value,0
SYNTH-003988,Kenji Jones,business,145628.2,2,1,84,1,simple,0
SYNTH-003989,Sofia Jones,motor,52062.07,4,1,16,0,complex,0
SYNTH-003990,James Novak,health,82239.34,5,1,213,0,complex,0
SYNTH-003991,William Nakamura,travel,20482.48,3,1,141,0,simple,0
SYNTH-003992,Elena Johnson,life,813220.65,5,1,226,0,high_value,0
SYNTH-003993,James Williams,business,623381.11,4,1,11,1,high_value,0
SYNTH-003994,Joseph Silva,travel,11906.82,6,1,276,4,complex,0
SYNTH-003995,Jessica Jones,travel,42800.76,5,0,86,0,complex,0
SYNTH-003996,James Martinez,business,417497.46,1,1,17,0,high_value,0
SYNTH-003997,Amara Garcia,life,782237.0,5,1,57,1,high_value,0
SYNTH-003998,Liam Sharma,motor,36717.29,1,1,49,1,simple,0
SYNTH-003999,Michael Garcia,travel,17496.42,1,0,113,2,simple,0
SYNTH-004000,Susan Williams,health,35442.08,3,1,17,1,simple,0
SYNTH-004001,Amara Sharma,home,128999.61,3,1,106,1,simple,0
SYNTH-004002,Fatima Miller,home,87258.83,3,1,145,0,simple,0
SYNTH-004003,Elizabeth Garcia,home,108018.49,1,1,154,2,simple,0
SYNTH-004004,Elizabeth Smith,motor,45286.31,2,1,31,0,simple,0
SYNTH-004005,Susan Jones,motor,34949.01,6,1,255,1,high_value,0
SYNTH-004006,James Novak,life,245742.55,4,1,429,0,high_value,0
SYNTH-004007,Omar Novak,travel,40620.53,3,1,256,0,simple,0
SYNTH-004008,Elena Khan,business,178465.54,1,0,14,1,simple,0
SYNTH-004009,Arjun Khan,health,81095.63,3,1,60,1,simple,0
SYNTH-004010,Mary Williams,health,118279.68,2,1,45,3,simple,0
SYNTH-004011,Arjun Williams,home,98584.81,3,1,127,1,simple,0
SYNTH-004012,Joseph Rodriguez,business,430584.28,3,1,24,0,high_value,0
SYNTH-004013,Linda Brown,motor,16862.68,2,1,205,2,simple,0
SYNTH-004014,Mary Martinez,travel,11907.28,3,0,391,1,simple,0
SYNTH-004015,Amara Martinez,health,86407.16,8,1,182,1,complex,0
SYNTH-004016,James Davis,motor,58788.22,3,1,70,2,simple,0
SYNTH-004017,John Smith,home,96056.89,3,1,154,3,simple,0
SYNTH-004018,Elena Johnson,business,749338.2,7,1,34,1,high_value,0
SYNTH-004019,Richard Rodriguez,life,313988.7,4,1,256,1,high_value,0
SYNTH-004020,Arjun Smith,business,398420.25,3,1,89,2,high_value,0
SYNTH-004021,John Nakamura,life,208316.65,2,1,134,0,high_value,0
SYNTH-004022,Michael Davis,motor,44076.8,3,1,384,1,simple,0
SYNTH-004023,Michael Kim,motor,34026.43,3,1,118,1,simple,0
SYNTH-004024,Elena Silva,motor,50472.43,2,1,239,1,high_value,0
SYNTH-004025,Jessica Johnson,travel,13934.78,4,0,289,0,complex,0
SYNTH-004026,Wei Williams,home,115320.24,5,1,59,0,complex,0
SYNTH-004027,Elizabeth Davis,home,152876.52,2,1,222,2,simple,0
SYNTH-004028,Omar Nakamura,health,89770.87,3,0,82,2,simple,0
SYNTH-004029,David Johnson,travel,11633.94,3,0,130,2,simple,0
SYNTH-004030,Patricia Brown,motor,51281.26,3,1,22,1,simple,0
SYNTH-004031,Liam Garcia,home,51927.81,2,1,16,3,complex,0
SYNTH-004032,Liam Smith,life,233277.18,1,0,116,2,high_value,0
SYNTH-004033,Elizabeth Novak,travel,45215.02,1,1,38,0,simple,1
SYNTH-004034,Liam Jones,business,633617.23,3,1,19,1,high_value,0
SYNTH-004035,Elizabeth Nakamura,business,692027.73,2,1,219,0,high_value,0
SYNTH-004036,Linda Rodriguez,business,603735.43,2,0,635,1,high_value,0
SYNTH-004037,Susan Jones,travel,10618.56,2,1,301,1,simple,0
SYNTH-004038,Richard Smith,travel,23273.81,2,1,92,2,simple,0
SYNTH-004039,Kenji Martinez,motor,51460.07,1,1,60,0,high_value,0
SYNTH-004040,Joseph Smith,health,120056.45,5,0,139,2,complex,0
SYNTH-004041,Mary Nakamura,life,321299.5,3,1,17,0,high_value,0
SYNTH-004042,James Khan,life,475002.12,4,0,289,1,high_value,0
SYNTH-004043,Sofia Silva,health,68433.52,3,0,333,1,simple,0
SYNTH-004044,James Miller,motor,66283.52,2,1,182,0,simple,0
SYNTH-004045,Omar Davis,home,116429.18,1,0,190,0,simple,0
SYNTH-004046,William Sharma,business,235899.14,1,0,78,0,high_value,1
SYNTH-004047,Barbara Kim,life,935620.85,3,1,15,1,high_value,0
SYNTH-004048,Sofia Garcia,business,480794.05,3,1,108,2,high_value,0
SYNTH-004049,Mary Jones,travel,22741.18,1,0,21,4,simple,0
SYNTH-004050,Elizabeth Sharma,travel,22895.74,5,1,54,1,complex,0
SYNTH-004051,Robert Johnson,motor,65209.07,1,1,85,1,simple,0
SYNTH-004052,Amara Martinez,motor,60006.87,2,1,148,2,simple,0
SYNTH-004053,Sofia Brown,motor,35577.42,1,1,108,2,simple,0
SYNTH-004054,Priya Miller,business,259708.23,1,1,67,3,high_value,0
SYNTH-004055,Richard Nakamura,motor,23957.64,2,1,50,2,simple,0
SYNTH-004056,Robert Brown,life,573238.61,3,1,160,1,high_value,0
SYNTH-004057,Richard Smith,travel,20326.12,2,1,61,0,simple,0
SYNTH-004058,Robert Martinez,life,560788.83,7,1,612,2,high_value,0
SYNTH-004059,Sofia Jones,home,142618.68,2,1,36,3,simple,0
SYNTH-004060,Barbara Williams,travel,39877.06,2,1,610,1,simple,0
SYNTH-004061,Liam Smith,motor,8055.3,5,1,218,2,complex,0
SYNTH-004062,John Silva,health,87362.37,2,1,45,0,simple,0
SYNTH-004063,Priya Kim,travel,24088.66,3,1,17,3,simple,0
SYNTH-004064,John Miller,home,91679.34,4,0,345,0,complex,0
SYNTH-004065,Mary Nakamura,life,431254.77,2,1,31,1,high_value,0
SYNTH-004066,Omar Sharma,motor,39411.39,2,1,137,1,simple,0
SYNTH-004067,David Kim,business,221526.87,2,1,208,1,high_value,0
SYNTH-004068,Priya Nakamura,health,74781.09,1,1,50,4,simple,0
SYNTH-004069,Richard Miller,travel,8805.58,3,1,199,1,simple,0
SYNTH-004070,Michael Sharma,travel,15227.61,4,1,26,0,complex,0
SYNTH-004071,Joseph Nakamura,business,151657.23,5,1,123,3,complex,0
SYNTH-004072,Elena Garcia,home,67380.43,3,1,235,1,simple,0
SYNTH-004073,Omar Williams,life,364997.88,3,1,427,4,high_value,0
SYNTH-004074,Patricia Garcia,home,29720.86,1,1,84,2,simple,0
SYNTH-004075,Michael Miller,life,566133.2,3,0,328,2,high_value,0
SYNTH-004076,Omar Jones,life,605762.28,4,1,235,2,high_value,0
SYNTH-004077,Mary Garcia,life,403610.19,2,1,190,2,high_value,0
SYNTH-004078,Richard Kim,home,91129.99,6,1,26,0,complex,0
SYNTH-004079,Jennifer Kim,travel,34825.47,1,1,33,2,simple,0
SYNTH-004080,Linda Sharma,travel,22913.92,1,1,17,1,simple,0
SYNTH-004081,James Brown,business,256901.37,3,0,187,0,high_value,0
SYNTH-004082,Linda Garcia,motor,35810.9,3,1,1,0,complex,0
SYNTH-004083,Jessica Williams,home,67685.11,3,1,47,0,simple,0
SYNTH-004084,Omar Novak,home,166085.39,1,1,16,2,simple,0
SYNTH-004085,William Sharma,motor,40323.37,1,1,176,2,simple,0
SYNTH-004086,David Silva,life,761176.63,4,1,45,0,high_value,0
SYNTH-004087,Linda Brown,home,79303.49,2,1,268,1,simple,0
SYNTH-004088,Linda Miller,health,110941.64,2,0,134,2,simple,0
SYNTH-004089,Sofia Jones,business,511978.49,5,1,39,1,high_value,0
SYNTH-004090,John Silva,life,298931.3,3,1,8,1,high_value,0
SYNTH-004091,Richard Martinez,business,375818.85,4,1,26,1,high_value,0
SYNTH-004092,Michael Khan,business,343840.92,4,1,118,3,high_value,0
SYNTH-004093,David Garcia,health,65267.3,1,1,259,2,simple,0
SYNTH-004094,John Johnson,home,142066.17,2,1,137,1,simple,0
SYNTH-004095,Robert Novak,business,353461.46,3,1,87,1,high_value,0
SYNTH-004096,Omar Khan,motor,82698.2,2,0,93,1,simple,0
SYNTH-004097,Fatima Smith,home,24471.17,2,1,110,4,simple,0
SYNTH-004098,Richard Miller,travel,12074.53,4,1,125,1,simple,0
SYNTH-004099,Omar Nakamura,home,57727.57,4,1,35,0,complex,0
SYNTH-004100,Joseph Rodriguez,motor,31948.43,1,1,101,2,simple,0
SYNTH-004101,Priya Miller,motor,14458.63,2,1,23,2,simple,0
SYNTH-004102,Fatima Rodriguez,home,107678.25,2,1,201,0,simple,0
SYNTH-004103,Priya Silva,home,75019.47,4,1,122,1,complex,0
SYNTH-004104,David Smith,health,59762.79,2,1,141,1,simple,0
SYNTH-004105,Susan Silva,motor,53614.83,5,1,69,1,complex,0
SYNTH-004106,Fatima Rodriguez,motor,34365.95,3,1,273,0,simple,0
SYNTH-004107,Fatima Williams,travel,21391.97,3,0,13,1,simple,0
SYNTH-004108,Arjun Sharma,business,191828.27,4,1,214,4,complex,0
SYNTH-004109,Joseph Silva,life,347605.33,4,1,181,0,simple,0
SYNTH-004110,Michael Costa,business,345868.36,2,1,20,5,high_value,0
SYNTH-004111,Sofia Garcia,business,264488.28,4,1,79,0,high_value,0
SYNTH-004112,Jessica Williams,motor,55832.2,2,1,401,0,simple,0
SYNTH-004113,Robert Miller,home,68397.32,1,1,10,0,simple,0
SYNTH-004114,David Martinez,travel,23986.57,4,1,2,1,complex,0
SYNTH-004115,Kenji Miller,health,148267.02,3,1,159,1,high_value,0
SYNTH-004116,Elizabeth Kim,business,219690.98,4,1,65,2,high_value,0
SYNTH-004117,William Nakamura,business,533964.48,2,1,144,0,high_value,0
SYNTH-004118,Joseph Rodriguez,health,55517.65,3,1,111,1,simple,0
SYNTH-004119,Arjun Davis,home,62376.74,1,1,115,1,simple,0
SYNTH-004120,Michael Nakamura,health,75946.89,2,1,158,0,simple,0
SYNTH-004121,Robert Silva,health,93773.22,3,0,18,1,simple,0
SYNTH-004122,David Khan,health,67452.82,1,1,156,1,simple,0
SYNTH-004123,William Sharma,motor,27419.08,2,1,26,1,simple,0
SYNTH-004124,David Khan,travel,26448.78,5,1,93,3,complex,0
SYNTH-004125,Jessica Silva,travel,23508.8,5,1,13,0,complex,0
SYNTH-004126,David Costa,motor,51488.86,2,0,25,1,simple,0
SYNTH-004127,Mary Khan,travel,15451.83,1,1,4,0,simple,0
SYNTH-004128,Robert Garcia,health,72319.67,2,1,147,1,simple,0
SYNTH-004129,Fatima Novak,motor,37449.36,1,1,125,3,simple,0
SYNTH-004130,Michael Costa,motor,74494.4,1,0,145,1,simple,0
SYNTH-004131,Elena Davis,travel,26944.86,3,1,44,1,simple,1
SYNTH-004132,Joseph Smith,motor,63577.4,2,1,36,2,simple,0
SYNTH-004133,William Jones,life,565354.7,1,1,64,2,high_value,0
SYNTH-004134,Omar Sharma,life,294972.1,1,1,124,0,high_value,0
SYNTH-004135,James Rodriguez,business,276550.83,3,0,183,2,high_value,0
SYNTH-004136,Fatima Silva,business,530384.59,2,0,5,4,high_value,0
SYNTH-004137,Fatima Novak,business,265328.8,5,0,286,0,high_value,0
SYNTH-004138,William Brown,life,567673.82,5,1,127,2,high_value,0
SYNTH-004139,Elizabeth Sharma,life,782206.33,4,1,508,0,high_value,0
SYNTH-004140,Elena Novak,health,54370.49,3,1,298,2,simple,0
SYNTH-004141,David Novak,motor,33762.07,2,1,41,0,simple,1
SYNTH-004142,James Sharma,business,277725.2,5,1,21,1,high_value,0
SYNTH-004143,Liam Silva,home,56816.5,3,1,379,1,simple,0
SYNTH-004144,Sofia Johnson,health,21968.81,3,1,15,0,simple,0
SYNTH-004145,Elena Jones,life,696530.07,2,1,11,2,high_value,0
SYNTH-004146,Joseph Miller,motor,33375.85,5,1,192,1,complex,0
SYNTH-004147,Joseph Kim,motor,56934.24,7,1,92,2,complex,0
SYNTH-004148,Barbara Brown,travel,32087.05,3,1,11,2,simple,0
SYNTH-004149,William Costa,business,533029.73,6,1,43,0,high_value,0
SYNTH-004150,Robert Sharma,business,474714.81,1,1,253,2,high_value,0
SYNTH-004151,William Brown,business,303110.83,1,1,40,1,high_value,0
SYNTH-004152,Jennifer Silva,home,94499.14,1,1,146,2,simple,0
SYNTH-004153,Amara Rodriguez,health,128860.62,3,1,148,4,simple,0
SYNTH-004154,Priya Miller,life,830727.22,1,1,191,1,high_value,0
SYNTH-004155,Richard Nakamura,health,92083.26,2,1,321,2,simple,0
SYNTH-004156,Liam Williams,life,590232.11,5,1,62,0,high_value,0
SYNTH-004157,Omar Williams,motor,43377.17,5,0,134,1,complex,0
SYNTH-004158,Richard Khan,travel,12350.92,2,1,435,2,simple,0
SYNTH-004159,James Silva,motor,80360.01,6,1,9,3,complex,0
SYNTH-004160,Sofia Novak,life,665143.55,3,1,112,2,high_value,0
SYNTH-004161,Robert Garcia,health,42335.43,3,1,100,1,simple,0
SYNTH-004162,Amara Silva,life,875665.27,2,1,119,1,high_value,0
SYNTH-004163,Sofia Kim,motor,81701.0,3,1,12,0,simple,0
SYNTH-004164,Joseph Sharma,health,38581.21,3,1,0,3,simple,0
SYNTH-004165,Jessica Sharma,business,428919.88,2,1,47,1,high_value,0
SYNTH-004166,Arjun Johnson,motor,47037.84,1,1,307,2,simple,0
SYNTH-004167,Fatima Williams,travel,10356.99,2,1,157,1,simple,0
SYNTH-004168,Barbara Costa,motor,40240.81,2,1,79,1,simple,0
SYNTH-004169,Arjun Miller,home,35642.65,1,1,106,1,simple,0
SYNTH-004170,Priya Smith,home,85384.87,4,1,126,1,complex,0
SYNTH-004171,Robert Davis,life,332593.13,3,1,41,0,high_value,0
SYNTH-004172,Sofia Smith,home,65516.41,4,1,141,1,complex,0
SYNTH-004173,Omar Brown,business,93001.7,1,1,277,3,simple,0
SYNTH-004174,Sofia Nakamura,life,195150.92,5,1,190,2,complex,0
SYNTH-004175,Omar Smith,business,227080.76,3,1,81,1,high_value,0
SYNTH-004176,Elena Johnson,business,294579.8,3,1,60,1,complex,0
SYNTH-004177,Elena Jones,health,145369.68,1,0,23,3,simple,1
SYNTH-004178,Linda Davis,home,60555.21,1,1,50,1,simple,0
SYNTH-004179,Susan Martinez,motor,38756.11,2,1,80,1,simple,0
SYNTH-004180,David Johnson,home,45650.31,3,1,2,2,simple,0
SYNTH-004181,Priya Davis,travel,17680.75,1,1,79,0,simple,0
SYNTH-004182,Jessica Kim,life,533618.34,2,1,168,2,high_value,1
SYNTH-004183,Liam Miller,life,537012.23,1,1,128,1,high_value,0
SYNTH-004184,Elena Sharma,health,96446.17,5,1,72,1,complex,0
SYNTH-004185,Priya Novak,travel,6358.85,3,1,135,0,simple,0
SYNTH-004186,William Rodriguez,home,78364.9,2,1,119,2,simple,0
SYNTH-004187,Michael Brown,motor,20554.77,3,0,148,2,simple,0
SYNTH-004188,Mary Brown,health,102582.52,4,1,63,1,complex,0
SYNTH-004189,Mary Miller,life,518853.59,4,1,119,1,high_value,0
SYNTH-004190,Elena Nakamura,travel,29646.42,1,1,145,1,simple,0
SYNTH-004191,Joseph Kim,home,84900.82,2,1,106,3,simple,0
SYNTH-004192,Linda Martinez,home,70073.89,1,1,8,2,simple,0
SYNTH-004193,Susan Novak,business,246506.31,3,1,116,0,high_value,0
SYNTH-004194,Susan Silva,home,57728.68,1,1,103,0,simple,0
SYNTH-004195,Robert Sharma,motor,9131.9,1,1,132,0,simple,0
SYNTH-004196,Patricia Khan,travel,36517.94,2,1,35,0,simple,0
SYNTH-004197,Jennifer Jones,home,65335.87,4,1,31,3,complex,0
SYNTH-004198,Arjun Miller,business,270143.87,1,1,4,0,high_value,0
SYNTH-004199,Arjun Khan,business,253671.14,2,0,177,0,high_value,0
SYNTH-004200,Linda Davis,business,196548.99,3,1,47,1,simple,0
SYNTH-004201,Barbara Williams,life,353291.72,4,1,143,1,high_value,0
SYNTH-004202,Fatima Silva,home,58980.58,2,1,7,3,simple,0
SYNTH-004203,Elizabeth Nakamura,travel,32584.2,2,0,163,0,simple,0
SYNTH-004204,Barbara Khan,travel,24337.52,6,1,119,1,complex,0
SYNTH-004205,William Brown,home,93462.12,1,1,136,3,simple,0
SYNTH-004206,Jennifer Williams,travel,10084.27,6,0,39,0,simple,0
SYNTH-004207,Sofia Martinez,home,140935.46,4,1,127,0,complex,0
SYNTH-004208,Liam Novak,health,50331.89,2,1,253,2,simple,0
SYNTH-004209,Arjun Miller,travel,17366.57,2,1,63,1,simple,0
SYNTH-004210,Robert Jones,business,165064.9,5,1,42,1,complex,1
SYNTH-004211,Michael Smith,home,96153.49,6,1,101,1,complex,0
SYNTH-004212,Kenji Smith,life,693975.68,4,1,16,2,high_value,0
SYNTH-004213,Jennifer Brown,home,146579.7,3,1,40,1,simple,0
SYNTH-004214,Patricia Nakamura,home,51299.53,1,1,270,0,simple,0
SYNTH-004215,David Nakamura,travel,25099.67,5,1,103,3,complex,1
SYNTH-004216,Robert Jones,life,128028.85,1,1,575,2,simple,0
SYNTH-004217,Fatima Johnson,life,253956.47,5,1,174,2,high_value,0
SYNTH-004218,Susan Davis,health,48743.37,4,1,189,3,complex,0
SYNTH-004219,Jessica Kim,travel,14732.48,3,1,111,1,simple,1
SYNTH-004220,Richard Brown,home,42975.07,2,0,26,0,simple,0
SYNTH-004221,Elena Khan,motor,50213.15,9,1,13,1,complex,0
SYNTH-004222,Susan Martinez,health,49585.68,5,1,139,2,complex,0
SYNTH-004223,Arjun Nakamura,life,426988.63,5,1,270,1,high_value,0
SYNTH-004224,Fatima Khan,life,375623.97,2,1,4,5,high_value,0
SYNTH-004225,David Khan,business,406167.63,1,1,420,4,high_value,0
SYNTH-004226,Joseph Nakamura,home,127143.38,2,1,23,1,simple,0
SYNTH-004227,Michael Sharma,motor,24917.57,5,1,124,0,complex,0
SYNTH-004228,John Miller,health,55007.41,1,1,59,1,simple,0
SYNTH-004229,Arjun Nakamura,motor,49403.63,2,1,91,0,simple,0
SYNTH-004230,Fatima Smith,travel,31472.76,3,0,67,0,simple,0
SYNTH-004231,William Khan,motor,18934.98,3,1,12,0,simple,0
SYNTH-004232,Liam Novak,motor,36007.27,1,1,18,1,simple,0
SYNTH-004233,Patricia Rodriguez,motor,64342.32,2,1,120,2,simple,0
SYNTH-004234,Fatima Sharma,business,309224.05,2,1,136,0,high_value,0
SYNTH-004235,James Sharma,life,195808.55,3,0,221,1,simple,1
SYNTH-004236,Patricia Costa,motor,31096.69,4,1,21,1,complex,0
SYNTH-004237,Mary Johnson,life,655601.68,2,0,145,0,high_value,0
SYNTH-004238,John Martinez,health,95606.56,4,1,0,0,complex,0
SYNTH-004239,William Davis,life,489926.43,4,1,100,1,high_value,0
SYNTH-004240,Omar Smith,travel,17259.08,4,1,182,2,complex,0
SYNTH-004241,Mary Nakamura,travel,35731.81,4,1,2,0,complex,0
SYNTH-004242,Elena Kim,business,271217.0,1,1,119,1,high_value,0
SYNTH-004243,Robert Silva,health,22626.47,2,1,16,1,simple,0
SYNTH-004244,John Khan,home,115368.44,4,1,1,1,complex,0
SYNTH-004245,Mary Johnson,motor,22084.44,2,1,80,2,simple,1
SYNTH-004246,David Sharma,life,494170.59,1,1,36,2,high_value,0
SYNTH-004247,Jennifer Martinez,business,202897.6,6,0,282,0,high_value,0
SYNTH-004248,Richard Silva,business,325665.14,4,0,211,2,high_value,0
SYNTH-004249,Kenji Jones,travel,14240.19,2,0,19,6,simple,0
SYNTH-004250,Linda Miller,health,108982.23,2,0,70,4,simple,0
SYNTH-004251,William Johnson,business,460067.15,3,1,209,0,high_value,0
SYNTH-004252,Robert Garcia,health,90265.88,2,1,97,0,simple,0
SYNTH-004253,James Brown,business,287742.65,6,1,52,1,high_value,0
SYNTH-004254,Patricia Miller,business,264691.9,2,1,58,0,high_value,0
SYNTH-004255,Michael Davis,motor,73239.4,3,1,13,0,simple,0
SYNTH-004256,Patricia Miller,business,228485.19,8,1,21,1,high_value,0
SYNTH-004257,Susan Martinez,life,764580.7,2,1,82,2,high_value,0
SYNTH-004258,Elizabeth Martinez,motor,87784.88,6,0,73,0,complex,0
SYNTH-004259,Fatima Costa,home,101664.1,4,1,217,1,complex,0
SYNTH-004260,Kenji Khan,travel,45426.4,3,1,52,1,simple,0
SYNTH-004261,Sofia Davis,life,440631.43,7,1,413,1,high_value,0
SYNTH-004262,Jennifer Novak,motor,54506.0,5,1,62,2,complex,0
SYNTH-004263,Amara Garcia,life,206429.76,4,1,14,0,high_value,0
SYNTH-004264,Fatima Williams,travel,15130.78,3,1,401,7,simple,0
SYNTH-004265,Barbara Davis,motor,39035.82,5,1,491,0,complex,0
SYNTH-004266,Elizabeth Brown,business,229447.26,3,1,22,1,high_value,0
SYNTH-004267,Richard Khan,motor,41473.18,2,1,50,0,simple,0
SYNTH-004268,William Nakamura,life,409021.33,5,1,113,0,high_value,0
SYNTH-004269,Arjun Silva,travel,28358.06,5,1,26,2,complex,0
SYNTH-004270,David Davis,life,617229.71,1,1,99,2,high_value,0
SYNTH-004271,Richard Novak,life,231450.66,3,1,42,3,high_value,0
SYNTH-004272,Jennifer Kim,home,93876.44,2,1,26,1,simple,0
SYNTH-004273,Sofia Davis,business,444707.7,4,1,36,1,high_value,0
SYNTH-004274,Arjun Sharma,motor,20053.47,4,1,23,1,complex,0
SYNTH-004275,Susan Brown,home,37011.69,5,1,12,2,complex,0
SYNTH-004276,Fatima Davis,travel,24902.29,4,1,114,0,complex,0
SYNTH-004277,Liam Williams,home,33414.14,2,1,126,0,simple,0
SYNTH-004278,Priya Williams,travel,28127.56,4,0,288,2,complex,0
SYNTH-004279,Amara Kim,health,90093.25,4,1,18,0,complex,0
SYNTH-004280,Richard Johnson,health,106442.11,1,0,48,4,simple,0
SYNTH-004281,Patricia Rodriguez,travel,9795.4,1,1,74,1,simple,0
SYNTH-004282,Amara Smith,home,45094.66,3,1,136,2,simple,0
SYNTH-004283,Michael Brown,home,63657.88,4,1,232,3,complex,0
SYNTH-004284,Michael Martinez,life,560126.08,2,1,159,0,high_value,0
SYNTH-004285,Robert Garcia,travel,35643.36,1,1,56,0,simple,0
SYNTH-004286,Michael Miller,travel,37173.61,4,1,150,1,complex,0
SYNTH-004287,Omar Martinez,home,138524.33,7,0,117,1,complex,0
SYNTH-004288,Liam Williams,health,60964.4,2,1,28,0,simple,0
SYNTH-004289,Richard Martinez,business,274046.09,4,0,239,1,high_value,0
SYNTH-004290,Liam Smith,home,71979.64,3,1,195,1,simple,0
SYNTH-004291,Linda Brown,travel,26127.73,2,1,33,0,simple,0
SYNTH-004292,Omar Smith,health,76106.76,5,0,106,0,complex,0
SYNTH-004293,William Johnson,health,33512.52,4,1,246,0,complex,0
SYNTH-004294,Michael Novak,health,40758.37,4,1,121,4,complex,0
SYNTH-004295,Liam Rodriguez,business,295843.74,5,1,46,1,high_value,0
SYNTH-004296,Arjun Rodriguez,home,79808.4,2,1,216,1,simple,0
SYNTH-004297,Jessica Miller,health,97447.47,3,1,216,1,simple,0
SYNTH-004298,Patricia Nakamura,health,109242.04,1,0,8,0,simple,0
SYNTH-004299,Liam Williams,health,19256.78,3,1,18,3,simple,0
SYNTH-004300,Jennifer Johnson,health,60089.72,3,0,106,1,simple,0
SYNTH-004301,Susan Brown,life,304010.36,1,1,9,3,high_value,0
SYNTH-004302,John Johnson,travel,10175.9,6,1,5,1,complex,0
SYNTH-004303,Michael Rodriguez,life,598727.86,3,1,281,1,high_value,0
SYNTH-004304,William Jones,home,73890.25,3,1,28,3,simple,0
SYNTH-004305,Amara Novak,health,73394.63,1,1,48,0,simple,0
SYNTH-004306,Fatima Brown,home,126356.89,2,1,1,0,simple,0
SYNTH-004307,Omar Novak,life,300034.31,4,1,26,3,high_value,0
SYNTH-004308,Patricia Miller,health,35222.71,2,1,123,1,simple,0
SYNTH-004309,James Jones,life,286006.52,1,1,603,0,high_value,0
SYNTH-004310,Priya Williams,motor,15346.76,3,1,2,0,simple,1
SYNTH-004311,Sofia Martinez,motor,50028.75,4,0,72,2,complex,0
SYNTH-004312,Elena Miller,motor,43706.95,4,0,19,0,complex,0
SYNTH-004313,Elizabeth Silva,travel,13374.44,5,1,311,1,complex,0
SYNTH-004314,John Johnson,life,950951.81,4,1,445,1,high_value,0
SYNTH-004315,Richard Brown,business,346344.32,5,1,149,0,high_value,0
SYNTH-004316,Patricia Khan,home,53127.7,3,1,194,0,simple,0
SYNTH-004317,David Miller,motor,26166.29,5,1,22,1,complex,0
SYNTH-004318,Liam Garcia,motor,49605.34,2,0,98,1,simple,0
SYNTH-004319,David Garcia,travel,33226.82,5,0,32,0,complex,0
SYNTH-004320,John Smith,motor,25418.45,4,1,387,0,complex,0
SYNTH-004321,John Kim,life,499285.81,8,1,36,2,high_value,0
SYNTH-004322,Priya Khan,home,115089.38,3,1,117,1,simple,0
SYNTH-004323,Wei Davis,travel,16230.91,6,1,27,2,complex,0
SYNTH-004324,Amara Sharma,health,58207.38,1,0,200,0,simple,0
SYNTH-004325,Michael Khan,travel,15396.31,3,1,38,2,simple,0
SYNTH-004326,Jennifer Kim,motor,71295.17,1,1,422,0,simple,0
SYNTH-004327,Robert Khan,business,585608.13,2,1,87,2,high_value,0
SYNTH-004328,Jessica Smith,travel,10390.81,2,1,693,0,simple,0
SYNTH-004329,William Brown,business,186949.41,2,0,13,0,simple,0
SYNTH-004330,Susan Garcia,life,165686.65,7,0,187,1,complex,0
SYNTH-004331,Omar Brown,motor,68985.97,2,0,166,1,simple,0
SYNTH-004332,Susan Johnson,health,47007.47,3,0,31,1,simple,0
SYNTH-004333,Jessica Jones,business,271196.67,1,1,22,0,high_value,0
SYNTH-004334,Priya Brown,home,51628.17,3,0,407,2,simple,0
SYNTH-004335,Linda Jones,health,57555.04,3,1,189,1,simple,0
SYNTH-004336,James Rodriguez,home,97567.93,2,0,197,1,simple,0
SYNTH-004337,Wei Martinez,travel,39990.28,5,1,8,1,complex,0
SYNTH-004338,Arjun Rodriguez,health,62337.27,4,0,25,0,complex,0
SYNTH-004339,Omar Brown,travel,34888.01,6,1,59,0,complex,0
SYNTH-004340,Elena Sharma,business,299761.93,3,0,86,1,high_value,0
SYNTH-004341,Robert Garcia,life,560864.97,4,1,36,2,high_value,0
SYNTH-004342,Omar Silva,business,196549.83,1,1,313,1,simple,0
SYNTH-004343,Jessica Johnson,motor,30398.51,1,0,110,2,simple,0
SYNTH-004344,Arjun Smith,home,56990.98,1,1,60,3,simple,1
SYNTH-004345,Amara Sharma,health,74451.71,3,0,0,1,simple,0
SYNTH-004346,Robert Costa,life,573253.17,5,1,114,0,high_value,0
SYNTH-004347,Susan Kim,health,49703.11,4,1,281,1,complex,0
SYNTH-004348,Jennifer Williams,motor,6123.69,3,1,94,0,simple,0
SYNTH-004349,James Nakamura,business,361346.82,4,1,103,2,high_value,0
SYNTH-004350,Sofia Smith,life,342851.46,2,1,22,2,high_value,0
SYNTH-004351,Patricia Jones,business,398886.42,3,1,109,1,high_value,0
SYNTH-004352,Amara Kim,health,59265.48,3,1,116,3,simple,0
SYNTH-004353,Richard Smith,motor,29006.01,2,1,61,0,simple,0
SYNTH-004354,Jessica Khan,motor,31313.55,2,1,16,2,simple,0
SYNTH-004355,Elena Rodriguez,home,57095.59,4,1,234,1,complex,1
SYNTH-004356,Wei Silva,life,355558.35,3,1,210,1,high_value,0
SYNTH-004357,Robert Costa,home,96143.17,5,1,224,3,complex,0
SYNTH-004358,Kenji Johnson,home,13304.01,3,1,42,1,simple,0
SYNTH-004359,Elena Rodriguez,travel,25445.37,5,1,58,1,complex,0
SYNTH-004360,Joseph Silva,motor,35597.85,4,1,5,3,complex,0
SYNTH-004361,Elizabeth Johnson,health,28659.52,3,1,171,0,simple,0
SYNTH-004362,Michael Novak,life,566438.67,2,1,41,0,high_value,0
SYNTH-004363,Richard Martinez,business,577231.93,2,1,80,1,high_value,0
SYNTH-004364,Jennifer Sharma,motor,61906.95,1,1,207,2,simple,0
SYNTH-004365,Robert Rodriguez,health,74527.5,1,1,122,1,simple,0
SYNTH-004366,William Williams,life,223813.3,3,1,14,3,high_value,0
SYNTH-004367,David Davis,travel,15450.15,4,1,36,1,complex,0
SYNTH-004368,Joseph Martinez,travel,39365.19,2,1,0,3,simple,0
SYNTH-004369,Fatima Nakamura,home,157200.86,2,1,163,1,simple,0
SYNTH-004370,Linda Miller,health,28141.53,1,1,83,3,simple,0
SYNTH-004371,Wei Martinez,life,353142.76,10,1,5,0,high_value,0
SYNTH-004372,Sofia Jones,motor,62459.6,3,1,207,2,simple,0
SYNTH-004373,Robert Silva,home,151033.57,3,1,630,2,simple,0
SYNTH-004374,John Kim,travel,18810.77,5,1,75,0,complex,0
SYNTH-004375,Robert Jones,life,468889.78,2,0,86,0,high_value,0
SYNTH-004376,Elena Garcia,health,36752.25,4,1,81,0,complex,0
SYNTH-004377,Richard Nakamura,health,105760.9,1,1,0,3,simple,0
SYNTH-004378,Richard Davis,home,54283.21,4,1,19,1,complex,0
SYNTH-004379,Patricia Davis,life,289964.88,2,1,83,1,high_value,0
SYNTH-004380,Barbara Smith,home,102663.14,2,1,5,2,high_value,0
SYNTH-004381,Mary Brown,life,677546.42,3,1,134,0,high_value,0
SYNTH-004382,Linda Novak,home,111108.2,2,1,155,0,simple,0
SYNTH-004383,Sofia Smith,home,50198.56,1,1,163,3,simple,1
SYNTH-004384,Richard Jones,life,233283.77,4,1,19,1,high_value,0
SYNTH-004385,William Novak,life,145228.66,4,1,456,2,complex,0
SYNTH-004386,Elizabeth Smith,health,61165.21,1,1,4,3,simple,0
SYNTH-004387,Robert Davis,business,478734.37,5,1,65,4,high_value,0
SYNTH-004388,Michael Jones,health,45331.62,1,1,155,0,simple,0
SYNTH-004389,Joseph Kim,business,398015.02,2,1,45,4,high_value,0
SYNTH-004390,Joseph Martinez,home,71710.82,5,1,402,2,complex,0
SYNTH-004391,Elizabeth Khan,life,317726.08,2,1,243,2,high_value,0
SYNTH-004392,John Kim,life,248601.29,3,1,324,0,high_value,0
SYNTH-004393,Mary Khan,travel,27557.89,2,1,317,2,simple,0
SYNTH-004394,John Jones,life,220784.89,2,1,5,3,high_value,0
SYNTH-004395,Amara Sharma,health,87187.64,4,1,94,3,complex,0
SYNTH-004396,Kenji Johnson,travel,10504.46,4,1,29,1,complex,0
SYNTH-004397,Jessica Kim,life,490610.62,3,0,48,1,high_value,0
SYNTH-004398,Michael Sharma,health,94354.53,2,1,0,1,simple,0
SYNTH-004399,Arjun Khan,life,109883.25,4,0,9,0,complex,0
SYNTH-004400,Sofia Costa,home,166260.25,3,1,44,2,simple,0
SYNTH-004401,Jessica Williams,business,370654.39,3,1,168,2,high_value,0
SYNTH-004402,James Johnson,health,71185.4,2,1,122,0,simple,0
SYNTH-004403,Elena Davis,health,122442.63,1,1,523,2,simple,0
SYNTH-004404,Linda Williams,home,38545.49,2,1,298,1,simple,0
SYNTH-004405,Sofia Costa,life,738004.66,1,0,95,2,high_value,0
SYNTH-004406,Elena Rodriguez,travel,12973.74,3,1,64,2,simple,0
SYNTH-004407,Jessica Silva,health,124630.39,2,1,66,1,simple,0
SYNTH-004408,Michael Costa,motor,44503.15,3,1,532,3,simple,0
SYNTH-004409,James Nakamura,life,483566.9,1,0,82,1,high_value,0
SYNTH-004410,Susan Kim,motor,37068.77,4,1,113,3,complex,0
SYNTH-004411,Jessica Garcia,life,457917.46,8,1,99,2,high_value,0
SYNTH-004412,Linda Novak,motor,28214.16,2,1,51,3,simple,0
SYNTH-004413,Wei Novak,motor,71459.67,2,1,8,1,simple,0
SYNTH-004414,Susan Garcia,travel,12203.55,5,1,110,3,complex,0
SYNTH-004415,Barbara Brown,life,434039.05,4,1,413,1,high_value,0
SYNTH-004416,Susan Jones,health,32614.19,3,1,85,1,simple,0
SYNTH-004417,Patricia Jones,home,104527.51,5,1,56,1,complex,0
SYNTH-004418,Joseph Silva,business,533119.78,6,0,158,0,high_value,0
SYNTH-004419,David Smith,business,445920.3,4,1,151,2,high_value,0
SYNTH-004420,William Jones,home,138978.49,4,1,13,0,complex,0
SYNTH-004421,Omar Khan,health,122123.74,2,0,6,2,simple,0
SYNTH-004422,Jessica Kim,health,32322.48,3,1,15,0,simple,0
SYNTH-004423,Liam Smith,home,84203.76,4,1,34,1,complex,0
SYNTH-004424,Joseph Jones,motor,55924.1,2,1,30,0,simple,0
SYNTH-004425,Mary Kim,motor,22016.77,4,0,46,1,complex,0
SYNTH-004426,John Martinez,health,36020.21,4,1,208,1,complex,0
SYNTH-004427,Robert Davis,travel,45980.42,4,1,493,0,complex,0
SYNTH-004428,Mary Rodriguez,life,132294.5,3,1,54,1,simple,0
SYNTH-004429,Elena Kim,motor,48838.67,1,0,151,1,simple,0
SYNTH-004430,Robert Costa,health,72377.66,2,1,161,2,simple,0
SYNTH-004431,Omar Jones,travel,31469.55,1,1,131,1,simple,0
SYNTH-004432,Kenji Costa,health,46669.27,4,1,23,0,complex,0
SYNTH-004433,William Miller,motor,39447.82,6,1,127,0,complex,0
SYNTH-004434,Liam Nakamura,life,400218.41,2,1,30,1,high_value,0
SYNTH-004435,Amara Nakamura,health,65836.06,2,1,469,2,simple,0
SYNTH-004436,Richard Smith,travel,21298.68,3,1,10,0,simple,0
SYNTH-004437,Susan Jones,motor,34569.12,2,1,60,2,simple,0
SYNTH-004438,Fatima Johnson,health,40009.72,2,1,51,0,simple,0
SYNTH-004439,Elena Williams,health,114842.48,1,1,69,2,simple,0
SYNTH-004440,James Williams,home,47477.11,1,1,137,1,simple,0
SYNTH-004441,Barbara Costa,health,87401.69,7,1,28,0,complex,0
SYNTH-004442,Mary Miller,business,165194.7,1,1,65,0,simple,0
SYNTH-004443,Kenji Johnson,home,139131.36,4,1,123,1,complex,0
SYNTH-004444,William Davis,motor,56907.28,3,1,83,1,simple,0
SYNTH-004445,John Miller,health,32384.66,1,1,33,0,simple,0
SYNTH-004446,Priya Miller,motor,30292.26,3,1,43,2,simple,0
SYNTH-004447,Michael Johnson,travel,28480.5,5,1,93,2,complex,0
SYNTH-004448,David Nakamura,home,102155.05,2,1,33,2,simple,0
SYNTH-004449,Arjun Rodriguez,motor,47084.7,2,1,127,2,simple,0
SYNTH-004450,Joseph Brown,health,72401.03,1,0,22,1,simple,1
SYNTH-004451,Amara Miller,travel,21548.62,3,1,32,3,simple,0
SYNTH-004452,Priya Nakamura,travel,13649.42,2,1,400,1,simple,0
SYNTH-004453,John Novak,travel,25128.54,1,1,211,1,simple,0
SYNTH-004454,Michael Miller,travel,12769.86,1,1,84,2,simple,0
SYNTH-004455,David Smith,life,231379.0,1,1,177,1,high_value,0
SYNTH-004456,William Khan,motor,12704.89,5,1,35,1,complex,0
SYNTH-004457,Joseph Jones,business,231124.85,4,1,35,0,high_value,0
SYNTH-004458,Linda Costa,home,73987.13,2,1,1,3,simple,0
SYNTH-004459,Patricia Kim,life,319528.17,4,1,52,2,high_value,0
SYNTH-004460,David Rodriguez,business,343481.91,3,1,366,0,high_value,0
SYNTH-004461,James Miller,travel,44303.94,2,1,68,0,simple,0
SYNTH-004462,Joseph Garcia,health,127762.29,2,1,208,2,simple,0
SYNTH-004463,Sofia Davis,travel,13378.66,4,1,104,1,complex,0
SYNTH-004464,Amara Johnson,motor,19932.7,6,1,36,0,complex,0
SYNTH-004465,Elizabeth Silva,life,730343.82,3,1,48,0,high_value,0
SYNTH-004466,Michael Smith,health,94226.35,2,1,248,2,high_value,0
SYNTH-004467,Kenji Smith,home,146159.58,6,1,27,0,complex,0
SYNTH-004468,Amara Garcia,business,213718.67,1,1,3,3,high_value,0
SYNTH-004469,Elena Brown,travel,14330.08,3,1,4,0,simple,0
SYNTH-004470,Robert Novak,health,85119.74,3,1,12,2,simple,0
SYNTH-004471,Wei Johnson,business,201379.59,4,1,0,2,high_value,1
SYNTH-004472,Robert Rodriguez,health,49066.57,2,1,32,0,simple,0
SYNTH-004473,Liam Johnson,life,491026.67,3,1,49,2,high_value,0
SYNTH-004474,Liam Kim,motor,22266.78,1,1,218,0,simple,0
SYNTH-004475,Amara Silva,travel,10488.87,3,0,94,0,simple,0
SYNTH-004476,Richard Khan,health,62620.48,1,1,54,2,simple,0
SYNTH-004477,Elena Kim,business,173132.03,5,1,141,1,complex,0
SYNTH-004478,Richard Costa,travel,14824.36,1,1,65,4,simple,0
SYNTH-004479,Wei Khan,life,440546.65,3,1,45,4,high_value,1
SYNTH-004480,Robert Nakamura,life,349245.99,2,1,237,2,high_value,0
SYNTH-004481,Michael Garcia,business,285701.98,3,1,18,1,high_value,0
SYNTH-004482,Linda Smith,life,189539.52,2,1,17,1,simple,0
SYNTH-004483,Linda Silva,travel,9823.82,2,0,203,2,simple,0
SYNTH-004484,Fatima Brown,health,82176.29,5,1,85,1,complex,0
SYNTH-004485,Patricia Johnson,health,27752.9,3,1,165,0,simple,0
SYNTH-004486,James Smith,health,31779.08,2,1,255,1,simple,0
SYNTH-004487,Amara Miller,home,12548.32,1,0,10,2,simple,0
SYNTH-004488,Joseph Miller,business,390903.25,1,1,122,1,high_value,0
SYNTH-004489,Barbara Novak,life,560710.09,4,1,61,0,high_value,0
SYNTH-004490,Jessica Williams,health,7895.94,1,1,28,2,simple,0
SYNTH-004491,Susan Nakamura,motor,53466.81,2,1,156,1,simple,0
SYNTH-004492,Michael Williams,motor,25262.43,8,1,202,0,complex,0
SYNTH-004493,Barbara Jones,travel,5637.29,2,1,471,3,simple,0
SYNTH-004494,Fatima Garcia,home,61089.24,3,0,58,0,simple,0
SYNTH-004495,Omar Johnson,business,321163.84,2,1,57,0,high_value,1
SYNTH-004496,Arjun Nakamura,business,495963.8,1,1,90,2,high_value,0
SYNTH-004497,Omar Smith,business,460642.07,1,0,16,1,high_value,0
SYNTH-004498,Robert Novak,motor,64153.04,1,0,31,1,complex,0
SYNTH-004499,Sofia Miller,health,115372.18,4,1,402,0,complex,0
SYNTH-004500,Michael Nakamura,life,484571.33,1,1,120,3,high_value,0
SYNTH-004501,James Williams,home,146676.24,5,1,111,1,complex,0
SYNTH-004502,Wei Davis,health,69437.02,4,0,38,1,simple,0
SYNTH-004503,Omar Martinez,health,129023.76,4,1,66,3,complex,0
SYNTH-004504,Linda Sharma,home,66016.16,6,1,116,1,complex,0
SYNTH-004505,Wei Garcia,business,682385.5,1,1,5,1,high_value,0
SYNTH-004506,William Davis,home,39165.31,5,1,11,2,complex,0
SYNTH-004507,Susan Nakamura,business,243749.71,4,1,176,3,high_value,0
SYNTH-004508,Omar Williams,life,436135.06,6,1,4,2,high_value,0
SYNTH-004509,John Khan,life,978749.43,1,1,86,0,high_value,1
SYNTH-004510,William Kim,home,163674.91,3,1,42,1,simple,0
SYNTH-004511,John Johnson,health,47306.24,1,1,42,1,simple,0
SYNTH-004512,Kenji Davis,motor,28443.75,4,1,126,2,complex,0
SYNTH-004513,Wei Kim,health,96258.88,2,1,69,0,simple,0
SYNTH-004514,Fatima Brown,home,99622.67,6,1,157,0,complex,0
SYNTH-004515,Jessica Silva,business,289769.96,2,1,22,2,high_value,0
SYNTH-004516,Patricia Nakamura,business,491680.84,3,1,317,4,high_value,0
SYNTH-004517,Jessica Novak,travel,16820.1,1,1,156,0,simple,0
SYNTH-004518,Omar Miller,travel,7416.17,8,1,198,2,complex,0
SYNTH-004519,Liam Khan,travel,33929.89,2,1,1,0,simple,0
SYNTH-004520,Omar Garcia,health,47256.42,5,0,179,1,complex,0
SYNTH-004521,Susan Silva,travel,17050.2,4,1,22,0,complex,0
SYNTH-004522,Fatima Miller,travel,6979.92,1,1,97,1,simple,0
SYNTH-004523,David Garcia,travel,24379.83,5,1,2,2,complex,0
SYNTH-004524,Amara Smith,life,87584.95,3,1,236,0,simple,0
SYNTH-004525,Fatima Brown,travel,15294.73,2,1,233,0,simple,0
SYNTH-004526,Robert Silva,life,216658.31,5,1,53,4,high_value,0
SYNTH-004527,James Miller,motor,45265.92,2,1,242,2,simple,0
SYNTH-004528,James Williams,home,120681.76,2,1,272,2,simple,1
SYNTH-004529,Patricia Nakamura,business,683382.44,5,1,61,2,high_value,0
SYNTH-004530,Robert Khan,motor,19526.43,1,1,66,1,simple,0
SYNTH-004531,John Brown,travel,4701.7,4,1,22,2,complex,0
SYNTH-004532,Mary Smith,motor,70519.7,4,1,6,2,high_value,0
SYNTH-004533,Sofia Garcia,business,237887.54,3,1,125,0,high_value,0
SYNTH-004534,Barbara Kim,home,50900.67,3,1,53,2,simple,0
SYNTH-004535,Fatima Miller,health,38269.92,2,1,51,4,simple,0
SYNTH-004536,Sofia Smith,health,125527.37,4,0,21,1,complex,0
SYNTH-004537,Jessica Rodriguez,health,68676.68,4,1,268,2,complex,0
SYNTH-004538,Sofia Khan,life,708304.6,5,1,21,2,high_value,0
SYNTH-004539,Susan Miller,life,772064.59,3,1,43,3,high_value,0
SYNTH-004540,James Novak,health,69045.5,5,1,105,1,simple,0
SYNTH-004541,Omar Garcia,business,328970.57,3,1,34,1,high_value,0
SYNTH-004542,Omar Kim,travel,13134.76,1,1,16,2,simple,0
SYNTH-004543,Elizabeth Smith,motor,35555.62,1,1,104,3,simple,0
SYNTH-004544,John Rodriguez,business,319439.9,5,1,56,0,high_value,0
SYNTH-004545,Susan Novak,motor,26224.93,4,1,131,1,complex,0
SYNTH-004546,Omar Miller,motor,34486.24,3,0,60,1,simple,0
SYNTH-004547,William Sharma,motor,56755.65,5,1,165,0,complex,0
SYNTH-004548,Arjun Silva,business,207624.89,8,0,13,2,high_value,0
SYNTH-004549,William Costa,motor,58978.79,3,1,29,1,simple,0
SYNTH-004550,Liam Khan,life,75340.1,8,1,54,3,complex,0
SYNTH-004551,Susan Novak,business,393231.99,2,1,173,0,high_value,0
SYNTH-004552,David Davis,life,356630.82,1,1,315,0,high_value,0
SYNTH-004553,Barbara Costa,life,806188.05,1,0,134,2,high_value,0
SYNTH-004554,Linda Garcia,travel,44223.28,3,0,39,1,simple,0
SYNTH-004555,Liam Rodriguez,business,264866.32,4,1,353,1,high_value,0
SYNTH-004556,Wei Sharma,motor,46730.83,1,1,38,2,simple,0
SYNTH-004557,David Johnson,home,157879.82,2,0,8,0,high_value,0
SYNTH-004558,Richard Kim,motor,51317.96,1,1,107,2,simple,0
SYNTH-004559,Jennifer Miller,life,248467.07,5,1,289,2,complex,0
SYNTH-004560,Kenji Novak,home,80969.15,3,0,303,1,simple,0
SYNTH-004561,Omar Khan,life,78532.5,3,1,11,1,simple,0
SYNTH-004562,James Williams,business,325789.06,3,1,26,0,high_value,0
SYNTH-004563,Barbara Johnson,travel,27730.27,4,0,9,4,complex,0
SYNTH-004564,David Smith,business,547248.04,5,0,241,1,high_value,1
SYNTH-004565,David Davis,business,415167.04,1,1,57,1,high_value,0
SYNTH-004566,Liam Davis,health,118705.8,7,0,114,3,complex,0
SYNTH-004567,David Miller,life,551715.04,3,1,587,4,high_value,0
SYNTH-004568,Robert Davis,health,70737.93,2,1,178,1,simple,0
SYNTH-004569,Jennifer Kim,business,264273.81,2,1,169,1,simple,0
SYNTH-004570,Jennifer Khan,motor,35342.77,5,0,16,2,complex,0
SYNTH-004571,Priya Miller,health,45057.47,3,1,112,0,simple,0
SYNTH-004572,John Rodriguez,home,92455.22,1,1,14,1,simple,0
SYNTH-004573,Sofia Williams,business,532966.37,1,1,111,1,high_value,0
SYNTH-004574,Elizabeth Khan,home,99016.1,3,1,2,1,simple,0
SYNTH-004575,Amara Johnson,motor,32114.88,6,1,63,0,complex,0
SYNTH-004576,Susan Kim,travel,8438.19,2,0,43,3,simple,0
SYNTH-004577,Robert Williams,life,854277.06,6,1,251,2,high_value,0
SYNTH-004578,Kenji Garcia,business,269413.36,5,1,63,3,high_value,0
SYNTH-004579,James Costa,travel,22365.85,5,1,31,2,complex,0
SYNTH-004580,Joseph Nakamura,motor,71237.0,2,1,213,1,simple,0
SYNTH-004581,Fatima Davis,life,359337.24,4,0,76,2,high_value,0
SYNTH-004582,Linda Sharma,health,71092.27,5,1,523,0,complex,1
SYNTH-004583,David Johnson,health,56001.76,2,1,160,1,simple,0
SYNTH-004584,Robert Jones,business,198185.01,3,1,66,0,simple,0
SYNTH-004585,Omar Brown,business,429544.86,4,1,327,1,high_value,0
SYNTH-004586,Elena Costa,life,328815.73,1,1,89,2,high_value,0
SYNTH-004587,John Martinez,home,127258.73,4,1,143,2,high_value,0
SYNTH-004588,Linda Nakamura,business,133214.6,3,1,347,2,simple,0
SYNTH-004589,Jennifer Davis,motor,84233.54,6,1,2,0,complex,0
SYNTH-004590,Barbara Kim,health,58512.71,5,1,304,1,complex,0
SYNTH-004591,Amara Sharma,travel,31957.29,3,1,88,3,simple,0
SYNTH-004592,Michael Williams,motor,52848.74,5,1,1,1,complex,0
SYNTH-004593,Susan Khan,home,84564.77,1,1,79,1,simple,0
SYNTH-004594,Sofia Garcia,life,293946.21,1,1,266,1,high_value,1
SYNTH-004595,Sofia Brown,business,334356.86,3,1,75,2,high_value,0
SYNTH-004596,Liam Kim,motor,33894.4,5,0,40,3,complex,0
SYNTH-004597,Omar Williams,home,111305.53,1,0,63,1,simple,0
SYNTH-004598,Susan Jones,travel,13007.83,3,1,18,0,simple,0
SYNTH-004599,Jessica Davis,business,550252.82,2,1,413,0,high_value,0
SYNTH-004600,Richard Williams,home,134009.35,1,1,36,1,simple,0
SYNTH-004601,Jessica Brown,motor,36274.15,5,1,146,1,complex,0
SYNTH-004602,Jessica Smith,health,47322.67,1,1,53,0,simple,0
SYNTH-004603,Wei Williams,travel,18390.84,7,1,34,1,complex,0
SYNTH-004604,Mary Smith,motor,23004.65,3,1,0,1,simple,0
SYNTH-004605,Omar Costa,life,221449.46,6,0,143,0,high_value,0
SYNTH-004606,Michael Martinez,life,239728.84,1,1,74,2,high_value,1
SYNTH-004607,Priya Nakamura,business,209124.18,2,1,93,1,high_value,0
SYNTH-004608,William Smith,travel,19195.79,3,1,274,1,high_value,0
SYNTH-004609,Liam Kim,home,25198.67,3,1,9,1,simple,0
SYNTH-004610,Kenji Jones,business,406352.83,5,1,213,0,high_value,0
SYNTH-004611,John Davis,life,594638.27,3,1,123,1,high_value,0
SYNTH-004612,Elena Sharma,home,120238.13,6,1,114,1,complex,0
SYNTH-004613,Arjun Martinez,health,17037.93,4,1,74,0,complex,0
SYNTH-004614,Arjun Garcia,life,211362.25,1,0,1,0,high_value,0
SYNTH-004615,Kenji Miller,motor,63211.32,1,1,357,1,simple,0
SYNTH-004616,Priya Brown,business,130902.7,2,1,30,2,simple,0
SYNTH-004617,James Davis,business,242330.18,2,1,5,1,high_value,0
SYNTH-004618,Amara Novak,home,76793.27,1,1,105,2,simple,0
SYNTH-004619,Priya Martinez,life,390389.29,1,1,93,0,high_value,0
SYNTH-004620,James Khan,business,318660.44,4,1,0,2,high_value,0
SYNTH-004621,Mary Novak,life,772510.86,5,0,20,1,high_value,0
SYNTH-004622,Barbara Smith,health,72573.4,3,1,34,2,simple,0
SYNTH-004623,Jennifer Miller,business,231380.08,1,1,22,0,high_value,0
SYNTH-004624,Elena Williams,travel,20686.74,1,0,11,2,simple,0
SYNTH-004625,Barbara Silva,home,40960.69,6,1,386,0,complex,0
SYNTH-004626,Richard Brown,home,70372.29,7,1,62,1,complex,0
SYNTH-004627,Joseph Kim,home,47679.68,2,1,13,1,simple,0
SYNTH-004628,Priya Costa,business,305958.23,1,1,193,1,high_value,0
SYNTH-004629,Barbara Nakamura,travel,26822.79,4,1,55,0,complex,0
SYNTH-004630,Elena Kim,health,58174.27,5,0,56,1,complex,0
SYNTH-004631,Joseph Brown,home,110975.97,3,1,121,0,complex,0
SYNTH-004632,Elizabeth Johnson,life,424632.14,2,1,73,1,high_value,0
SYNTH-004633,Amara Martinez,life,297330.02,4,1,102,3,high_value,0
SYNTH-004634,Richard Nakamura,business,528738.45,2,1,92,0,high_value,0
SYNTH-004635,Elizabeth Brown,life,453697.33,6,1,5,1,high_value,0
SYNTH-004636,Elizabeth Garcia,health,23224.82,1,1,321,0,simple,0
SYNTH-004637,Linda Brown,business,323761.6,2,1,96,0,high_value,0
SYNTH-004638,Susan Rodriguez,home,39268.58,4,1,87,0,complex,0
SYNTH-004639,Arjun Nakamura,travel,17510.65,3,0,79,2,simple,0
SYNTH-004640,Richard Davis,home,102822.58,7,1,93,1,complex,1
SYNTH-004641,Wei Davis,health,36392.48,6,0,30,0,complex,0
SYNTH-004642,Barbara Garcia,travel,27022.14,2,1,49,0,simple,0
SYNTH-004643,Wei Brown,business,325047.38,3,1,184,1,high_value,0
SYNTH-004644,David Davis,business,526408.01,1,1,8,2,high_value,0
SYNTH-004645,Kenji Jones,motor,24052.73,4,0,323,2,complex,0
SYNTH-004646,Priya Garcia,home,81201.67,4,0,178,0,complex,0
SYNTH-004647,Arjun Brown,motor,58369.52,6,1,12,1,complex,1
SYNTH-004648,Sofia Johnson,travel,37863.3,2,1,228,1,simple,0
SYNTH-004649,Omar Costa,travel,31051.71,4,1,46,0,complex,0
SYNTH-004650,Fatima Kim,business,164096.14,2,1,101,4,simple,0
SYNTH-004651,Robert Brown,home,112844.69,1,1,156,1,simple,0
SYNTH-004652,Omar Sharma,travel,16578.12,3,0,304,0,simple,0
SYNTH-004653,Arjun Brown,travel,29325.51,3,1,59,3,simple,0
SYNTH-004654,Liam Sharma,health,69300.94,2,1,543,1,simple,0
SYNTH-004655,Patricia Garcia,travel,17831.77,5,1,197,0,complex,0
SYNTH-004656,Joseph Garcia,home,137720.66,5,1,20,3,complex,0
SYNTH-004657,Elizabeth Silva,business,95737.21,3,1,5,0,simple,0
SYNTH-004658,Fatima Miller,life,298614.17,3,1,31,0,high_value,0
SYNTH-004659,Fatima Johnson,home,119191.56,8,1,99,2,complex,0
SYNTH-004660,Patricia Miller,travel,41278.03,4,1,132,1,complex,0
SYNTH-004661,Jessica Khan,business,611558.79,4,1,307,0,high_value,0
SYNTH-004662,Linda Miller,life,360292.44,3,1,17,1,high_value,0
SYNTH-004663,Jessica Costa,travel,8847.29,3,1,258,1,simple,0
SYNTH-004664,Wei Johnson,motor,46706.95,4,1,93,3,simple,0
SYNTH-004665,Elizabeth Khan,life,273188.57,4,1,263,1,high_value,0
SYNTH-004666,Susan Davis,home,44990.92,1,1,15,0,simple,0
SYNTH-004667,Patricia Jones,business,313450.94,1,1,86,2,high_value,0
SYNTH-004668,Sofia Jones,travel,27429.94,3,1,52,6,simple,0
SYNTH-004669,Patricia Kim,life,829562.26,3,1,367,1,high_value,0
SYNTH-004670,David Williams,motor,32811.05,4,0,9,2,complex,0
SYNTH-004671,William Novak,business,377814.75,2,1,8,0,high_value,0
SYNTH-004672,Amara Garcia,travel,9651.68,3,1,68,1,simple,0
SYNTH-004673,Arjun Nakamura,business,509605.22,1,1,73,0,high_value,0
SYNTH-004674,Michael Rodriguez,life,755295.76,1,1,111,0,high_value,0
SYNTH-004675,Mary Davis,motor,58726.8,4,1,36,0,complex,0
SYNTH-004676,Priya Sharma,health,7006.12,2,1,1,0,simple,0
SYNTH-004677,Elizabeth Khan,home,18119.84,1,0,4,2,simple,0
SYNTH-004678,Kenji Johnson,home,135262.69,1,1,180,0,simple,0
SYNTH-004679,Amara Brown,home,135594.5,6,1,0,2,complex,0
SYNTH-004680,Sofia Williams,travel,25256.11,2,1,400,2,simple,0
SYNTH-004681,Michael Novak,travel,10863.02,1,1,42,3,simple,0
SYNTH-004682,Robert Brown,life,252320.37,6,1,188,0,high_value,0
SYNTH-004683,Amara Garcia,travel,27267.07,2,1,25,3,simple,0
SYNTH-004684,William Brown,motor,27903.87,4,0,67,1,complex,0
SYNTH-004685,Linda Johnson,business,451316.82,3,1,344,0,high_value,0
SYNTH-004686,Susan Sharma,travel,31977.0,6,1,142,2,complex,0
SYNTH-004687,Sofia Martinez,motor,34034.36,3,1,170,3,simple,0
SYNTH-004688,William Jones,motor,70094.59,3,1,146,3,simple,0
SYNTH-004689,Omar Khan,business,459498.64,3,1,129,2,high_value,0
SYNTH-004690,Amara Williams,health,75260.28,2,1,128,1,simple,0
SYNTH-004691,David Silva,health,110875.78,2,1,9,1,simple,0
SYNTH-004692,Elizabeth Novak,motor,69831.66,1,0,42,1,simple,0
SYNTH-004693,Michael Kim,motor,44314.25,4,1,9,0,complex,0
SYNTH-004694,David Williams,health,122981.06,3,1,134,0,simple,0
SYNTH-004695,Jennifer Nakamura,business,119189.65,2,1,215,3,simple,0
SYNTH-004696,Sofia Miller,health,34436.64,1,1,10,1,simple,0
SYNTH-004697,Fatima Garcia,motor,40476.54,2,1,51,2,simple,0
SYNTH-004698,Amara Nakamura,health,66744.24,2,1,10,1,simple,0
SYNTH-004699,Jennifer Garcia,travel,7593.04,1,1,297,0,simple,0
SYNTH-004700,Fatima Rodriguez,home,47125.84,4,1,181,0,complex,0
SYNTH-004701,Elena Miller,health,57239.63,3,1,2,0,simple,0
SYNTH-004702,Omar Martinez,home,28955.65,2,1,167,3,simple,0
SYNTH-004703,James Nakamura,life,602191.23,3,1,139,1,high_value,0
SYNTH-004704,Susan Miller,travel,20863.93,1,1,7,3,simple,0
SYNTH-004705,Linda Davis,life,322533.01,2,1,160,0,high_value,0
SYNTH-004706,Kenji Costa,motor,42900.22,1,1,179,1,simple,0
SYNTH-004707,Priya Silva,travel,32279.28,1,1,346,0,simple,0
SYNTH-004708,Arjun Garcia,motor,67149.16,3,1,52,1,simple,0
SYNTH-004709,David Smith,travel,10582.71,6,1,101,2,complex,0
SYNTH-004710,Fatima Khan,travel,41928.91,5,1,281,2,complex,0
SYNTH-004711,Priya Khan,life,192338.86,4,1,110,2,complex,0
SYNTH-004712,Sofia Smith,home,58048.18,2,1,181,4,simple,0
SYNTH-004713,Susan Martinez,life,430671.93,1,1,103,1,high_value,0
SYNTH-004714,Jessica Nakamura,motor,39200.18,3,1,300,0,simple,0
SYNTH-004715,Priya Miller,motor,53197.98,4,0,31,1,complex,0
SYNTH-004716,William Jones,health,72097.89,4,0,315,1,complex,0
SYNTH-004717,Elizabeth Nakamura,home,128815.75,2,1,119,2,simple,0
SYNTH-004718,Fatima Rodriguez,business,265231.48,2,1,5,2,high_value,0
SYNTH-004719,Sofia Smith,travel,22973.86,4,0,64,1,complex,0
SYNTH-004720,Joseph Williams,travel,38695.69,1,1,297,0,simple,0
SYNTH-004721,William Kim,health,55904.17,7,0,195,3,complex,0
SYNTH-004722,Susan Sharma,health,78523.94,2,1,25,2,simple,0
SYNTH-004723,Susan Smith,health,100198.84,3,1,147,0,simple,0
SYNTH-004724,Fatima Garcia,business,274246.69,4,0,31,1,high_value,0
SYNTH-004725,Wei Silva,life,483192.54,4,1,20,1,high_value,0
SYNTH-004726,James Sharma,home,104463.43,5,1,109,4,complex,0
SYNTH-004727,Linda Novak,travel,22174.94,2,1,76,1,simple,0
SYNTH-004728,William Garcia,motor,52911.3,5,1,121,1,complex,0
SYNTH-004729,Fatima Garcia,home,130569.23,1,1,108,2,simple,0
SYNTH-004730,Robert Sharma,motor,25544.58,3,1,77,2,simple,0
SYNTH-004731,David Novak,health,51767.11,3,1,99,0,simple,0
SYNTH-004732,Elizabeth Costa,travel,13803.22,1,1,5,1,simple,0
SYNTH-004733,Sofia Martinez,health,55780.51,4,1,132,0,complex,0
SYNTH-004734,Mary Nakamura,home,43950.37,1,1,36,1,simple,0
SYNTH-004735,John Smith,life,799835.76,2,1,228,4,high_value,1
SYNTH-004736,Richard Sharma,health,27659.21,2,1,12,1,simple,0
SYNTH-004737,Elena Martinez,health,106906.4,1,1,2,3,simple,0
SYNTH-004738,Amara Novak,business,297900.24,3,1,164,1,high_value,0
SYNTH-004739,Michael Nakamura,travel,31574.87,6,1,129,2,complex,0
SYNTH-004740,Susan Miller,motor,34949.93,4,1,136,1,complex,0
SYNTH-004741,William Nakamura,motor,35188.26,2,1,69,2,simple,0
SYNTH-004742,Linda Davis,home,103824.5,2,1,349,1,simple,0
SYNTH-004743,Linda Khan,health,72070.76,4,1,159,2,complex,0
SYNTH-004744,Kenji Johnson,travel,39659.07,2,1,92,0,simple,0
SYNTH-004745,Elizabeth Rodriguez,travel,15901.94,3,1,251,1,simple,0
SYNTH-004746,Susan Jones,motor,71362.77,4,1,58,3,complex,0
SYNTH-004747,Amara Johnson,travel,3342.01,6,1,59,4,complex,0
SYNTH-004748,Wei Novak,home,28997.93,3,1,44,1,simple,0
SYNTH-004749,Barbara Rodriguez,travel,14283.54,4,1,293,1,complex,0
SYNTH-004750,Priya Sharma,business,518358.49,1,1,319,0,high_value,0
SYNTH-004751,Joseph Rodriguez,life,84098.21,1,1,238,2,simple,0
SYNTH-004752,Joseph Silva,health,68928.85,2,1,70,4,simple,0
SYNTH-004753,Jessica Silva,home,146445.64,2,1,111,1,simple,1
SYNTH-004754,Michael Martinez,travel,46497.22,2,1,46,2,simple,0
SYNTH-004755,Sofia Miller,health,76961.77,2,0,77,4,simple,0
SYNTH-004756,Amara Johnson,health,59993.25,1,1,156,2,simple,1
SYNTH-004757,Barbara Nakamura,home,88900.88,1,1,261,2,simple,0
SYNTH-004758,Kenji Rodriguez,motor,54278.15,2,1,106,1,simple,0
SYNTH-004759,Sofia Silva,motor,64302.99,2,1,70,0,simple,0
SYNTH-004760,Liam Jones,motor,26292.06,2,1,70,1,simple,0
SYNTH-004761,Liam Smith,travel,35615.77,1,1,20,0,high_value,0
SYNTH-004762,John Johnson,health,108460.2,5,1,8,2,high_value,0
SYNTH-004763,Liam Khan,business,433144.39,3,1,57,2,high_value,0
SYNTH-004764,Priya Nakamura,travel,21795.65,3,0,309,3,simple,0
SYNTH-004765,David Costa,motor,48371.78,2,1,182,0,simple,0
SYNTH-004766,Richard Silva,life,348394.54,1,1,74,1,high_value,0
SYNTH-004767,John Costa,health,32597.07,5,1,113,0,complex,0
SYNTH-004768,James Rodriguez,business,221281.5,2,1,109,2,high_value,0
SYNTH-004769,Sofia Nakamura,business,346878.68,4,1,245,0,high_value,0
SYNTH-004770,Barbara Jones,home,93378.23,4,1,62,1,complex,1
SYNTH-004771,James Costa,motor,15662.05,2,1,8,1,simple,0
SYNTH-004772,Linda Davis,business,307783.57,6,1,105,1,high_value,0
SYNTH-004773,Susan Martinez,health,44169.84,2,1,218,1,simple,0
SYNTH-004774,Wei Silva,health,19280.94,5,1,127,1,complex,0
SYNTH-004775,John Miller,life,339356.43,1,1,41,3,high_value,0
SYNTH-004776,Elizabeth Kim,health,60770.95,2,1,91,0,simple,0
SYNTH-004777,Joseph Costa,life,650264.08,3,1,36,1,high_value,0
SYNTH-004778,Robert Smith,motor,28305.36,2,1,32,2,simple,0
SYNTH-004779,Kenji Garcia,life,300367.49,1,1,136,0,high_value,0
SYNTH-004780,Barbara Williams,business,240612.58,3,1,109,1,high_value,0
SYNTH-004781,Susan Silva,home,60113.69,2,1,131,2,simple,0
SYNTH-004782,Patricia Miller,motor,31014.38,4,1,148,0,complex,0
SYNTH-004783,Liam Miller,health,87837.51,1,1,32,0,simple,0
SYNTH-004784,Susan Sharma,health,61999.64,6,0,98,1,complex,0
SYNTH-004785,Priya Khan,home,34946.22,2,1,305,0,simple,0
SYNTH-004786,David Sharma,business,333804.3,4,1,3,3,high_value,0
SYNTH-004787,Elizabeth Williams,home,101078.97,4,1,144,0,complex,0
SYNTH-004788,Barbara Costa,life,153560.76,5,1,76,1,complex,0
SYNTH-004789,Michael Miller,health,67452.8,3,1,55,1,simple,0
SYNTH-004790,Fatima Williams,health,40246.27,3,1,62,1,simple,0
SYNTH-004791,Michael Williams,home,86479.68,6,1,390,3,complex,0
SYNTH-004792,Wei Garcia,motor,60605.05,4,1,154,0,complex,0
SYNTH-004793,Barbara Kim,motor,52198.04,2,1,205,0,simple,0
SYNTH-004794,Fatima Brown,business,291595.73,7,1,68,1,high_value,0
SYNTH-004795,Michael Martinez,life,373735.94,3,0,52,5,high_value,0
SYNTH-004796,Michael Davis,health,44882.94,3,1,61,1,simple,0
SYNTH-004797,Mary Williams,health,50883.56,6,1,134,2,complex,0
SYNTH-004798,Elizabeth Smith,motor,46894.03,3,1,29,3,simple,0
SYNTH-004799,Mary Silva,travel,24691.03,3,1,51,0,simple,0
SYNTH-004800,David Kim,motor,36320.86,1,1,245,1,simple,0
SYNTH-004801,Omar Martinez,travel,16620.01,2,1,3,1,simple,0
SYNTH-004802,Kenji Garcia,motor,11244.43,3,1,5,1,simple,0
SYNTH-004803,Wei Rodriguez,home,22821.44,1,1,68,0,simple,0
SYNTH-004804,Wei Brown,motor,34157.95,1,1,400,1,simple,0
SYNTH-004805,Richard Nakamura,health,81003.36,6,1,17,2,complex,0
SYNTH-004806,Sofia Jones,business,629936.4,3,1,15,0,high_value,0
SYNTH-004807,Richard Jones,life,440138.41,3,1,116,3,high_value,0
SYNTH-004808,John Novak,travel,4097.14,3,1,101,0,simple,0
SYNTH-004809,Richard Nakamura,motor,41183.17,1,1,5,3,simple,0
SYNTH-004810,Fatima Williams,life,176187.01,1,0,20,3,simple,0
SYNTH-004811,Liam Khan,business,397396.09,4,0,33,0,high_value,0
SYNTH-004812,Mary Miller,travel,30010.22,1,0,294,0,simple,0
SYNTH-004813,William Sharma,life,522648.7,6,0,6,0,high_value,0
SYNTH-004814,Arjun Kim,home,47637.94,3,1,54,6,simple,0
SYNTH-004815,Jennifer Johnson,health,124372.04,1,0,305,1,simple,0
SYNTH-004816,Sofia Smith,motor,28557.52,4,1,48,2,complex,0
SYNTH-004817,Richard Smith,business,36002.06,1,1,239,1,simple,0
SYNTH-004818,Jennifer Rodriguez,travel,20188.09,1,0,15,3,simple,0
SYNTH-004819,Jessica Rodriguez,health,67259.85,6,1,31,1,complex,0
SYNTH-004820,David Johnson,travel,14722.9,4,1,164,4,complex,0
SYNTH-004821,Priya Costa,business,344785.49,1,1,189,0,high_value,0
SYNTH-004822,Mary Brown,motor,26713.46,1,1,579,3,simple,0
SYNTH-004823,Robert Davis,travel,32545.01,5,1,273,3,complex,0
SYNTH-004824,Joseph Nakamura,home,73758.58,2,1,112,3,simple,0
SYNTH-004825,Wei Davis,motor,45814.93,3,1,160,0,simple,0
SYNTH-004826,Sofia Jones,health,101190.86,3,1,36,2,simple,0
SYNTH-004827,Omar Miller,life,789219.34,1,1,7,0,simple,0
SYNTH-004828,Fatima Rodriguez,home,74366.43,4,1,138,1,complex,0
SYNTH-004829,Fatima Smith,business,469472.23,1,1,41,1,high_value,0
SYNTH-004830,Kenji Rodriguez,life,555386.97,6,1,8,1,high_value,0
SYNTH-004831,Linda Garcia,home,84811.17,2,1,367,0,simple,0
SYNTH-004832,Elena Brown,business,426633.72,6,1,213,0,high_value,0
SYNTH-004833,Barbara Davis,motor,29234.11,1,1,120,2,simple,0
SYNTH-004834,John Silva,motor,85863.13,1,1,145,3,simple,0
SYNTH-004835,Kenji Davis,travel,4247.46,3,1,156,1,simple,0
SYNTH-004836,Arjun Rodriguez,life,493961.49,1,1,184,2,high_value,1
SYNTH-004837,Kenji Silva,home,153179.41,2,1,13,0,simple,0
SYNTH-004838,Jennifer Khan,motor,26483.63,6,1,563,0,complex,0
SYNTH-004839,Jennifer Costa,business,357454.6,1,1,145,0,high_value,0
SYNTH-004840,Patricia Costa,life,269936.62,4,1,54,4,high_value,0
SYNTH-004841,Priya Costa,life,251406.62,1,1,92,1,high_value,0
SYNTH-004842,Susan Novak,motor,13983.34,3,1,249,1,simple,0
SYNTH-004843,Richard Rodriguez,travel,17498.89,4,1,35,2,complex,0
SYNTH-004844,Kenji Rodriguez,motor,26558.15,1,1,44,0,simple,0
SYNTH-004845,John Davis,home,84707.52,4,1,124,0,complex,0
SYNTH-004846,Barbara Sharma,motor,53107.92,2,1,6,0,simple,0
SYNTH-004847,Jessica Rodriguez,home,67905.08,3,1,77,0,simple,0
SYNTH-004848,Liam Williams,home,101974.87,3,1,118,1,simple,0
SYNTH-004849,Jennifer Silva,business,66953.58,2,1,103,3,simple,0
SYNTH-004850,Patricia Novak,travel,24837.54,3,1,79,0,simple,0
SYNTH-004851,Barbara Sharma,travel,15553.18,9,1,11,1,complex,0
SYNTH-004852,Patricia Nakamura,health,49745.83,1,1,284,0,simple,0
SYNTH-004853,James Johnson,travel,5727.34,5,1,83,0,complex,0
SYNTH-004854,Jennifer Johnson,home,164561.02,1,1,268,1,simple,0
SYNTH-004855,Elena Sharma,health,79528.22,1,1,333,0,simple,1
SYNTH-004856,William Jones,home,73863.32,4,1,39,0,complex,0
SYNTH-004857,Michael Martinez,life,677614.45,4,1,34,1,high_value,0
SYNTH-004858,Mary Costa,business,628352.86,3,1,61,0,high_value,0
SYNTH-004859,Omar Costa,motor,23330.52,2,1,431,0,simple,0
SYNTH-004860,Elizabeth Smith,health,80193.45,4,1,52,1,complex,0
SYNTH-004861,Kenji Davis,health,51048.91,1,1,14,1,simple,0
SYNTH-004862,Kenji Novak,motor,55769.44,5,1,340,2,complex,0
SYNTH-004863,James Khan,health,61275.5,5,1,179,0,complex,0
SYNTH-004864,Susan Novak,life,539383.72,1,1,4,2,high_value,0
SYNTH-004865,Amara Jones,motor,63233.37,3,1,35,0,simple,0
SYNTH-004866,Richard Martinez,travel,26635.86,2,0,18,2,simple,0
SYNTH-004867,Amara Costa,home,133423.77,3,1,265,3,simple,0
SYNTH-004868,Robert Costa,motor,26713.0,1,1,178,3,simple,0
SYNTH-004869,Barbara Sharma,motor,29107.44,4,1,76,1,complex,0
SYNTH-004870,Michael Davis,business,352670.85,3,1,227,1,high_value,0
SYNTH-004871,Arjun Jones,health,62686.79,2,1,127,1,simple,0
SYNTH-004872,Michael Khan,health,52406.04,2,1,101,0,simple,0
SYNTH-004873,Richard Smith,travel,27266.79,1,1,1,1,simple,0
SYNTH-004874,Jessica Sharma,travel,16468.11,4,1,72,3,complex,1
SYNTH-004875,Patricia Costa,health,60191.0,2,1,16,0,simple,0
SYNTH-004876,Fatima Rodriguez,health,42122.15,2,1,85,1,simple,0
SYNTH-004877,David Miller,motor,46648.8,4,0,52,0,complex,0
SYNTH-004878,Jennifer Costa,business,525047.9,4,0,86,0,high_value,0
SYNTH-004879,Liam Novak,business,243291.13,4,1,108,1,high_value,0
SYNTH-004880,David Johnson,motor,67071.61,5,1,30,0,complex,0
SYNTH-004881,William Miller,travel,40941.52,3,0,121,0,simple,0
SYNTH-004882,Arjun Novak,business,688859.72,1,1,92,1,high_value,0
SYNTH-004883,Fatima Garcia,business,320712.94,3,1,165,3,high_value,0
SYNTH-004884,Wei Johnson,life,405287.84,9,1,403,1,high_value,0
SYNTH-004885,Patricia Khan,travel,31656.29,4,1,74,1,complex,0
SYNTH-004886,Mary Johnson,life,424008.35,2,1,146,1,high_value,0
SYNTH-004887,Joseph Davis,health,104291.36,6,0,54,0,complex,0
SYNTH-004888,Liam Rodriguez,motor,75130.86,2,1,30,1,simple,0
SYNTH-004889,Barbara Kim,business,499457.54,2,1,380,1,high_value,0
SYNTH-004890,William Novak,home,77469.59,3,1,76,2,simple,0
SYNTH-004891,Barbara Kim,motor,34154.49,6,0,204,3,complex,0
SYNTH-004892,Robert Khan,life,263889.28,6,1,30,2,high_value,0
SYNTH-004893,Omar Khan,motor,71862.45,3,1,294,1,high_value,0
SYNTH-004894,Priya Brown,travel,34044.7,3,1,7,0,simple,0
SYNTH-004895,William Brown,business,613117.83,1,1,143,1,high_value,0
SYNTH-004896,Sofia Martinez,life,410787.25,2,1,106,0,high_value,0
SYNTH-004897,Omar Kim,travel,19080.35,4,0,199,1,simple,0
SYNTH-004898,Liam Novak,business,486821.98,4,1,72,0,high_value,0
SYNTH-004899,Elizabeth Brown,business,504917.66,4,1,19,3,high_value,0
SYNTH-004900,Mary Costa,home,102215.87,4,1,37,2,complex,0
SYNTH-004901,Elena Nakamura,business,475067.95,3,1,74,0,high_value,0
SYNTH-004902,Patricia Smith,health,79099.92,1,0,56,0,high_value,0
SYNTH-004903,Mary Brown,health,9772.79,7,1,9,0,complex,1
SYNTH-004904,Omar Rodriguez,travel,37070.74,5,1,114,0,complex,0
SYNTH-004905,Jennifer Costa,home,61937.99,3,0,136,1,simple,0
SYNTH-004906,Robert Brown,motor,50467.18,4,1,221,1,complex,0
SYNTH-004907,Liam Silva,business,198153.17,1,1,11,2,simple,0
SYNTH-004908,Omar Silva,travel,35871.95,2,1,14,1,simple,0
SYNTH-004909,Barbara Costa,travel,6038.1,4,1,349,2,complex,0
SYNTH-004910,Robert Miller,home,104923.43,1,1,44,1,simple,0
SYNTH-004911,Barbara Brown,motor,22935.42,4,1,277,1,complex,0
SYNTH-004912,Wei Kim,life,822204.96,5,1,98,1,high_value,0
SYNTH-004913,Linda Silva,motor,72790.87,2,1,423,5,simple,0
SYNTH-004914,Amara Silva,travel,23170.84,4,1,82,1,complex,0
SYNTH-004915,William Costa,travel,22367.39,2,1,314,1,simple,0
SYNTH-004916,Liam Smith,health,43762.82,3,1,143,1,simple,0
SYNTH-004917,Omar Khan,business,470018.62,5,0,42,0,high_value,0
SYNTH-004918,Richard Smith,business,265326.33,6,1,83,1,high_value,0
SYNTH-004919,Liam Silva,home,55106.64,2,1,152,1,simple,0
SYNTH-004920,William Williams,life,654985.98,5,1,27,1,high_value,0
SYNTH-004921,Susan Brown,life,254790.66,1,1,160,2,high_value,0
SYNTH-004922,Omar Garcia,health,80473.31,3,1,505,5,simple,0
SYNTH-004923,Jennifer Nakamura,health,53848.6,7,1,103,2,complex,0
SYNTH-004924,Arjun Jones,health,85583.66,1,1,13,0,simple,0
SYNTH-004925,Elena Sharma,motor,12941.77,2,1,113,1,simple,0
SYNTH-004926,Barbara Miller,travel,18958.12,1,1,19,3,simple,0
SYNTH-004927,John Brown,life,691846.55,4,1,349,1,high_value,0
SYNTH-004928,Elena Sharma,home,151161.51,1,0,138,1,simple,0
SYNTH-004929,James Sharma,health,26536.45,3,1,73,3,simple,0
SYNTH-004930,Arjun Brown,life,485900.09,6,0,202,3,high_value,0
SYNTH-004931,Susan Costa,business,63446.85,5,1,61,1,complex,0
SYNTH-004932,Jessica Williams,motor,29771.57,2,1,104,4,simple,0
SYNTH-004933,John Rodriguez,motor,81559.95,5,1,74,1,complex,1
SYNTH-004934,Mary Brown,business,502028.96,3,1,169,3,high_value,0
SYNTH-004935,Richard Smith,health,52309.79,2,1,60,2,simple,0
SYNTH-004936,Elizabeth Kim,life,316939.79,2,0,17,1,high_value,0
SYNTH-004937,Liam Novak,travel,11713.4,1,0,4,0,simple,0
SYNTH-004938,Richard Jones,travel,13209.17,4,0,11,0,complex,0
SYNTH-004939,Amara Williams,business,695347.1,2,1,82,1,complex,0
SYNTH-004940,Mary Martinez,business,360295.5,1,1,101,1,high_value,0
SYNTH-004941,Liam Martinez,home,112943.23,4,1,70,0,complex,0
SYNTH-004942,Linda Garcia,health,74000.11,1,1,108,0,simple,0
SYNTH-004943,William Silva,travel,13785.93,1,1,124,1,simple,0
SYNTH-004944,Mary Sharma,travel,19299.35,4,1,11,1,complex,0
SYNTH-004945,James Nakamura,business,549665.4,1,1,26,0,high_value,0
SYNTH-004946,Kenji Novak,motor,49176.65,1,1,34,1,simple,0
SYNTH-004947,Liam Brown,business,367803.28,3,0,50,0,high_value,0
SYNTH-004948,Arjun Williams,business,365502.48,2,1,19,0,high_value,0
SYNTH-004949,Richard Jones,business,316782.45,2,1,92,2,high_value,0
SYNTH-004950,Jennifer Brown,home,19705.59,2,1,47,1,simple,0
SYNTH-004951,Richard Jones,motor,81891.09,3,1,19,0,simple,0
SYNTH-004952,Jennifer Brown,motor,21387.52,3,1,135,0,simple,1
SYNTH-004953,Amara Costa,travel,17837.49,4,1,317,1,complex,1
SYNTH-004954,Wei Davis,travel,41434.4,2,1,59,1,simple,1
SYNTH-004955,Priya Martinez,life,774298.43,3,1,29,0,high_value,0
SYNTH-004956,Susan Khan,life,383674.18,3,1,159,1,high_value,0
SYNTH-004957,Jessica Martinez,travel,40758.82,6,1,616,0,complex,0
SYNTH-004958,Amara Khan,motor,30648.2,2,1,110,1,simple,0
SYNTH-004959,Mary Williams,health,93794.73,1,0,122,1,simple,0
SYNTH-004960,David Khan,life,362384.53,2,1,70,4,high_value,0
SYNTH-004961,Fatima Smith,home,96451.33,3,1,45,1,simple,0
SYNTH-004962,Patricia Novak,life,478689.79,1,1,30,0,high_value,0
SYNTH-004963,Mary Khan,travel,21682.21,1,0,92,3,simple,1
SYNTH-004964,Elizabeth Williams,travel,32994.22,3,1,47,1,simple,0
SYNTH-004965,David Williams,life,496090.67,3,1,10,0,high_value,0
SYNTH-004966,Sofia Sharma,travel,12431.68,1,1,37,3,simple,0
SYNTH-004967,Elena Kim,life,296402.45,2,1,61,1,high_value,0
SYNTH-004968,Mary Smith,travel,33328.66,7,1,51,1,complex,0
SYNTH-004969,Sofia Kim,travel,33354.01,3,1,309,0,simple,0
SYNTH-004970,Sofia Novak,business,384591.25,4,1,63,1,high_value,0
SYNTH-004971,Omar Silva,life,470038.47,2,0,3,0,high_value,0
SYNTH-004972,Elena Novak,business,352377.36,3,1,304,1,high_value,0
SYNTH-004973,Elizabeth Rodriguez,motor,60736.18,3,1,50,0,simple,0
SYNTH-004974,Joseph Miller,home,86969.78,2,1,255,1,simple,0
SYNTH-004975,David Martinez,health,90584.57,2,1,80,0,simple,0
SYNTH-004976,Fatima Khan,life,636154.03,2,1,204,1,high_value,0
SYNTH-004977,Patricia Brown,home,121728.4,1,1,102,1,simple,0
SYNTH-004978,Richard Martinez,health,50001.16,3,0,207,1,simple,0
SYNTH-004979,David Kim,travel,22991.73,2,1,205,0,simple,0
SYNTH-004980,Richard Miller,life,338647.72,4,1,13,1,high_value,0
SYNTH-004981,James Miller,motor,33443.88,3,1,173,1,simple,0
SYNTH-004982,Richard Costa,home,73858.13,2,0,342,2,simple,0
SYNTH-004983,Fatima Garcia,motor,26023.28,3,1,297,1,complex,0
SYNTH-004984,Robert Silva,business,439352.82,1,1,522,1,high_value,0
SYNTH-004985,Joseph Kim,home,48225.9,2,1,182,1,simple,0
SYNTH-004986,Michael Silva,travel,10656.71,3,1,176,4,simple,0
SYNTH-004987,Kenji Kim,life,493453.82,1,1,26,0,high_value,0
SYNTH-004988,Elena Davis,health,39951.77,4,1,330,1,complex,0
SYNTH-004989,Jennifer Johnson,motor,22310.08,4,0,18,2,complex,0
SYNTH-004990,Elizabeth Miller,travel,18832.33,4,1,34,2,complex,0
SYNTH-004991,Mary Jones,life,556993.87,5,1,47,1,high_value,0
SYNTH-004992,Richard Smith,life,293584.19,2,1,70,3,high_value,0
SYNTH-004993,Richard Rodriguez,travel,25216.72,2,1,98,1,simple,0
SYNTH-004994,Barbara Jones,business,266077.84,3,1,42,3,high_value,0
SYNTH-004995,Elena Jones,life,427940.58,4,1,200,0,high_value,0
SYNTH-004996,Jessica Johnson,home,13824.18,2,1,52,1,simple,0
SYNTH-004997,Priya Sharma,health,98527.23,3,1,174,4,simple,0
SYNTH-004998,Patricia Brown,motor,7604.58,2,1,309,1,simple,0
SYNTH-004999,James Rodriguez,home,124317.56,8,1,666,1,complex,0
